# https://github.com/mikedh/trimesh

o geometry_0
v 49.11026218 93.85813739 6.76184857 0.32941176 0.02745098 0.31764706
v 45.46826242 85.18343677 4.30402320 0.32941176 0.02745098 0.31764706
v 45.95256844 87.71627680 3.75691383 0.32941176 0.02745098 0.31764706
v 47.25050989 93.85813739 3.00193561 0.32941176 0.02745098 0.31764706
v 48.76155656 93.85813739 11.37984001 0.32941176 0.02745098 0.31764706
v 45.48763863 85.11821345 10.06944361 0.32941176 0.02745098 0.31764706
v 8.66088530 -7.33582849 0.87503368 0.32941176 0.02745098 0.31764706
v 8.69962945 -7.41192098 -1.28512825 0.32941176 0.02745098 0.31764706
v 9.39703243 -5.59653739 -1.28512825 0.32941176 0.02745098 0.31764706
v 9.70698977 -4.71602680 -1.28512825 0.32941176 0.02745098 0.31764706
v 46.86306838 92.33626284 3.08175715 0.32941176 0.02745098 0.31764706
v 11.35363684 -0.03081744 -1.28512825 0.32941176 0.02745098 0.31764706
v 43.04673233 92.33626284 1.43544458 0.32941176 0.02745098 0.31764706
v 43.04673233 93.85813739 1.36892869 0.32941176 0.02745098 0.31764706
v 47.88980903 93.85813739 13.08269541 0.32941176 0.02745098 0.31764706
v 45.85570393 88.69462649 14.13866143 0.32941176 0.02745098 0.31764706
v 45.23579751 85.60738830 13.14921130 0.32941176 0.02745098 0.31764706
v 46.18503334 87.37929106 11.51786450 0.32941176 0.02745098 0.31764706
v 13.19400466 6.49151385 9.79671897 0.32941176 0.02745098 0.31764706
v 36.16956292 62.21396144 9.37433257 0.32941176 0.02745098 0.31764706
v 3.83718068 -16.24968401 9.22799514 0.32941176 0.02745098 0.31764706
v 3.85655275 -16.26055319 6.76184857 0.32941176 0.02745098 0.31764706
v 3.81780860 -16.22794566 4.25413319 0.32941176 0.02745098 0.31764706
v 6.54930429 -10.81440243 -1.28512825 0.32941176 0.02745098 0.31764706
v 12.61283413 4.90441599 -1.28512825 0.32941176 0.02745098 0.31764706
v 38.43611641 93.85813739 1.19764420 0.32941176 0.02745098 0.31764706
v 11.60547795 9.07869976 -1.28512825 0.32941176 0.02745098 0.31764706
v 46.94055668 93.85813739 14.55772762 0.32941176 0.02745098 0.31764706
v 46.53373896 92.33626284 14.51615054 0.32941176 0.02745098 0.31764706
v 41.40008526 78.48717802 14.23345286 0.32941176 0.02745098 0.31764706
v 40.91577924 75.74779887 13.86428082 0.32941176 0.02745098 0.31764706
v 8.85461018 -3.42242972 10.43196282 0.32941176 0.02745098 0.31764706
v 4.30211875 -13.54291240 11.01233220 0.32941176 0.02745098 0.31764706
v 3.85655275 -11.77101377 13.75286351 0.32941176 0.02745098 0.31764706
v 2.55861130 -14.84737865 12.30776284 0.32941176 0.02745098 0.31764706
v -0.52158587 -16.31489906 13.79277221 0.32941176 0.02745098 0.31764706
v 1.20254950 -16.68450059 11.01233220 0.32941176 0.02745098 0.31764706
v 1.47375856 -17.19541792 6.76184857 0.32941176 0.02745098 0.31764706
v 8.25406758 -2.11796346 13.51007041 0.32941176 0.02745098 0.31764706
v 0.67949520 -16.55405397 -1.28512825 0.32941176 0.02745098 0.31764706
v 2.44237472 -15.92355919 -1.28512825 0.32941176 0.02745098 0.31764706
v 2.82982036 -15.72789751 -1.28512825 0.32941176 0.02745098 0.31764706
v 4.78642477 -13.55378157 -1.28512825 0.32941176 0.02745098 0.31764706
v 9.66824562 11.55718565 -1.28512825 0.32941176 0.02745098 0.31764706
v -108.23161014 93.85813739 -1.28512825 0.32941176 0.02745098 0.31764706
v 44.57713869 93.85813739 15.24451745 0.32941176 0.02745098 0.31764706
v 43.04673233 92.33626284 15.52389491 0.32941176 0.02745098 0.31764706
v 38.43611641 78.48717802 15.22124288 0.32941176 0.02745098 0.31764706
v 32.85689258 60.00723798 14.48289053 0.32941176 0.02745098 0.31764706
v 13.34898539 10.64405927 13.94243812 0.32941176 0.02745098 0.31764706
v 17.74649609 20.50365695 13.77281786 0.32941176 0.02745098 0.31764706
v 22.06651849 30.29802307 13.30885438 0.32941176 0.02745098 0.31764706
v 4.32149083 -9.27078127 14.03556119 0.32941176 0.02745098 0.31764706
v 1.47375856 -9.27078127 14.67745373 0.32941176 0.02745098 0.31764706
v 1.20254950 -13.54291240 14.05218706 0.32941176 0.02745098 0.31764706
v 8.91272641 0.95840143 14.03556119 0.32941176 0.02745098 0.31764706
v -3.13684911 -9.27078127 14.92855977 0.32941176 0.02745098 0.31764706
v -2.88500799 -13.93425227 14.24509015 0.32941176 0.02745098 0.31764706
v -1.18024470 -16.31489906 13.79277221 0.32941176 0.02745098 0.31764706
v -2.88500799 -16.68450059 11.04891656 0.32941176 0.02745098 0.31764706
v -1.95513598 -16.55405397 -1.28512825 0.32941176 0.02745098 0.31764706
v -3.13684911 -17.18454874 6.76184857 0.32941176 0.02745098 0.31764706
v -119.95185211 93.85813739 -1.28512825 0.32941176 0.02745098 0.31764706
v 43.04673233 93.85813739 15.59207504 0.32941176 0.02745098 0.31764706
v 38.43611641 83.10716406 15.57876938 0.32941176 0.02745098 0.31764706
v 29.19553314 60.00723798 15.37588912 0.32941176 0.02745098 0.31764706
v 10.71435008 13.82914068 14.93687684 0.32941176 0.02745098 0.31764706
v 5.30947494 -4.65080349 14.32657593 0.32941176 0.02745098 0.31764706
v 9.61012939 4.58916860 14.28499886 0.32941176 0.02745098 0.31764706
v 13.91077971 13.82914068 14.22180732 0.32941176 0.02745098 0.31764706
v 6.10374242 4.58916860 14.96015967 0.32941176 0.02745098 0.31764706
v 1.47375856 -4.65080349 14.95849130 0.32941176 0.02745098 0.31764706
v -7.74745677 -9.27078127 14.78555082 0.32941176 0.02745098 0.31764706
v 1.47375856 -0.03081744 15.00505696 0.32941176 0.02745098 0.31764706
v -137.05758890 46.14728811 14.95517108 0.32941176 0.02745098 0.31764706
v -141.68757690 46.14728811 14.87534541 0.32941176 0.02745098 0.31764706
v -7.74745677 -12.49933939 14.17358155 0.32941176 0.02745098 0.31764706
v -14.23718053 -11.26009644 13.32714862 0.32941176 0.02745098 0.31764706
v -12.57116139 -12.60804766 11.62429322 0.32941176 0.02745098 0.31764706
v -11.15698336 -11.95581453 13.94742671 0.32941176 0.02745098 0.31764706
v -34.11316439 -2.68323492 13.93910964 0.32941176 0.02745098 0.31764706
v -126.01538196 34.43969931 13.82603222 0.32941176 0.02745098 0.31764706
v -47.13135297 2.23026016 13.72625220 0.32941176 0.02745098 0.31764706
v -15.55449612 -11.93407618 10.24737680 0.32941176 0.02745098 0.31764706
v -5.59713161 -16.24968401 9.28952244 0.32941176 0.02745098 0.31764706
v -5.51964330 -16.21707648 4.36222615 0.32941176 0.02745098 0.31764706
v -10.84702602 -12.97764919 -1.28512825 0.32941176 0.02745098 0.31764706
v -5.59713161 -16.26055319 6.76184857 0.32941176 0.02745098 0.31764706
v -120.97857625 92.28190870 -1.28512825 0.32941176 0.02745098 0.31764706
v -127.62327662 93.85813739 2.91213689 0.32941176 0.02745098 0.31764706
v 39.94716308 93.85813739 15.70349235 0.32941176 0.02745098 0.31764706
v 38.43611641 87.71627680 15.66690386 0.32941176 0.02745098 0.31764706
v 33.80613667 73.86719197 15.54883785 0.32941176 0.02745098 0.31764706
v 15.34432982 27.68909055 15.17134874 0.32941176 0.02745098 0.31764706
v 29.19553314 64.62722402 15.50726078 0.32941176 0.02745098 0.31764706
v -132.44699363 41.52730207 14.77224517 0.32941176 0.02745098 0.31764706
v -77.02282066 18.44911847 14.69075939 0.32941176 0.02745098 0.31764706
v 33.80613667 78.48717802 15.62200657 0.32941176 0.02745098 0.31764706
v -123.20639384 87.71627680 15.22789158 0.32941176 0.02745098 0.31764706
v -132.44699363 64.62722402 15.06990861 0.32941176 0.02745098 0.31764706
v -137.05758890 50.76727415 14.97512543 0.32941176 0.02745098 0.31764706
v -137.05758890 55.38725606 14.99009120 0.32941176 0.02745098 0.31764706
v -132.44699363 69.24721006 15.06492002 0.32941176 0.02745098 0.31764706
v -137.05758890 60.00723798 14.94519390 0.32941176 0.02745098 0.31764706
v -141.68757690 50.76727415 14.74231364 0.32941176 0.02745098 0.31764706
v -145.17458353 46.14728811 14.24010156 0.32941176 0.02745098 0.31764706
v -144.80651823 43.29920069 14.00396129 0.32941176 0.02745098 0.31764706
v -141.68757690 42.46216680 14.23844145 0.32941176 0.02745098 0.31764706
v -123.20639384 33.98313612 14.06549272 0.32941176 0.02745098 0.31764706
v -93.12120539 20.79715773 13.65142338 0.32941176 0.02745098 0.31764706
v -135.85651196 38.90750037 13.90418952 0.32941176 0.02745098 0.31764706
v -138.93670088 39.46189440 13.41361886 0.32941176 0.02745098 0.31764706
v -116.05801125 30.13496066 13.56328477 0.32941176 0.02745098 0.31764706
v -140.29277094 38.83140789 10.33385117 0.32941176 0.02745098 0.31764706
v -84.42304437 15.93802505 9.80170756 0.32941176 0.02745098 0.31764706
v -7.90243337 -15.33655763 6.76184857 0.32941176 0.02745098 0.31764706
v -130.35477643 34.52666923 9.41258117 0.32941176 0.02745098 0.31764706
v -64.04337726 7.48073272 6.76184857 0.32941176 0.02745098 0.31764706
v -84.63613720 15.86192430 6.76184857 0.32941176 0.02745098 0.31764706
v -107.30173400 25.26495880 4.06123010 0.32941176 0.02745098 0.31764706
v -84.38429609 15.97063258 3.85170114 0.32941176 0.02745098 0.31764706
v -112.76472537 28.38480038 -1.28512825 0.32941176 0.02745098 0.31764706
v -145.15522384 54.58283383 -1.28512825 0.32941176 0.02745098 0.31764706
v -130.37415264 90.60784505 4.08617717 0.32941176 0.02745098 0.31764706
v -129.42490029 93.85813739 6.76184857 0.32941176 0.02745098 0.31764706
v -146.80187091 51.88693965 -1.28512825 0.32941176 0.02745098 0.31764706
v -118.59579031 93.85813739 15.26946040 0.32941176 0.02745098 0.31764706
v -123.20639384 36.92906264 14.61925078 0.32941176 0.02745098 0.31764706
v -121.69536369 93.85813739 15.24784593 0.32941176 0.02745098 0.31764706
v -123.20639384 92.33626284 15.22290299 0.32941176 0.02745098 0.31764706
v -127.83638184 78.48717802 15.15139439 0.32941176 0.02745098 0.31764706
v -127.83638184 83.10716406 15.06658839 0.32941176 0.02745098 0.31764706
v -132.44699363 73.86719197 14.86536823 0.32941176 0.02745098 0.31764706
v -140.46712375 60.00723798 14.27003309 0.32941176 0.02745098 0.31764706
v -144.67091783 50.76727415 14.09376413 0.32941176 0.02745098 0.31764706
v -147.61550634 46.20164225 11.26509835 0.32941176 0.02745098 0.31764706
v -148.77784739 43.60357891 9.64871731 0.32941176 0.02745098 0.31764706
v -146.33692458 42.60348260 11.26509835 0.32941176 0.02745098 0.31764706
v -141.78444141 40.12499671 11.67584334 0.32941176 0.02745098 0.31764706
v -142.83054174 39.67931095 6.76184857 0.32941176 0.02745098 0.31764706
v -120.06807631 30.33063059 6.76184857 0.32941176 0.02745098 0.31764706
v -109.78139270 26.12373104 6.76184857 0.32941176 0.02745098 0.31764706
v -130.14168773 34.61363090 4.44204769 0.32941176 0.02745098 0.31764706
v -141.64882449 40.15761250 -1.28512825 0.32941176 0.02745098 0.31764706
v -147.34428903 50.76727415 -1.28512825 0.32941176 0.02745098 0.31764706
v -130.45164094 90.81438416 10.48684142 0.32941176 0.02745098 0.31764706
v -128.82437008 93.85813739 11.64092322 0.32941176 0.02745098 0.31764706
v -134.79103542 80.90044059 9.26624374 0.32941176 0.02745098 0.31764706
v -123.20639384 93.85813739 15.13642862 0.32941176 0.02745098 0.31764706
v -125.87978156 93.85813739 14.61094198 0.32941176 0.02745098 0.31764706
v -139.86657702 63.65974350 14.03390108 0.32941176 0.02745098 0.31764706
v -127.17772301 92.33626284 14.44132172 0.32941176 0.02745098 0.31764706
v -144.14785940 53.51752247 13.80939809 0.32941176 0.02745098 0.31764706
v -148.77784739 44.69062861 9.64871731 0.32941176 0.02745098 0.31764706
v -146.27881248 50.76727415 11.37984001 0.32941176 0.02745098 0.31764706
v -148.79720708 43.58184055 6.76184857 0.32941176 0.02745098 0.31764706
v -146.29818869 41.73384118 6.76184857 0.32941176 0.02745098 0.31764706
v -146.35630079 42.51652094 -1.28512825 0.32941176 0.02745098 0.31764706
v -144.94211862 41.78819532 -1.28512825 0.32941176 0.02745098 0.31764706
v -148.39038937 46.10380315 -1.28512825 0.32941176 0.02745098 0.31764706
v -148.39038937 47.14737615 6.76184857 0.32941176 0.02745098 0.31764706
v -147.18931242 50.76727415 6.76184857 0.32941176 0.02745098 0.31764706
v -130.06419943 89.92300026 13.56660912 0.32941176 0.02745098 0.31764706
v -144.10910699 57.98531528 9.52566271 0.32941176 0.02745098 0.31764706
v -128.37879995 93.85813739 12.54556322 0.32941176 0.02745098 0.31764706
v -126.84839360 93.85813739 14.34487017 0.32941176 0.02745098 0.31764706
v -134.96538823 76.72614857 13.85929223 0.32941176 0.02745098 0.31764706
v -130.60661755 86.83576207 14.04220988 0.32941176 0.02745098 0.31764706
v -139.22729440 66.73611251 13.51173465 0.32941176 0.02745098 0.31764706
v -148.79720708 44.83195268 6.76184857 0.32941176 0.02745098 0.31764706
v -144.61278921 55.19158613 11.19192963 0.32941176 0.02745098 0.31764706
v -148.68098289 43.73402553 3.24971730 0.32941176 0.02745098 0.31764706
v -148.68098289 44.32103535 3.24971730 0.32941176 0.02745098 0.31764706
f 1 2 3
f 1 3 4
f 1 4 14
f 1 14 26
f 1 26 45
f 1 45 63
f 1 63 90
f 1 90 125
f 1 125 147
f 1 147 165
f 1 165 166
f 1 166 150
f 1 150 149
f 1 149 129
f 1 129 127
f 1 127 91
f 1 91 64
f 1 64 46
f 1 46 28
f 1 28 15
f 1 15 5
f 1 5 6
f 1 6 7
f 1 7 8
f 1 8 2
f 2 8 9
f 2 9 10
f 2 10 3
f 3 11 4
f 3 10 12
f 3 12 11
f 4 13 14
f 4 11 12
f 4 12 13
f 5 15 16
f 5 16 17
f 5 17 18
f 5 18 6
f 6 18 17
f 6 17 19
f 6 19 20
f 6 20 7
f 7 19 21
f 7 21 8
f 7 20 19
f 8 21 22
f 8 22 23
f 8 23 24
f 8 24 43
f 8 43 42
f 8 42 41
f 8 41 40
f 8 40 61
f 8 61 87
f 8 87 122
f 8 122 144
f 8 144 159
f 8 159 158
f 8 158 160
f 8 160 145
f 8 145 126
f 8 126 123
f 8 123 89
f 8 89 63
f 8 63 45
f 8 45 44
f 8 44 27
f 8 27 25
f 8 25 12
f 8 12 10
f 8 10 9
f 12 25 13
f 13 25 14
f 14 25 27
f 14 27 26
f 15 28 16
f 16 28 29
f 16 29 30
f 16 30 31
f 16 31 17
f 17 31 19
f 19 32 21
f 19 31 32
f 21 33 34
f 21 34 35
f 21 35 36
f 21 36 37
f 21 37 38
f 21 38 22
f 21 32 39
f 21 39 33
f 22 38 23
f 23 38 40
f 23 40 41
f 23 41 42
f 23 42 43
f 23 43 24
f 26 27 44
f 26 44 45
f 28 46 29
f 29 46 47
f 29 47 48
f 29 48 49
f 29 49 50
f 29 50 30
f 30 50 31
f 31 51 52
f 31 52 32
f 31 50 51
f 32 52 51
f 32 51 39
f 33 39 34
f 34 53 54
f 34 54 55
f 34 55 36
f 34 36 35
f 34 39 50
f 34 50 56
f 34 56 53
f 36 55 54
f 36 54 57
f 36 57 58
f 36 58 59
f 36 59 60
f 36 60 37
f 37 60 38
f 38 61 40
f 38 60 62
f 38 62 61
f 39 51 50
f 46 64 47
f 47 64 65
f 47 65 66
f 47 66 67
f 47 67 48
f 48 67 68
f 48 68 69
f 48 69 70
f 48 70 49
f 49 70 50
f 50 70 56
f 53 68 54
f 53 56 68
f 54 68 67
f 54 67 71
f 54 71 72
f 54 72 57
f 56 70 69
f 56 69 68
f 57 73 58
f 57 72 74
f 57 74 75
f 57 75 76
f 57 76 73
f 58 73 77
f 58 77 59
f 59 78 79
f 59 79 60
f 59 77 80
f 59 80 81
f 59 81 82
f 59 82 83
f 59 83 78
f 60 79 84
f 60 84 85
f 60 85 62
f 61 62 86
f 61 86 87
f 62 85 88
f 62 88 86
f 63 89 90
f 64 91 92
f 64 92 65
f 65 92 93
f 65 93 72
f 65 72 94
f 65 94 66
f 66 94 71
f 66 71 67
f 71 94 72
f 72 93 95
f 72 95 74
f 73 76 96
f 73 96 97
f 73 97 77
f 74 95 98
f 74 98 75
f 75 99 100
f 75 100 101
f 75 101 76
f 75 98 99
f 76 101 102
f 76 102 103
f 76 103 104
f 76 104 105
f 76 105 106
f 76 106 107
f 76 107 108
f 76 108 96
f 77 81 80
f 77 97 109
f 77 109 81
f 78 83 110
f 78 110 79
f 79 110 84
f 81 109 82
f 82 109 111
f 82 111 112
f 82 112 113
f 82 113 110
f 82 110 83
f 84 110 114
f 84 114 115
f 84 115 85
f 85 116 88
f 85 115 117
f 85 117 118
f 85 118 116
f 86 88 116
f 86 116 118
f 86 118 119
f 86 119 120
f 86 120 121
f 86 121 122
f 86 122 87
f 89 123 90
f 90 124 125
f 90 123 126
f 90 126 124
f 91 98 92
f 91 127 98
f 92 98 95
f 92 95 93
f 96 108 128
f 96 128 97
f 97 128 109
f 98 127 99
f 99 127 129
f 99 129 130
f 99 130 131
f 99 131 100
f 100 102 101
f 100 131 102
f 102 131 103
f 103 131 130
f 103 130 104
f 104 130 132
f 104 132 105
f 105 132 133
f 105 133 134
f 105 134 135
f 105 135 106
f 106 135 136
f 106 136 137
f 106 137 107
f 107 137 138
f 107 138 139
f 107 139 112
f 107 112 111
f 107 111 108
f 108 111 109
f 108 109 128
f 110 113 114
f 112 139 114
f 112 114 113
f 114 139 138
f 114 138 137
f 114 137 140
f 114 140 117
f 114 117 115
f 117 140 141
f 117 141 142
f 117 142 119
f 117 119 118
f 119 142 120
f 120 142 141
f 120 141 143
f 120 143 144
f 120 144 122
f 120 122 121
f 124 126 145
f 124 145 125
f 125 146 147
f 125 145 148
f 125 148 146
f 129 149 130
f 130 149 132
f 132 149 150
f 132 150 133
f 133 150 134
f 134 151 135
f 134 150 152
f 134 152 151
f 135 153 136
f 135 151 153
f 136 154 137
f 136 153 155
f 136 155 154
f 137 154 170
f 137 170 156
f 137 156 157
f 137 157 140
f 140 157 158
f 140 158 159
f 140 159 144
f 140 144 143
f 140 143 141
f 145 160 161
f 145 161 162
f 145 162 148
f 146 163 147
f 146 148 164
f 146 164 163
f 147 163 165
f 148 162 164
f 150 166 152
f 151 167 153
f 151 152 168
f 151 168 167
f 152 166 168
f 153 167 163
f 153 163 169
f 153 169 155
f 154 155 164
f 154 164 162
f 154 162 161
f 154 161 170
f 155 171 164
f 155 169 171
f 156 170 173
f 156 173 172
f 156 172 157
f 157 172 158
f 158 172 160
f 160 172 173
f 160 173 170
f 160 170 161
f 163 168 166
f 163 166 165
f 163 164 171
f 163 171 169
f 163 167 168

o geometry_1
v 49.26143952 93.85813326 -117.94787607 0.30980392 0.58431373 0.36078431
v 45.56948781 84.90639255 -121.79375134 0.30980392 0.58431373 0.36078431
v 49.01014352 93.85813326 -122.56720138 0.30980392 0.58431373 0.36078431
v 48.46891474 93.85813326 -116.36016290 0.30980392 0.58431373 0.36078431
v 45.49216470 85.06974816 -115.46039586 0.30980392 0.58431373 0.36078431
v 12.99922259 2.39137339 -107.93383038 0.30980392 0.58431373 0.36078431
v 26.95514497 39.05866120 -120.86094729 0.30980392 0.58431373 0.36078431
v 32.01948702 51.85464597 -122.56720138 0.30980392 0.58431373 0.36078431
v 45.35686163 85.40734096 -124.87394851 0.30980392 0.58431373 0.36078431
v 12.97989594 2.43493268 -108.71311145 0.30980392 0.58431373 0.36078431
v 45.93674371 88.48926845 -125.41031260 0.30980392 0.58431373 0.36078431
v 47.05787109 93.85813326 -125.89614657 0.30980392 0.58431373 0.36078431
v 47.27049728 93.85813326 -114.35074884 0.30980392 0.58431373 0.36078431
v 45.99474018 87.71606205 -114.97456188 0.30980392 0.58431373 0.36078431
v 46.90322486 92.34439820 -114.42459481 0.30980392 0.58431373 0.36078431
v 13.52112059 4.65653106 -107.93383038 0.30980392 0.58431373 0.36078431
v 12.82525797 2.03199681 -107.93383038 0.30980392 0.58431373 0.36078431
v 3.99166173 -16.42689452 -119.00311115 0.30980392 0.58431373 0.36078431
v 5.19009158 -13.88947061 -122.56720138 0.30980392 0.58431373 0.36078431
v 7.08438406 -9.26113446 -122.56720138 0.30980392 0.58431373 0.36078431
v 31.76819928 52.46450088 -125.17905354 0.30980392 0.58431373 0.36078431
v 36.69723002 65.53273537 -125.44918063 0.30980392 0.58431373 0.36078431
v 13.15386056 6.59498576 -125.04690551 0.30980392 0.58431373 0.36078431
v 46.65194538 92.34439820 -125.85339669 0.30980392 0.58431373 0.36078431
v 32.30942806 55.38306862 -125.64545350 0.30980392 0.58431373 0.36078431
v 37.39309677 69.24629328 -125.88837462 0.30980392 0.58431373 0.36078431
v 43.05664343 92.34439820 -126.97664670 0.30980392 0.58431373 0.36078431
v 43.05664343 93.85813326 -127.02134577 0.30980392 0.58431373 0.36078431
v 44.75765290 93.85813326 -113.43931973 0.30980392 0.58431373 0.36078431
v 43.05664343 93.85813326 -112.97291977 0.30980392 0.58431373 0.36078431
v 13.52112059 7.47709865 -107.93383038 0.30980392 0.58431373 0.36078431
v 4.62953615 -13.12715817 -107.93383038 0.30980392 0.58431373 0.36078431
v 3.64372835 -16.10018329 -115.92679995 0.30980392 0.58431373 0.36078431
v 1.86541228 -17.04762686 -117.66026001 0.30980392 0.58431373 0.36078431
v 1.47882148 -17.39611774 -122.56720138 0.30980392 0.58431373 0.36078431
v 3.97233095 -16.42689452 -122.56720138 0.30980392 0.58431373 0.36078431
v 3.83702375 -16.26352652 -124.95362552 0.30980392 0.58431373 0.36078431
v 8.82404269 -3.40221107 -125.37338548 0.30980392 0.58431373 0.36078431
v 4.39757918 -13.88947061 -125.52691671 0.30980392 0.58431373 0.36078431
v 9.50057867 -0.02625008 -125.93501461 0.30980392 0.58431373 0.36078431
v 6.09858039 -0.02625008 -127.38280367 0.30980392 0.58431373 0.36078431
v 19.95785713 32.30673922 -126.97275659 0.30980392 0.58431373 0.36078431
v 29.19737495 55.38306862 -126.90863176 0.30980392 0.58431373 0.36078431
v 38.43689278 78.48117767 -126.82117454 0.30980392 0.58431373 0.36078431
v 28.09559074 46.14818011 -125.92724266 0.30980392 0.58431373 0.36078431
v 5.34472955 -9.26113446 -126.20319253 0.30980392 0.58431373 0.36078431
v 33.81712974 69.24629328 -127.09713267 0.30980392 0.58431373 0.36078431
v 1.47882148 -9.26113446 -127.67236479 0.30980392 0.58431373 0.36078431
v 19.95785713 36.92418968 -127.41973079 0.30980392 0.58431373 0.36078431
v 38.43689278 83.09861986 -127.16126576 0.30980392 0.58431373 0.36078431
v 38.43689278 87.71606205 -127.15543472 0.30980392 0.58431373 0.36078431
v 38.43689278 93.85813326 -127.06798576 0.30980392 0.58431373 0.36078431
v -17.00021417 93.85813326 -108.01156233 0.30980392 0.58431373 0.36078431
v -12.38045526 92.34439820 -108.31861241 0.30980392 0.58431373 0.36078431
v -12.38045526 87.71606205 -108.11844944 0.30980392 0.58431373 0.36078431
v -17.00021417 92.34439820 -107.98824646 0.30980392 0.58431373 0.36078431
v -21.61997309 93.85813326 -107.98630140 0.30980392 0.58431373 0.36078431
v -109.02813240 93.85813326 -107.93383038 0.30980392 0.58431373 0.36078431
v 1.78809330 -15.43588339 -107.93383038 0.30980392 0.58431373 0.36078431
v -0.51212077 -16.25264082 -107.93383038 0.30980392 0.58431373 0.36078431
v -0.97603056 -16.25264082 -107.93383038 0.30980392 0.58431373 0.36078431
v -3.35356362 -16.97139397 -118.04115607 0.30980392 0.58431373 0.36078431
v 1.47882148 -16.66647890 -125.39865053 0.30980392 0.58431373 0.36078431
v -3.56618980 -17.03674117 -122.88785445 0.30980392 0.58431373 0.36078431
v -2.30976761 -16.75359749 -125.49776156 0.30980392 0.58431373 0.36078431
v 1.47882148 -13.88947061 -126.74150579 0.30980392 0.58431373 0.36078431
v 15.33809822 23.07185484 -127.30118574 0.30980392 0.58431373 0.36078431
v 24.57761191 46.14818011 -127.20790575 0.30980392 0.58431373 0.36078431
v -3.14093744 -9.26113446 -127.78507880 0.30980392 0.58431373 0.36078431
v 1.47882148 -4.64370053 -127.77535766 0.30980392 0.58431373 0.36078431
v 6.09858039 4.59119212 -127.69179881 0.30980392 0.58431373 0.36078431
v 15.33809822 27.68929703 -127.56742273 0.30980392 0.58431373 0.36078431
v 29.19737495 64.62884696 -127.32061976 0.30980392 0.58431373 0.36078431
v -137.07528022 55.38306862 -127.50134872 0.30980392 0.58431373 0.36078431
v -123.21600761 87.71606205 -127.26037678 0.30980392 0.58431373 0.36078431
v -118.59625283 93.85813326 -127.18653081 0.30980392 0.58431373 0.36078431
v -117.93904763 93.85813326 -107.93383038 0.30980392 0.58431373 0.36078431
v -1.38195215 -16.10018329 -107.93383038 0.30980392 0.58431373 0.36078431
v -5.71176589 -16.30710233 -119.64247223 0.30980392 0.58431373 0.36078431
v -5.71176589 -16.30710233 -121.56249228 0.30980392 0.58431373 0.36078431
v -5.38316329 -16.16552223 -124.64268946 0.30980392 0.58431373 0.36078431
v -38.20471523 -2.50921248 -125.09354550 0.30980392 0.58431373 0.36078431
v -48.10143722 1.84686568 -125.36173167 0.30980392 0.58431373 0.36078431
v -35.47924983 -3.03194054 -125.59493165 0.30980392 0.58431373 0.36078431
v -12.38045526 -12.37573142 -125.66683670 0.30980392 0.58431373 0.36078431
v -7.76069635 -13.35585686 -126.20125160 0.30980392 0.58431373 0.36078431
v -3.56618980 -14.32508008 -126.42667963 0.30980392 0.58431373 0.36078431
v -7.76069635 -9.26113446 -127.63738686 0.30980392 0.58431373 0.36078431
v -63.15914587 13.82607650 -127.60434985 0.30980392 0.58431373 0.36078431
v -95.49745826 27.68929703 -127.59462871 0.30980392 0.58431373 0.36078431
v -127.83577065 41.53073792 -127.54798871 0.30980392 0.58431373 0.36078431
v -90.87769935 27.68929703 -127.63155582 0.30980392 0.58431373 0.36078431
v 10.71833930 18.44351869 -127.64320963 0.30980392 0.58431373 0.36078431
v -137.07528022 50.76562230 -127.53049562 0.30980392 0.58431373 0.36078431
v -141.67571661 46.14818011 -127.39252481 0.30980392 0.58431373 0.36078431
v -141.67571661 50.76562230 -127.26231770 0.30980392 0.58431373 0.36078431
v -137.07528022 60.01140064 -127.36336965 0.30980392 0.58431373 0.36078431
v -132.45553370 69.24629328 -127.35753862 0.30980392 0.58431373 0.36078431
v -123.21600761 92.34439820 -127.18458163 0.30980392 0.58431373 0.36078431
v -123.21600761 93.85813326 -127.07381680 0.30980392 0.58431373 0.36078431
v -127.04326239 93.85813326 -114.52176078 0.30980392 0.58431373 0.36078431
v -145.32899851 54.45740057 -107.93383038 0.30980392 0.58431373 0.36078431
v -30.85949091 -4.18630315 -107.93383038 0.30980392 0.58431373 0.36078431
v -28.57860556 -6.96331145 -120.18466322 0.30980392 0.58431373 0.36078431
v -141.67571661 40.69219258 -107.93383038 0.30980392 0.58431373 0.36078431
v -28.57860556 -6.96331145 -120.42952526 0.30980392 0.58431373 0.36078431
v -84.24766741 16.01500954 -121.78597938 0.30980392 0.58431373 0.36078431
v -38.64929424 -2.68345792 -122.56720138 0.30980392 0.58431373 0.36078431
v -83.93839559 16.14569568 -124.86423150 0.30980392 0.58431373 0.36078431
v -126.57935672 34.19074894 -125.33646662 0.30980392 0.58431373 0.36078431
v -103.67384930 24.85785201 -125.42585651 0.30980392 0.58431373 0.36078431
v -90.87769935 19.92458428 -125.68043969 0.30980392 0.58431373 0.36078431
v -44.69943894 1.18255753 -125.87477163 0.30980392 0.58431373 0.36078431
v -100.11721718 24.17176420 -125.94084565 0.30980392 0.58431373 0.36078431
v -35.47924983 -0.02625008 -126.99608072 0.30980392 0.58431373 0.36078431
v -12.38045526 -9.26113446 -127.11462576 0.30980392 0.58431373 0.36078431
v -44.69943894 4.59119212 -127.29146460 0.30980392 0.58431373 0.36078431
v -100.11721718 27.68929703 -127.31867884 0.30980392 0.58431373 0.36078431
v -109.35673500 32.30673922 -127.43527470 0.30980392 0.58431373 0.36078431
v -137.07528022 46.14818011 -127.50912067 0.30980392 0.58431373 0.36078431
v -141.28911755 41.44361933 -125.88448451 0.30980392 0.58431373 0.36078431
v -145.21302209 42.91379096 -125.63574062 0.30980392 0.58431373 0.36078431
v -145.71558105 46.14818011 -126.07299368 0.30980392 0.58431373 0.36078431
v -132.45553370 41.53073792 -127.32839172 0.30980392 0.58431373 0.36078431
v -137.07528022 41.53073792 -126.69874765 0.30980392 0.58431373 0.36078431
v -145.19369544 50.76562230 -125.91947070 0.30980392 0.58431373 0.36078431
v -137.07528022 64.62884696 -126.84255774 0.30980392 0.58431373 0.36078431
v -132.45553370 73.86373548 -127.05632370 0.30980392 0.58431373 0.36078431
v -127.83577065 83.09861986 -127.14377266 0.30980392 0.58431373 0.36078431
v -127.83577065 87.71606205 -126.61712972 0.30980392 0.58431373 0.36078431
v -127.35253834 93.85813326 -125.78149164 0.30980392 0.58431373 0.36078431
v -128.41565273 93.85813326 -116.57587391 0.30980392 0.58431373 0.36078431
v -147.59054688 50.76562230 -107.93383038 0.30980392 0.58431373 0.36078431
v -147.20396434 51.39725686 -107.93383038 0.30980392 0.58431373 0.36078431
v -84.24766741 16.01500954 -119.38400720 0.30980392 0.58431373 0.36078431
v -107.07584345 25.36968611 -120.15551219 0.30980392 0.58431373 0.36078431
v -145.92820724 42.71777413 -107.93383038 0.30980392 0.58431373 0.36078431
v -141.50174373 39.84276155 -117.62528208 0.30980392 0.58431373 0.36078431
v -107.07584345 25.36968611 -120.40037423 0.30980392 0.58431373 0.36078431
v -142.12029563 39.98433339 -122.56720138 0.30980392 0.58431373 0.36078431
v -139.49147483 39.17845339 -124.93419150 0.30980392 0.58431373 0.36078431
v -137.07528022 38.69928463 -125.39476868 0.30980392 0.58431373 0.36078431
v -123.21600761 33.53733473 -125.84756565 0.30980392 0.58431373 0.36078431
v -90.87769935 23.07185484 -127.07186761 0.30980392 0.58431373 0.36078431
v -58.53938696 9.20863431 -126.87170464 0.30980392 0.58431373 0.36078431
v -123.21600761 36.92418968 -127.17291956 0.30980392 0.58431373 0.36078431
v -132.45553370 37.78451466 -125.99914771 0.30980392 0.58431373 0.36078431
v -146.02485700 42.29305036 -122.56720138 0.30980392 0.58431373 0.36078431
v -147.76451977 46.14818011 -122.56720138 0.30980392 0.58431373 0.36078431
v -144.51716359 54.32672268 -125.42974661 0.30980392 0.58431373 0.36078431
v -140.07135691 64.62884696 -125.55800454 0.30980392 0.58431373 0.36078431
v -135.79953964 73.86373548 -125.80869761 0.30980392 0.58431373 0.36078431
v -140.97985811 60.01140064 -126.06522172 0.30980392 0.58431373 0.36078431
v -131.58570231 83.09861986 -125.93695554 0.30980392 0.58431373 0.36078431
v -130.21329545 90.18813877 -124.95945655 0.30980392 0.58431373 0.36078431
v -128.89890157 93.85813326 -122.56720138 0.30980392 0.58431373 0.36078431
v -130.69654428 87.71606205 -125.40642249 0.30980392 0.58431373 0.36078431
v -128.82157845 93.85813326 -117.69912805 0.30980392 0.58431373 0.36078431
v -147.59054688 50.76562230 -108.71311145 0.30980392 0.58431373 0.36078431
v -148.20909878 46.14818011 -108.71311145 0.30980392 0.58431373 0.36078431
v -148.09312237 46.93228045 -107.93383038 0.30980392 0.58431373 0.36078431
v -130.32927186 90.50395604 -118.84375714 0.30980392 0.58431373 0.36078431
v -128.89890157 93.85813326 -121.41480034 0.30980392 0.58431373 0.36078431
v -139.83940408 39.04777551 -118.94869919 0.30980392 0.58431373 0.36078431
v -146.31480630 43.29494718 -107.93383038 0.30980392 0.58431373 0.36078431
v -146.08285347 42.29305036 -117.94787607 0.30980392 0.58431373 0.36078431
v -148.07379572 46.14818011 -117.94787607 0.30980392 0.58431373 0.36078431
v -147.45524382 50.76562230 -113.33049170 0.30980392 0.58431373 0.36078431
v -147.04933462 50.76562230 -117.94787607 0.30980392 0.58431373 0.36078431
v -146.58541244 50.76562230 -122.56720138 0.30980392 0.58431373 0.36078431
v -139.53014465 67.28605481 -125.06439860 0.30980392 0.58431373 0.36078431
v -135.18098774 77.22880251 -125.33257652 0.30980392 0.58431373 0.36078431
v -144.84576619 55.14348424 -122.56720138 0.30980392 0.58431373 0.36078431
v -135.49026369 77.98022926 -122.56720138 0.30980392 0.58431373 0.36078431
v -130.32927186 90.51484587 -122.56720138 0.30980392 0.58431373 0.36078431
v -148.18977213 46.14818011 -107.93383038 0.30980392 0.58431373 0.36078431
f 174 175 176
f 174 176 185
f 174 185 201
f 174 201 225
f 174 225 249
f 174 249 273
f 174 273 304
f 174 304 329
f 174 329 336
f 174 336 331
f 174 331 305
f 174 305 274
f 174 274 250
f 174 250 231
f 174 231 230
f 174 230 226
f 174 226 203
f 174 203 202
f 174 202 186
f 174 186 177
f 174 177 178
f 174 178 179
f 174 179 175
f 175 180 181
f 175 181 182
f 175 182 176
f 175 179 183
f 175 183 180
f 176 184 185
f 176 182 184
f 177 186 187
f 177 187 178
f 178 187 179
f 179 187 188
f 179 188 186
f 179 186 189
f 179 189 204
f 179 204 231
f 179 231 250
f 179 250 275
f 179 275 307
f 179 307 306
f 179 306 334
f 179 334 349
f 179 349 338
f 179 338 310
f 179 310 278
f 179 278 276
f 179 276 251
f 179 251 234
f 179 234 233
f 179 233 232
f 179 232 205
f 179 205 190
f 179 190 191
f 179 191 192
f 179 192 183
f 180 183 193
f 180 193 181
f 181 193 182
f 182 194 195
f 182 195 184
f 182 193 196
f 182 196 194
f 183 192 193
f 184 197 185
f 184 195 198
f 184 198 199
f 184 199 197
f 185 197 200
f 185 200 201
f 186 188 187
f 186 202 189
f 189 202 203
f 189 203 204
f 190 205 191
f 191 205 206
f 191 206 207
f 191 207 208
f 191 208 209
f 191 209 192
f 192 209 210
f 192 210 193
f 193 210 196
f 194 196 211
f 194 211 212
f 194 212 213
f 194 213 195
f 195 213 198
f 196 210 211
f 197 199 214
f 197 214 215
f 197 215 216
f 197 216 217
f 197 217 200
f 198 218 199
f 198 213 219
f 198 219 218
f 199 218 219
f 199 219 214
f 200 217 220
f 200 220 221
f 200 221 222
f 200 222 223
f 200 223 201
f 201 223 224
f 201 224 225
f 203 226 227
f 203 227 228
f 203 228 204
f 204 228 226
f 204 226 229
f 204 229 230
f 204 230 231
f 205 232 206
f 206 232 207
f 207 232 233
f 207 233 234
f 207 234 235
f 207 235 208
f 208 236 210
f 208 210 209
f 208 235 237
f 208 237 238
f 208 238 236
f 210 212 211
f 210 236 239
f 210 239 212
f 212 239 219
f 212 219 213
f 214 219 221
f 214 221 240
f 214 240 216
f 214 216 215
f 216 240 217
f 217 240 241
f 217 241 220
f 219 239 221
f 220 241 221
f 221 239 242
f 221 242 243
f 221 243 244
f 221 244 245
f 221 245 222
f 221 241 240
f 222 245 223
f 223 246 224
f 223 245 246
f 224 246 247
f 224 247 248
f 224 248 249
f 224 249 225
f 226 230 229
f 226 228 227
f 234 251 235
f 235 251 252
f 235 252 237
f 236 238 239
f 237 252 253
f 237 253 254
f 237 254 238
f 238 254 255
f 238 255 256
f 238 256 257
f 238 257 258
f 238 258 259
f 238 259 260
f 238 260 239
f 239 260 261
f 239 261 242
f 242 261 262
f 242 262 263
f 242 263 264
f 242 264 265
f 242 265 243
f 243 266 245
f 243 245 244
f 243 265 267
f 243 267 266
f 245 266 246
f 246 266 247
f 247 267 268
f 247 268 269
f 247 269 270
f 247 270 271
f 247 271 272
f 247 272 248
f 247 266 267
f 248 272 249
f 249 272 273
f 250 274 275
f 251 276 252
f 252 277 279
f 252 279 253
f 252 276 278
f 252 278 277
f 253 279 280
f 253 280 281
f 253 281 254
f 254 281 282
f 254 282 255
f 255 282 283
f 255 283 256
f 256 283 284
f 256 284 285
f 256 285 257
f 257 286 258
f 257 285 286
f 258 286 259
f 259 286 287
f 259 287 288
f 259 288 289
f 259 289 260
f 260 289 261
f 261 289 290
f 261 290 291
f 261 291 262
f 262 291 292
f 262 292 263
f 263 292 268
f 263 268 264
f 264 268 293
f 264 293 267
f 264 267 265
f 267 293 268
f 268 294 295
f 268 295 296
f 268 296 269
f 268 292 297
f 268 297 298
f 268 298 294
f 269 296 299
f 269 299 300
f 269 300 301
f 269 301 270
f 270 301 302
f 270 302 272
f 270 272 271
f 272 302 273
f 273 302 301
f 273 301 303
f 273 303 304
f 274 305 306
f 274 306 307
f 274 307 275
f 277 278 308
f 277 308 309
f 277 309 312
f 277 312 279
f 278 310 311
f 278 311 309
f 278 309 308
f 279 312 280
f 280 312 313
f 280 313 282
f 280 282 281
f 282 313 314
f 282 314 283
f 283 314 315
f 283 315 316
f 283 316 285
f 283 285 284
f 285 316 286
f 286 316 287
f 287 316 317
f 287 317 318
f 287 318 288
f 288 318 317
f 288 317 289
f 289 317 290
f 290 317 291
f 291 317 319
f 291 319 297
f 291 297 292
f 294 298 320
f 294 320 315
f 294 315 295
f 295 321 322
f 295 322 296
f 295 315 314
f 295 314 321
f 296 322 299
f 297 319 298
f 298 319 320
f 299 322 323
f 299 323 324
f 299 324 325
f 299 325 326
f 299 326 300
f 300 325 327
f 300 327 303
f 300 303 301
f 300 326 325
f 303 327 304
f 304 328 329
f 304 327 325
f 304 325 330
f 304 330 328
f 305 331 306
f 306 332 333
f 306 333 334
f 306 331 335
f 306 335 336
f 306 336 329
f 306 329 332
f 309 311 337
f 309 337 313
f 309 313 312
f 310 338 339
f 310 339 311
f 311 339 313
f 311 313 337
f 313 339 321
f 313 321 314
f 315 320 316
f 316 320 317
f 317 320 319
f 321 339 333
f 321 333 340
f 321 340 322
f 322 340 341
f 322 341 342
f 322 342 343
f 322 343 323
f 323 343 344
f 323 344 328
f 323 328 345
f 323 345 324
f 324 345 330
f 324 330 325
f 328 330 345
f 328 344 346
f 328 346 347
f 328 347 348
f 328 348 329
f 329 348 332
f 331 336 335
f 332 341 340
f 332 340 333
f 332 348 341
f 333 349 334
f 333 339 349
f 338 349 339
f 341 348 347
f 341 347 342
f 342 347 346
f 342 346 343
f 343 346 344

o geometry_2
v -53.92614047 262.38809155 -117.94886718 0.52549020 0.70980392 0.51372549
v -51.26980604 261.10134965 -115.08120534 0.52549020 0.70980392 0.51372549
v -50.92426578 261.24981796 -117.94886718 0.52549020 0.70980392 0.51372549
v -51.03224724 261.16734107 -121.03923563 0.52549020 0.70980392 0.51372549
v -54.05571987 261.62924800 -122.57456450 0.52549020 0.70980392 0.51372549
v -57.64069362 261.62924800 -122.56668104 0.52549020 0.70980392 0.51372549
v -58.41815766 262.05816747 -117.94886718 0.52549020 0.70980392 0.51372549
v -58.15900298 261.41478826 -107.05373687 0.52549020 0.70980392 0.51372549
v -55.02754889 261.41478826 -107.05373687 0.52549020 0.70980392 0.51372549
v -5.50740309 242.42712310 -116.13760909 0.52549020 0.70980392 0.51372549
v 73.18924412 210.17613991 -119.52361334 0.52549020 0.70980392 0.51372549
v -5.31303812 242.50960825 -119.21615442 0.52549020 0.70980392 0.51372549
v -5.31303812 242.50960825 -120.48935528 0.52549020 0.70980392 0.51372549
v -42.41535312 256.28432263 -124.85883821 0.52549020 0.70980392 0.51372549
v 83.14510339 205.83751354 -121.63050722 0.52549020 0.70980392 0.51372549
v 82.15168056 205.39210034 -124.70904842 0.52549020 0.70980392 0.51372549
v 59.23807907 214.74571973 -124.88248858 0.52549020 0.70980392 0.51372549
v -55.69703146 261.06834568 -125.01257180 0.52549020 0.70980392 0.51372549
v -56.62566872 261.06834568 -125.01257180 0.52549020 0.70980392 0.51372549
v -52.60877326 260.37549355 -124.11975079 0.52549020 0.70980392 0.51372549
v -59.95148779 259.99607177 -122.56668104 0.52549020 0.70980392 0.51372549
v -60.72895183 260.78791104 -117.94886718 0.52549020 0.70980392 0.51372549
v -60.46979715 260.72192787 -107.05373687 0.52549020 0.70980392 0.51372549
v -29.99752337 251.08787384 -107.05373687 0.52549020 0.70980392 0.51372549
v 50.08128591 219.39777645 -115.53845405 0.52549020 0.70980392 0.51372549
v 72.93008531 210.06065905 -116.44704197 0.52549020 0.70980392 0.51372549
v 85.60707077 204.96318913 -117.94886718 0.52549020 0.70980392 0.51372549
v 73.18924412 210.17613991 -120.49920857 0.52549020 0.70980392 0.51372549
v -45.48201752 256.72973583 -125.14264676 0.52549020 0.70980392 0.51372549
v 23.23717248 228.91634962 -125.12885381 0.52549020 0.70980392 0.51372549
v 91.69721193 201.08647795 -120.91900983 0.52549020 0.70980392 0.51372549
v 89.40801157 202.14226639 -122.50164356 0.52549020 0.70980392 0.51372549
v 84.65684383 204.73223566 -122.92932828 0.52549020 0.70980392 0.51372549
v 87.98265464 201.53188289 -125.27864360 0.52549020 0.70980392 0.51372549
v 79.06341409 205.95299440 -125.20374870 0.52549020 0.70980392 0.51372549
v 69.08595688 210.34111021 -125.06381220 0.52549020 0.70980392 0.51372549
v -49.30455007 257.37310678 -125.37127111 0.52549020 0.70980392 0.51372549
v -54.05571987 258.74232558 -125.45010567 0.52549020 0.70980392 0.51372549
v -53.92614047 253.99128998 -126.11824612 0.52549020 0.70980392 0.51372549
v -58.54773293 253.99128998 -125.88173418 0.52549020 0.70980392 0.51372549
v -58.33177414 258.37939753 -125.29243655 0.52549020 0.70980392 0.51372549
v -61.00970445 256.69674012 -125.00468421 0.52549020 0.70980392 0.51372549
v -61.46322411 257.68653714 -122.56668104 0.52549020 0.70980392 0.51372549
v -61.83036025 258.47837640 -117.94886718 0.52549020 0.70980392 0.51372549
v -61.93834171 258.39589951 -108.71323121 0.52549020 0.70980392 0.51372549
v -61.93834171 258.41239324 -107.05373687 0.52549020 0.70980392 0.51372549
v 84.61364794 203.42900003 -107.05373687 0.52549020 0.70980392 0.51372549
v 82.79956106 205.68904523 -115.15216057 0.52549020 0.70980392 0.51372549
v 88.19861756 201.69685319 -107.05373687 0.52549020 0.70980392 0.51372549
v 89.23523628 202.88460796 -117.94886718 0.52549020 0.70980392 0.51372549
v 66.14887602 210.80301713 -125.33579762 0.52549020 0.70980392 0.51372549
v 75.39206095 206.57986337 -125.46784654 0.52549020 0.70980392 0.51372549
v 29.19773010 225.23759620 -125.47769983 0.52549020 0.70980392 0.51372549
v 91.71880161 201.10297168 -117.94886718 0.52549020 0.70980392 0.51372549
v 91.69721193 199.91520865 -120.91900983 0.52549020 0.70980392 0.51372549
v 90.83336024 198.46350470 -122.50164356 0.52549020 0.70980392 0.51372549
v 88.41458049 198.57897731 -125.58018889 0.52549020 0.70980392 0.51372549
v 84.61364794 198.57897731 -126.32124202 0.52549020 0.70980392 0.51372549
v 84.61364794 202.43920302 -125.54470714 0.52549020 0.70980392 0.51372549
v -49.30455007 253.99128998 -125.99407653 0.52549020 0.70980392 0.51372549
v 66.14887602 207.81711584 -126.03743760 0.52549020 0.70980392 0.51372549
v 10.71136436 230.89595192 -125.86005364 0.52549020 0.70980392 0.51372549
v -12.37500312 240.13408219 -125.85414002 0.52549020 0.70980392 0.51372549
v -118.58524324 101.59507428 -127.15887883 0.52549020 0.70980392 0.51372549
v -58.54773293 249.37222072 -126.10444491 0.52549020 0.70980392 0.51372549
v 79.99205135 198.57897731 -126.35081014 0.52549020 0.70980392 0.51372549
v 79.99205135 189.34084703 -126.43949798 0.52549020 0.70980392 0.51372549
v 75.39206095 175.50014535 -126.54198704 0.52549020 0.70980392 0.51372549
v 52.28409449 120.07134308 -126.95390072 0.52549020 0.70980392 0.51372549
v -62.47824901 249.37222072 -125.47572587 0.52549020 0.70980392 0.51372549
v -61.48482205 253.99128998 -125.24513581 0.52549020 0.70980392 0.51372549
v -77.01250899 207.81711584 -126.27394128 0.52549020 0.70980392 0.51372549
v -118.58524324 106.21414354 -126.97361555 0.52549020 0.70980392 0.51372549
v -81.63410145 198.57897731 -126.18131377 0.52549020 0.70980392 0.51372549
v -65.43693194 246.99669466 -124.82139076 0.52549020 0.70980392 0.51372549
v -80.38151982 207.81711584 -125.51908694 0.52549020 0.70980392 0.51372549
v -79.75522900 211.29791151 -125.21360199 0.52549020 0.70980392 0.51372549
v -65.82566190 247.97000621 -121.74087560 0.52549020 0.70980392 0.51372549
v -70.18809968 238.05550928 -120.75148329 0.52549020 0.70980392 0.51372549
v -63.73083065 253.99128998 -117.94886718 0.52549020 0.70980392 0.51372549
v -111.71764218 136.37005183 -120.91900983 0.52549020 0.70980392 0.51372549
v -111.71764218 136.37005183 -119.39156441 0.52549020 0.70980392 0.51372549
v -126.12232275 100.80323501 -117.94886718 0.52549020 0.70980392 0.51372549
v -120.91763123 113.17573489 -115.61926257 0.52549020 0.70980392 0.51372549
v -125.86317221 100.15986406 -115.25267567 0.52549020 0.70980392 0.51372549
v -126.44626714 96.97600501 -114.75994935 0.52549020 0.70980392 0.51372549
v -117.82937302 93.85813739 -107.05373687 0.52549020 0.70980392 0.51372549
v 90.18547148 198.57897731 -107.05373687 0.52549020 0.70980392 0.51372549
v 91.63241810 200.98749081 -115.41823238 0.52549020 0.70980392 0.51372549
v 91.71880161 199.71725090 -117.94886718 0.52549020 0.70980392 0.51372549
v 91.39486549 197.40771626 -117.94886718 0.52549020 0.70980392 0.51372549
v 89.64556418 193.95991630 -122.56668104 0.52549020 0.70980392 0.51372549
v 87.33477414 190.49561435 -125.20768837 0.52549020 0.70980392 0.51372549
v 87.93946702 193.95991630 -125.52894023 0.52549020 0.70980392 0.51372549
v 84.61364794 193.95991630 -126.29562182 0.52549020 0.70980392 0.51372549
v 75.39206095 203.19804657 -126.20299430 0.52549020 0.70980392 0.51372549
v 79.99205135 184.72178190 -126.42964470 0.52549020 0.70980392 0.51372549
v 19.95454517 226.29338464 -126.02561035 0.52549020 0.70980392 0.51372549
v -118.58524324 96.97600501 -127.17661971 0.52549020 0.70980392 0.51372549
v -123.20683158 93.85813739 -127.07413065 0.52549020 0.70980392 0.51372549
v 43.04091782 96.97600501 -127.10960414 0.52549020 0.70980392 0.51372549
v 56.90569109 129.30947748 -126.85535958 0.52549020 0.70980392 0.51372549
v -123.20683158 96.97600501 -126.84944596 0.52549020 0.70980392 0.51372549
v -84.16085854 201.44939774 -125.07563945 0.52549020 0.70980392 0.51372549
v -97.87445860 168.72001390 -124.94161656 0.52549020 0.70980392 0.51372549
v -88.50170252 191.55140279 -124.71693187 0.52549020 0.70980392 0.51372549
v -122.23500670 106.21414354 -125.85020036 0.52549020 0.70980392 0.51372549
v -120.89604154 113.12624545 -124.85095475 0.52549020 0.70980392 0.51372549
v -126.12232275 100.81972874 -122.56668104 0.52549020 0.70980392 0.51372549
v -121.02561269 113.45617779 -121.77240943 0.52549020 0.70980392 0.51372549
v -128.90823452 93.85813739 -121.41370599 0.52549020 0.70980392 0.51372549
v -127.63406320 96.97600501 -117.94886718 0.52549020 0.70980392 0.51372549
v -128.82185101 93.85813739 -117.69658833 0.52549020 0.70980392 0.51372549
v -128.41152311 93.85813739 -116.57712106 0.52549020 0.70980392 0.51372549
v -127.02937033 93.85813739 -114.52344154 0.52549020 0.70980392 0.51372549
v -109.08289950 93.85813739 -107.05373687 0.52549020 0.70980392 0.51372549
v 90.12068591 196.91282188 -107.05373687 0.52549020 0.70980392 0.51372549
v 91.63241810 200.29463868 -115.41823238 0.52549020 0.70980392 0.51372549
v 90.31505089 193.95991630 -117.94886718 0.52549020 0.70980392 0.51372549
v 89.99110650 193.95991630 -107.05373687 0.52549020 0.70980392 0.51372549
v 87.11881122 186.55291175 -121.22844270 0.52549020 0.70980392 0.51372549
v 87.78828967 189.10989357 -122.68690685 0.52549020 0.70980392 0.51372549
v 86.68688538 187.41073831 -124.30698390 0.52549020 0.70980392 0.51372549
v 82.47562494 177.38076464 -125.03030441 0.52549020 0.70980392 0.51372549
v 82.92914046 180.10271263 -125.34959057 0.52549020 0.70980392 0.51372549
v 79.99205135 180.10271263 -126.16751256 0.52549020 0.70980392 0.51372549
v 69.47469509 147.78574422 -125.62354996 0.52549020 0.70980392 0.51372549
v 47.66250615 101.59507428 -126.74104327 0.52549020 0.70980392 0.51372549
v 56.90569109 124.69040821 -126.65038973 0.52549020 0.70980392 0.51372549
v 66.14887602 147.78574422 -126.54001308 0.52549020 0.70980392 0.51372549
v 52.28409449 115.45227794 -126.87704012 0.52549020 0.70980392 0.51372549
v 47.66250615 106.21414354 -127.00514938 0.52549020 0.70980392 0.51372549
v -118.58524324 93.85813739 -127.18647299 0.52549020 0.70980392 0.51372549
v -127.35330645 93.85813739 -125.78319304 0.52549020 0.70980392 0.51372549
v 43.04091782 93.85813739 -127.02091629 0.52549020 0.70980392 0.51372549
v 38.44091504 93.85813739 -127.06821702 0.52549020 0.70980392 0.51372549
v -126.42466919 96.97600501 -125.68464365 0.52549020 0.70980392 0.51372549
v -112.14956802 132.93874147 -125.32594434 0.52549020 0.70980392 0.51372549
v -116.53360376 123.02424453 -125.14658642 0.52549020 0.70980392 0.51372549
v -125.84157426 100.15986406 -125.23528253 0.52549020 0.70980392 0.51372549
v -128.88664484 93.85813739 -122.56668104 0.52549020 0.70980392 0.51372549
v -16.99659559 93.85813739 -108.01159123 0.52549020 0.70980392 0.51372549
v 56.62494259 125.79568609 -107.05373687 0.52549020 0.70980392 0.51372549
v 77.81083245 163.65553969 -121.01755509 0.52549020 0.70980392 0.51372549
v 59.19489144 117.79480416 -117.94886718 0.52549020 0.70980392 0.51372549
v 68.50286195 140.74166565 -120.61746454 0.52549020 0.70980392 0.51372549
v 74.54980722 159.18493874 -107.05373687 0.52549020 0.70980392 0.51372549
v 50.42681998 98.14727431 -115.12259658 0.52549020 0.70980392 0.51372549
v 54.83245365 107.96279237 -115.33742386 0.52549020 0.70980392 0.51372549
v 49.26063012 93.85813739 -117.94886718 0.52549020 0.70980392 0.51372549
v 54.98362274 107.59986432 -117.94886718 0.52549020 0.70980392 0.51372549
v 54.83245365 107.96279237 -122.56668104 0.52549020 0.70980392 0.51372549
v 54.61649073 108.44119302 -124.91008274 0.52549020 0.70980392 0.51372549
v 59.56202345 121.42406815 -125.21754165 0.52549020 0.70980392 0.51372549
v 68.84840427 144.40392742 -125.24513581 0.52549020 0.70980392 0.51372549
v 50.85874582 101.59507428 -125.62748963 0.52549020 0.70980392 0.51372549
v 55.97705383 115.45227794 -125.82458016 0.52549020 0.70980392 0.51372549
v 47.05780502 93.85813739 -125.89552713 0.52549020 0.70980392 0.51372549
v -121.47913647 110.05786727 -125.41069252 0.52549020 0.70980392 0.51372549
v 43.04091782 93.85813739 -112.97234575 0.52549020 0.70980392 0.51372549
v 58.91413469 127.37936462 -107.05373687 0.52549020 0.70980392 0.51372549
v 50.59958701 97.70186111 -122.56668104 0.52549020 0.70980392 0.51372549
v 73.70755348 157.30432358 -107.05373687 0.52549020 0.70980392 0.51372549
v 47.27376794 93.85813739 -114.35000137 0.52549020 0.70980392 0.51372549
v 48.46156401 93.85813739 -116.36031982 0.52549020 0.70980392 0.51372549
v 60.10193075 129.68889926 -107.05373687 0.52549020 0.70980392 0.51372549
v 59.34606053 128.20419960 -107.05373687 0.52549020 0.70980392 0.51372549
v 49.00147131 93.85813739 -122.56668104 0.52549020 0.70980392 0.51372549
v 50.25405295 98.52669609 -125.18798179 0.52549020 0.70980392 0.51372549
v 44.74701498 93.85813739 -113.43747792 0.52549020 0.70980392 0.51372549
f 350 351 352
f 350 352 353
f 350 353 354
f 350 354 355
f 350 355 356
f 350 356 357
f 350 357 358
f 350 358 351
f 351 358 359
f 351 359 352
f 352 359 360
f 352 360 361
f 352 361 362
f 352 362 353
f 353 363 354
f 353 362 364
f 353 364 365
f 353 365 366
f 353 366 363
f 354 367 368
f 354 368 355
f 354 363 369
f 354 369 367
f 355 368 370
f 355 370 371
f 355 371 356
f 356 371 372
f 356 372 357
f 357 372 395
f 357 395 436
f 357 436 465
f 357 465 492
f 357 492 510
f 357 510 516
f 357 516 515
f 357 515 512
f 357 512 496
f 357 496 469
f 357 469 466
f 357 466 437
f 357 437 398
f 357 398 396
f 357 396 373
f 357 373 358
f 358 373 374
f 358 374 359
f 359 374 375
f 359 375 376
f 359 376 360
f 360 376 377
f 360 377 362
f 360 362 361
f 362 377 364
f 363 378 367
f 363 367 369
f 363 366 379
f 363 379 378
f 364 377 376
f 364 376 380
f 364 380 381
f 364 381 382
f 364 382 365
f 365 382 381
f 365 381 383
f 365 383 384
f 365 384 366
f 366 384 385
f 366 385 379
f 367 378 386
f 367 386 387
f 367 387 368
f 368 387 388
f 368 388 389
f 368 389 390
f 368 390 391
f 368 391 370
f 370 391 392
f 370 392 371
f 371 392 393
f 371 393 394
f 371 394 395
f 371 395 372
f 373 396 374
f 374 396 375
f 375 396 397
f 375 397 376
f 376 397 396
f 376 396 398
f 376 398 399
f 376 399 380
f 378 379 400
f 378 400 401
f 378 401 402
f 378 402 386
f 379 385 384
f 379 384 400
f 380 403 439
f 380 439 404
f 380 404 405
f 380 405 406
f 380 406 383
f 380 383 381
f 380 399 403
f 383 406 407
f 383 407 408
f 383 408 384
f 384 408 401
f 384 401 400
f 386 409 387
f 386 402 410
f 386 410 411
f 386 411 412
f 386 412 409
f 387 409 388
f 388 413 414
f 388 414 389
f 388 409 407
f 388 407 415
f 388 415 416
f 388 416 417
f 388 417 418
f 388 418 413
f 389 419 420
f 389 420 391
f 389 391 390
f 389 414 421
f 389 421 422
f 389 422 423
f 389 423 419
f 391 424 392
f 391 420 425
f 391 425 426
f 391 426 424
f 392 424 427
f 392 427 393
f 393 427 428
f 393 428 429
f 393 429 394
f 394 429 395
f 395 429 430
f 395 430 431
f 395 431 432
f 395 432 433
f 395 433 434
f 395 434 435
f 395 435 436
f 398 437 438
f 398 438 399
f 399 438 403
f 401 408 410
f 401 410 402
f 403 438 467
f 403 467 439
f 404 439 440
f 404 440 441
f 404 441 405
f 405 441 442
f 405 442 443
f 405 443 406
f 406 443 444
f 406 444 407
f 407 445 408
f 407 444 446
f 407 446 416
f 407 416 415
f 407 409 445
f 408 445 410
f 409 412 447
f 409 447 445
f 410 445 447
f 410 447 412
f 410 412 411
f 413 448 449
f 413 449 422
f 413 422 421
f 413 421 414
f 413 418 450
f 413 450 448
f 416 446 417
f 417 446 451
f 417 451 418
f 418 451 450
f 419 423 420
f 420 423 452
f 420 452 425
f 422 449 452
f 422 452 423
f 424 426 453
f 424 453 454
f 424 454 455
f 424 455 427
f 425 452 456
f 425 456 426
f 426 456 453
f 427 455 428
f 428 455 457
f 428 457 458
f 428 458 459
f 428 459 430
f 428 430 429
f 430 459 431
f 431 459 432
f 432 459 458
f 432 458 460
f 432 460 461
f 432 461 433
f 433 461 462
f 433 462 434
f 434 462 463
f 434 463 435
f 435 463 464
f 435 464 436
f 436 464 463
f 436 463 462
f 436 462 460
f 436 460 490
f 436 490 483
f 436 483 449
f 436 449 482
f 436 482 485
f 436 485 484
f 436 484 507
f 436 507 517
f 436 517 499
f 436 499 514
f 436 514 513
f 436 513 519
f 436 519 509
f 436 509 491
f 436 491 465
f 437 466 467
f 437 467 438
f 439 467 440
f 440 468 441
f 440 467 469
f 440 469 468
f 441 468 470
f 441 470 471
f 441 471 472
f 441 472 442
f 442 472 473
f 442 473 474
f 442 474 443
f 443 475 444
f 443 474 476
f 443 476 477
f 443 477 478
f 443 478 479
f 443 479 475
f 444 475 479
f 444 479 480
f 444 480 446
f 446 480 481
f 446 481 451
f 448 482 449
f 448 450 482
f 449 483 452
f 450 451 481
f 450 481 484
f 450 484 485
f 450 485 482
f 452 483 486
f 452 486 456
f 453 456 486
f 453 486 487
f 453 487 488
f 453 488 454
f 454 488 457
f 454 457 455
f 457 488 489
f 457 489 490
f 457 490 458
f 458 490 460
f 460 462 461
f 465 491 492
f 466 469 467
f 468 493 470
f 468 469 494
f 468 494 495
f 468 495 493
f 469 496 497
f 469 497 498
f 469 498 499
f 469 499 500
f 469 500 494
f 470 473 471
f 470 493 501
f 470 501 502
f 470 502 473
f 471 473 472
f 473 503 504
f 473 504 476
f 473 476 474
f 473 502 503
f 476 504 505
f 476 505 506
f 476 506 477
f 477 507 484
f 477 484 480
f 477 480 478
f 477 506 507
f 478 480 479
f 480 484 481
f 483 490 489
f 483 489 486
f 486 489 508
f 486 508 487
f 487 508 488
f 488 508 489
f 491 509 492
f 492 509 510
f 493 495 501
f 494 500 511
f 494 511 495
f 495 511 501
f 496 512 497
f 497 513 514
f 497 514 499
f 497 499 498
f 497 512 515
f 497 515 516
f 497 516 510
f 497 510 513
f 499 517 500
f 500 517 511
f 501 511 502
f 502 511 517
f 502 517 518
f 502 518 503
f 503 518 505
f 503 505 504
f 505 518 507
f 505 507 506
f 507 518 517
f 509 519 510
f 510 519 513

o geometry_3
v -129.43244099 93.85813739 6.76114241 0.78823529 0.15686275 0.56470588
v -126.01809925 100.53963685 3.76512353 0.78823529 0.15686275 0.56470588
v -127.62236810 93.85813739 2.91229382 0.78823529 0.15686275 0.56470588
v -128.83084533 93.85813739 11.64079520 0.78823529 0.15686275 0.56470588
v -121.15253261 113.73527857 10.34301481 0.78823529 0.15686275 0.56470588
v -111.83830159 136.65063514 10.24660869 0.78823529 0.15686275 0.56470588
v -102.52406232 159.55311968 10.04452544 0.78823529 0.15686275 0.56470588
v -93.21510896 182.44272804 9.22692557 0.78823529 0.15686275 0.56470588
v -93.21510896 182.44272804 8.88023108 0.78823529 0.15686275 0.56470588
v -117.01521726 124.13730676 6.76114241 0.78823529 0.15686275 0.56470588
v -111.74331194 136.43178148 4.33243916 0.78823529 0.15686275 0.56470588
v -121.04170997 113.45205230 4.23603304 0.78823529 0.15686275 0.56470588
v -126.76746119 96.97359331 3.08471396 0.78823529 0.15686275 0.56470588
v -116.73553421 123.45499343 3.86523805 0.78823529 0.15686275 0.56470588
v -117.87540183 97.10233440 -2.74973314 0.78823529 0.15686275 0.56470588
v -119.03638011 93.85813739 -2.74973314 0.78823529 0.15686275 0.56470588
v -128.38228536 93.85813739 12.54553431 0.78823529 0.15686275 0.56470588
v -125.68036192 99.72858657 13.82291848 0.78823529 0.15686275 0.56470588
v -120.78840697 112.93710032 13.42246452 0.78823529 0.15686275 0.56470588
v -111.55861028 136.03269236 13.32605840 0.78823529 0.15686275 0.56470588
v -102.32881360 159.15403262 13.12397516 0.78823529 0.15686275 0.56470588
v -79.45748296 215.03918748 13.83219362 0.78823529 0.15686275 0.56470588
v -75.52070225 225.37683893 11.37938575 0.78823529 0.15686275 0.56470588
v -75.52070225 224.99062804 6.76114241 0.78823529 0.15686275 0.56470588
v -93.93808258 180.42154041 7.10783277 0.78823529 0.15686275 0.56470588
v -93.06734681 182.17237794 5.80263970 0.78823529 0.15686275 0.56470588
v -79.36777097 214.80744938 4.42142847 0.78823529 0.15686275 0.56470588
v -88.72422328 192.02083390 4.26013354 0.78823529 0.15686275 0.56470588
v -98.09123092 169.19559402 4.09513020 0.78823529 0.15686275 0.56470588
v -117.86484651 97.12807849 -2.74973314 0.78823529 0.15686275 0.56470588
v -93.76921391 179.09554228 3.83742915 0.78823529 0.15686275 0.56470588
v -98.68754892 166.24749119 3.54264406 0.78823529 0.15686275 0.56470588
v -108.92001879 93.85813739 -2.74973314 0.78823529 0.15686275 0.56470588
v -126.86245084 93.85813739 14.34573739 0.78823529 0.15686275 0.56470588
v -126.19752324 96.97359331 14.15107508 0.78823529 0.15686275 0.56470588
v -121.34778959 109.86026466 14.04724803 0.78823529 0.15686275 0.56470588
v -116.46638996 122.86280093 13.85814419 0.78823529 0.15686275 0.56470588
v -107.24714860 145.99701117 13.88781143 0.78823529 0.15686275 0.56470588
v -98.00151893 169.01536062 13.88410302 0.78823529 0.15686275 0.56470588
v -88.73477861 192.02083390 13.86741933 0.78823529 0.15686275 0.56470588
v -75.52070225 222.93082015 14.44956445 0.78823529 0.15686275 0.56470588
v -75.52070225 224.29544680 13.55780476 0.78823529 0.15686275 0.56470588
v -75.52070225 222.23563892 3.70579732 0.78823529 0.15686275 0.56470588
v -79.86910343 212.42580322 3.92456426 0.78823529 0.15686275 0.56470588
v -108.29730423 120.14642794 -2.74973314 0.78823529 0.15686275 0.56470588
v -75.63680255 221.66918638 3.61124127 0.78823529 0.15686275 0.56470588
v -75.58402593 198.62509697 -2.74973314 0.78823529 0.15686275 0.56470588
v -75.52070225 93.85813739 0.97675050 0.78823529 0.15686275 0.56470588
v -106.60860931 98.89178806 -2.74973314 0.78823529 0.15686275 0.56470588
v -125.88617422 93.85813739 14.61085938 0.78823529 0.15686275 0.56470588
v -81.65279214 198.57359227 15.83077568 0.78823529 0.15686275 0.56470588
v -77.03525497 212.42580322 15.57862898 0.78823529 0.15686275 0.56470588
v -103.56894854 152.39528850 14.50518225 0.78823529 0.15686275 0.56470588
v -116.98355954 120.06918328 14.21040129 0.78823529 0.15686275 0.56470588
v -102.90402094 156.06432079 14.12326618 0.78823529 0.15686275 0.56470588
v -75.76872758 221.66918638 14.63495988 0.78823529 0.15686275 0.56470588
v -75.52070225 222.04252934 14.66462711 0.78823529 0.15686275 0.56470588
v -75.52070225 198.76670184 -2.74973314 0.78823529 0.15686275 0.56470588
v -75.52070225 93.85813739 15.34132415 0.78823529 0.15686275 0.56470588
v -75.52070225 171.16528108 -2.74973314 0.78823529 0.15686275 0.56470588
v -123.21591676 93.85813739 15.13738670 0.78823529 0.15686275 0.56470588
v -123.21591676 96.97359331 14.95940808 0.78823529 0.15686275 0.56470588
v -100.12822676 152.39528850 15.53970312 0.78823529 0.15686275 0.56470588
v -90.88787062 175.47800643 15.69172291 0.78823529 0.15686275 0.56470588
v -77.03525497 207.81698369 16.06252203 0.78823529 0.15686275 0.56470588
v -75.52070225 213.94491092 15.79554997 0.78823529 0.15686275 0.56470588
v -75.52070225 218.46361376 15.18744602 0.78823529 0.15686275 0.56470588
v -75.52070225 221.66918638 14.72951180 0.78823529 0.15686275 0.56470588
v -94.30748589 175.47800643 14.55338325 0.78823529 0.15686275 0.56470588
v -84.75577659 93.85813739 15.33205727 0.78823529 0.15686275 0.56470588
v -75.52070225 161.62579961 15.86785146 0.78823529 0.15686275 0.56470588
v -118.59837546 106.20410855 15.20042131 0.78823529 0.15686275 0.56470588
v -121.70135991 93.85813739 15.24677223 0.78823529 0.15686275 0.56470588
v -113.98084241 115.44749171 15.38396667 0.78823529 0.15686275 0.56470588
v -81.65279214 193.95190483 16.06993058 0.78823529 0.15686275 0.56470588
v -77.03525497 203.19528798 16.17189930 0.78823529 0.15686275 0.56470588
v -75.52070225 209.32321521 16.12740671 0.78823529 0.15686275 0.56470588
v -89.37859556 93.85813739 15.32649053 0.78823529 0.15686275 0.56470588
v -75.52070225 198.57359227 16.14965714 0.78823529 0.15686275 0.56470588
v -77.03525497 198.57359227 16.14965714 0.78823529 0.15686275 0.56470588
v -81.65279214 189.33020912 16.07364724 0.78823529 0.15686275 0.56470588
v -100.12822676 93.85813739 15.31351525 0.78823529 0.15686275 0.56470588
v -98.61366991 93.85813739 15.31536532 0.78823529 0.15686275 0.56470588
v -118.59837546 93.85813739 15.26902266 0.78823529 0.15686275 0.56470588
v -118.59837546 96.97359331 15.29868163 0.78823529 0.15686275 0.56470588
v -118.59837546 101.59528902 15.31907372 0.78823529 0.15686275 0.56470588
v -100.12822676 147.77359692 15.69543132 0.78823529 0.15686275 0.56470588
v -75.52070225 204.70152777 16.18859125 0.78823529 0.15686275 0.56470588
v -75.52070225 200.07983206 16.16078235 0.78823529 0.15686275 0.56470588
v -104.74048214 93.85813739 15.30424837 0.78823529 0.15686275 0.56470588
f 520 521 522
f 520 522 535
f 520 535 552
f 520 552 567
f 520 567 578
f 520 578 589
f 520 589 597
f 520 597 602
f 520 602 601
f 520 601 609
f 520 609 603
f 520 603 592
f 520 592 580
f 520 580 569
f 520 569 553
f 520 553 536
f 520 536 523
f 520 523 524
f 520 524 525
f 520 525 526
f 520 526 527
f 520 527 528
f 520 528 529
f 520 529 530
f 520 530 531
f 520 531 521
f 521 532 522
f 521 531 530
f 521 530 533
f 521 533 532
f 522 532 534
f 522 534 535
f 523 536 537
f 523 537 538
f 523 538 539
f 523 539 524
f 524 539 540
f 524 540 525
f 525 540 526
f 526 540 541
f 526 541 542
f 526 542 527
f 527 542 528
f 528 542 543
f 528 543 544
f 528 544 529
f 529 544 530
f 530 544 545
f 530 545 543
f 530 543 546
f 530 546 547
f 530 547 548
f 530 548 533
f 532 549 534
f 532 533 550
f 532 550 551
f 532 551 549
f 533 548 550
f 534 549 564
f 534 564 566
f 534 566 577
f 534 577 579
f 534 579 568
f 534 568 552
f 534 552 535
f 536 553 554
f 536 554 537
f 537 554 555
f 537 555 556
f 537 556 538
f 538 556 557
f 538 557 558
f 538 558 539
f 539 558 559
f 539 559 540
f 540 559 541
f 541 559 560
f 541 560 561
f 541 561 542
f 542 561 560
f 542 560 576
f 542 576 587
f 542 587 586
f 542 586 585
f 542 585 596
f 542 596 607
f 542 607 608
f 542 608 598
f 542 598 590
f 542 590 578
f 542 578 567
f 542 567 579
f 542 579 577
f 542 577 562
f 542 562 543
f 543 562 546
f 543 545 544
f 546 562 563
f 546 563 550
f 546 550 547
f 547 550 548
f 549 551 564
f 550 563 562
f 550 562 565
f 550 565 566
f 550 566 551
f 551 566 564
f 552 568 567
f 553 569 570
f 553 570 571
f 553 571 572
f 553 572 554
f 554 573 555
f 554 572 573
f 555 573 574
f 555 574 557
f 555 557 556
f 557 574 558
f 558 574 560
f 558 560 559
f 560 575 576
f 560 574 575
f 562 577 565
f 565 577 566
f 567 568 579
f 569 580 581
f 569 581 582
f 569 582 583
f 569 583 570
f 570 583 584
f 570 584 571
f 571 584 585
f 571 585 586
f 571 586 587
f 571 587 575
f 571 575 588
f 571 588 572
f 572 588 574
f 572 574 573
f 574 588 575
f 575 587 576
f 578 590 589
f 580 591 581
f 580 592 593
f 580 593 591
f 581 591 582
f 582 584 583
f 582 591 593
f 582 593 584
f 584 594 595
f 584 595 596
f 584 596 585
f 584 593 594
f 589 590 597
f 590 598 599
f 590 599 600
f 590 600 601
f 590 601 602
f 590 602 597
f 592 603 604
f 592 604 605
f 592 605 593
f 593 605 606
f 593 606 594
f 594 606 595
f 595 600 599
f 595 599 607
f 595 607 596
f 595 606 605
f 595 605 600
f 598 608 599
f 599 608 607
f 600 605 604
f 600 604 609
f 600 609 601
f 603 609 604

o geometry_4
v -75.52070225 198.75699722 -2.75158734 0.65098039 0.89411765 0.11372549
v -75.52070225 196.82640533 -56.92005667 0.65098039 0.89411765 0.11372549
v -75.58034230 198.62349467 -2.75158734 0.65098039 0.89411765 0.11372549
v -75.52070225 171.16392243 -2.75158734 0.65098039 0.89411765 0.11372549
v -75.52070225 173.95711886 -56.92005667 0.65098039 0.89411765 0.11372549
v -76.38547484 194.72124589 -56.92005667 0.65098039 0.89411765 0.11372549
v -117.87750794 97.10317271 -2.75158734 0.65098039 0.89411765 0.11372549
v -117.86898439 97.12370934 -2.75158734 0.65098039 0.89411765 0.11372549
v -108.33093591 120.06488021 -2.75158734 0.65098039 0.89411765 0.11372549
v -106.60990601 98.88999581 -2.75158734 0.65098039 0.89411765 0.11372549
v -109.18718082 93.86840364 -56.92005667 0.65098039 0.89411765 0.11372549
v -117.71136483 93.86840364 -56.92005667 0.65098039 0.89411765 0.11372549
v -119.04047670 93.86840364 -2.75158734 0.65098039 0.89411765 0.11372549
v -108.92306646 93.86840364 -2.75158734 0.65098039 0.89411765 0.11372549
f 610 611 612
f 610 612 618
f 610 618 617
f 610 617 616
f 610 616 622
f 610 622 623
f 610 623 619
f 610 619 613
f 610 613 614
f 610 614 611
f 611 614 620
f 611 620 621
f 611 621 615
f 611 615 616
f 611 616 617
f 611 617 618
f 611 618 612
f 613 619 620
f 613 620 614
f 615 621 616
f 616 621 622
f 619 623 620
f 620 623 622
f 620 622 621

o geometry_5
v -76.18643099 195.20470946 -56.92005667 0.15686275 0.05882353 0.36470588
v -76.18643099 172.86454371 -56.92005667 0.15686275 0.05882353 0.36470588
v -76.18643099 196.75583002 -107.05373274 0.15686275 0.05882353 0.36470588
v -116.09174203 97.81651192 -56.92005667 0.15686275 0.05882353 0.36470588
v -76.18643099 172.27028640 -81.00051289 0.15686275 0.05882353 0.36470588
v -109.18661919 93.85813326 -56.92005667 0.15686275 0.05882353 0.36470588
v -76.18643099 172.51201819 -107.05373274 0.15686275 0.05882353 0.36470588
v -84.99626949 175.23151318 -107.05373274 0.15686275 0.05882353 0.36470588
v -117.52334296 94.32145664 -56.92005667 0.15686275 0.05882353 0.36470588
v -76.18643099 172.17963285 -85.61343934 0.15686275 0.05882353 0.36470588
v -117.71096013 93.85813326 -56.92005667 0.15686275 0.05882353 0.36470588
v -109.12544291 93.85813326 -81.00051289 0.15686275 0.05882353 0.36470588
v -106.82509256 99.00503480 -107.05373274 0.15686275 0.05882353 0.36470588
v -78.44191295 166.44854616 -107.05373274 0.15686275 0.05882353 0.36470588
v -76.18643099 172.28035443 -92.42486716 0.15686275 0.05882353 0.36470588
v -116.99719557 96.21503057 -107.05373274 0.15686275 0.05882353 0.36470588
v -76.18643099 172.20985346 -87.72360802 0.15686275 0.05882353 0.36470588
v -117.84963297 93.85813326 -107.05373274 0.15686275 0.05882353 0.36470588
v -109.08873879 93.85813326 -107.05373274 0.15686275 0.05882353 0.36470588
f 624 625 628
f 624 628 633
f 624 633 640
f 624 640 638
f 624 638 630
f 624 630 626
f 624 626 627
f 624 627 632
f 624 632 634
f 624 634 629
f 624 629 625
f 625 629 628
f 626 630 637
f 626 637 636
f 626 636 642
f 626 642 641
f 626 641 639
f 626 639 631
f 626 631 632
f 626 632 627
f 628 629 633
f 629 634 641
f 629 641 642
f 629 642 635
f 629 635 636
f 629 636 637
f 629 637 633
f 630 638 637
f 631 639 632
f 632 639 634
f 633 637 640
f 634 639 641
f 635 642 636
f 637 638 640

o geometry_6
v -75.52069812 93.85813739 0.97663487 0.72941176 0.50980392 0.76862745
v 47.70237356 124.77978158 0.54831832 0.72941176 0.50980392 0.76862745
v 52.28619234 123.41389952 0.54831832 0.72941176 0.50980392 0.76862745
v -67.77730249 93.85813739 0.98765684 0.72941176 0.50980392 0.76862745
v -75.52069812 93.85813739 15.34096074 0.72941176 0.50980392 0.76862745
v -75.52069812 169.27798831 0.54831832 0.72941176 0.50980392 0.76862745
v 57.32839960 124.63167254 0.54831832 0.72941176 0.50980392 0.76862745
v 38.43649221 93.85813739 1.19866421 0.72941176 0.50980392 0.76862745
v 39.94260810 93.85813739 15.70313720 0.72941176 0.50980392 0.76862745
v 43.05305892 101.59266257 15.78817446 0.72941176 0.50980392 0.76862745
v -75.52069812 163.13973702 15.87950527 0.72941176 0.50980392 0.76862745
v -75.52069812 203.39218029 0.54831832 0.72941176 0.50980392 0.76862745
v 57.45937482 124.69749878 0.54831832 0.72941176 0.50980392 0.76862745
v 43.05305892 96.96840650 1.23173426 0.72941176 0.50980392 0.76862745
v 43.05305892 93.85813739 1.36873047 0.72941176 0.50980392 0.76862745
v 43.05305892 93.85813739 15.59133170 0.72941176 0.50980392 0.76862745
v 43.05305892 96.96840650 15.73148295 0.72941176 0.50980392 0.76862745
v 52.28619234 120.07324271 15.94563710 0.72941176 0.50980392 0.76862745
v 56.90276731 133.92956263 16.06058937 0.72941176 0.50980392 0.76862745
v -53.92760236 253.99572520 16.63378145 0.72941176 0.50980392 0.76862745
v -75.52069812 200.08444072 16.16136876 0.72941176 0.50980392 0.76862745
v -75.52069812 221.65882928 3.56384969 0.72941176 0.50980392 0.76862745
v -63.52089698 253.99572520 0.54831832 0.72941176 0.50980392 0.76862745
v 59.47298046 126.49125139 0.54831832 0.72941176 0.50980392 0.76862745
v 47.26035492 93.85813739 3.00168370 0.72941176 0.50980392 0.76862745
v 60.81538972 128.41665647 0.54831832 0.72941176 0.50980392 0.76862745
v 44.59192275 93.85813739 15.24332812 0.72941176 0.50980392 0.76862745
v 47.66963389 101.59266257 15.43071403 0.72941176 0.50980392 0.76862745
v 52.28619234 115.44898250 15.77084655 0.72941176 0.50980392 0.76862745
v 47.66963389 106.21691865 15.79132123 0.72941176 0.50980392 0.76862745
v 56.90276731 129.30530243 16.00547538 0.72941176 0.50980392 0.76862745
v 80.00197897 189.33838165 16.50623382 0.72941176 0.50980392 0.76862745
v 80.00197897 193.94618116 16.55346849 0.72941176 0.50980392 0.76862745
v 80.00197897 198.57044550 16.54717494 0.72941176 0.50980392 0.76862745
v 84.61853742 198.57044550 16.48890591 0.72941176 0.50980392 0.76862745
v -49.31103564 253.99572520 16.45583587 0.72941176 0.50980392 0.76862745
v -53.92760236 258.61998128 15.61809994 0.72941176 0.50980392 0.76862745
v -58.54416907 253.99572520 16.32514147 0.72941176 0.50980392 0.76862745
v -58.54416907 249.38792156 16.50465631 0.72941176 0.50980392 0.76862745
v -58.54416907 244.76365722 16.54401990 0.72941176 0.50980392 0.76862745
v -72.41024730 212.42676129 16.26057889 0.72941176 0.50980392 0.76862745
v -75.52069812 204.69223611 16.18814525 0.72941176 0.50980392 0.76862745
v -75.52069812 222.23479647 3.70557019 0.72941176 0.50980392 0.76862745
v -75.01320012 224.75262944 4.11656709 0.72941176 0.50980392 0.76862745
v -61.99841125 258.55415504 0.54831832 0.72941176 0.50980392 0.76862745
v 50.40355367 98.21909677 3.91658169 0.72941176 0.50980392 0.76862745
v 49.11026218 93.85813739 6.76204680 0.72941176 0.50980392 0.76862745
v 61.15917282 129.17364995 0.54831832 0.72941176 0.50980392 0.76862745
v 46.94931149 93.85813739 14.55833880 0.72941176 0.50980392 0.76862745
v 52.28619234 110.82472230 15.23073276 0.72941176 0.50980392 0.76862745
v 56.90276731 124.68104222 15.69211110 0.72941176 0.50980392 0.76862745
v 84.61853742 193.94618116 16.33773683 0.72941176 0.50980392 0.76862745
v 80.00197897 184.71412557 16.37080687 0.72941176 0.50980392 0.76862745
v 75.38540400 175.49851828 16.36135829 0.72941176 0.50980392 0.76862745
v 88.90769913 198.57044550 15.07483938 0.72941176 0.50980392 0.76862745
v 88.31833542 202.02629823 14.59297810 0.72941176 0.50980392 0.76862745
v 84.55305807 203.42509341 14.95516282 0.72941176 0.50980392 0.76862745
v 80.00197897 203.19470157 15.89682492 0.72941176 0.50980392 0.76862745
v 75.38540400 203.19470157 16.40702369 0.72941176 0.50980392 0.76862745
v -12.36212179 240.13940115 16.15192843 0.72941176 0.50980392 0.76862745
v -44.69446480 253.99572520 15.95036139 0.72941176 0.50980392 0.76862745
v 66.15227057 211.43937598 14.79139011 0.72941176 0.50980392 0.76862745
v -35.44496154 252.92605296 14.77721724 0.72941176 0.50980392 0.76862745
v -49.73667619 258.70225995 14.76776865 0.72941176 0.50980392 0.76862745
v -53.92760236 261.30237984 14.14104835 0.72941176 0.50980392 0.76862745
v -57.43095405 261.40112746 14.25756988 0.72941176 0.50980392 0.76862745
v -58.80610299 258.89973866 15.03704504 0.72941176 0.50980392 0.76862745
v -61.45817358 257.55030904 14.36307356 0.72941176 0.50980392 0.76862745
v -62.19485756 253.99572520 14.83863303 0.72941176 0.50980392 0.76862745
v -63.16073578 244.76365722 16.08106405 0.72941176 0.50980392 0.76862745
v -72.41024730 221.65882928 15.96453427 0.72941176 0.50980392 0.76862745
v -67.77730249 230.90734143 16.19601632 0.72941176 0.50980392 0.76862745
v -72.41024730 217.05102563 16.24325924 0.72941176 0.50980392 0.76862745
v -63.16073578 240.13940115 16.36293580 0.72941176 0.50980392 0.76862745
v -75.52069812 209.31650044 16.12672946 0.72941176 0.50980392 0.76862745
v -75.52069812 224.98302953 6.76204680 0.72941176 0.50980392 0.76862745
v -66.07474029 248.54864115 11.37903886 0.72941176 0.50980392 0.76862745
v -63.84831025 253.99572520 6.76204680 0.72941176 0.50980392 0.76862745
v -61.93292364 258.52124192 6.76204680 0.72941176 0.50980392 0.76862745
v -60.73785943 260.82514374 6.76204680 0.72941176 0.50980392 0.76862745
v -60.75422927 260.85805686 0.54831832 0.72941176 0.50980392 0.76862745
v -75.52069812 225.34506558 10.99638771 0.72941176 0.50980392 0.76862745
v -75.52069812 225.36151801 11.37903886 0.72941176 0.50980392 0.76862745
v 54.74181662 108.15878442 4.24096794 0.72941176 0.50980392 0.76862745
v 89.93904844 193.94618116 0.54831832 0.72941176 0.50980392 0.76862745
v 68.46054980 140.85772053 9.05007021 0.72941176 0.50980392 0.76862745
v 68.46054980 140.85772053 9.07841596 0.72941176 0.50980392 0.76862745
v 54.77455630 108.09295818 11.37903886 0.72941176 0.50980392 0.76862745
v 50.50178095 97.97224424 11.37903886 0.72941176 0.50980392 0.76862745
v 48.75010097 93.85813739 11.37903886 0.72941176 0.50980392 0.76862745
v 47.88245003 93.85813739 13.08285234 0.72941176 0.50980392 0.76862745
v 50.20710736 98.69633287 13.92530843 0.72941176 0.50980392 0.76862745
v 50.78008470 101.59266257 14.36307356 0.72941176 0.50980392 0.76862745
v 55.96962876 115.44898250 14.65911819 0.72941176 0.50980392 0.76862745
v 80.00197897 180.08986537 15.92831745 0.72941176 0.50980392 0.76862745
v 84.61853742 189.33838165 15.61180639 0.72941176 0.50980392 0.76862745
v 88.31833542 193.94618116 14.88744521 0.72941176 0.50980392 0.76862745
v 91.72347635 201.12119159 10.05944578 0.72941176 0.50980392 0.76862745
v 91.21597835 198.48815857 11.51131078 0.72941176 0.50980392 0.76862745
v 89.61163517 202.51998676 11.51131078 0.72941176 0.50980392 0.76862745
v 85.87909750 205.05428042 11.37903886 0.72941176 0.50980392 0.76862745
v 82.94871489 205.74544766 13.98514671 0.72941176 0.50980392 0.76862745
v 80.00197897 206.32142312 14.47960335 0.72941176 0.50980392 0.76862745
v 75.38540400 207.24298219 14.95830960 0.72941176 0.50980392 0.76862745
v 10.72071797 230.90734143 16.09680619 0.72941176 0.50980392 0.76862745
v -44.69446480 257.17181229 14.51424265 0.72941176 0.50980392 0.76862745
v -51.55383552 260.95679622 13.72374965 0.72941176 0.50980392 0.76862745
v -53.92760236 261.97709466 11.37903886 0.72941176 0.50980392 0.76862745
v -58.24949548 261.82898975 11.37903886 0.72941176 0.50980392 0.76862745
v -60.55777883 260.66057815 11.37903886 0.72941176 0.50980392 0.76862745
v -61.85107445 258.35667633 11.37903886 0.72941176 0.50980392 0.76862745
v -65.82917621 247.98912638 14.13159977 0.72941176 0.50980392 0.76862745
v -66.43490149 244.76365722 14.64809209 0.72941176 0.50980392 0.76862745
v -75.52069812 222.05377845 14.66384248 0.72941176 0.50980392 0.76862745
v -75.52069812 221.65882928 14.72998257 0.72941176 0.50980392 0.76862745
v -75.52069812 218.44982081 15.18663662 0.72941176 0.50980392 0.76862745
v -75.52069812 213.94075652 15.79604552 0.72941176 0.50980392 0.76862745
v -70.13469949 237.93423868 13.75367292 0.72941176 0.50980392 0.76862745
v -63.73371313 253.99572520 11.37903886 0.72941176 0.50980392 0.76862745
v -58.42957195 261.86189461 6.76204680 0.72941176 0.50980392 0.76862745
v -59.23174354 261.35173713 0.54831832 0.72941176 0.50980392 0.76862745
v -75.52069812 224.29185403 13.55840768 0.72941176 0.50980392 0.76862745
v 90.46291627 198.78437664 0.54831832 0.72941176 0.50980392 0.76862745
v 91.57613129 200.72623416 4.39213703 0.72941176 0.50980392 0.76862745
v 91.31419738 197.78053890 6.76204680 0.72941176 0.50980392 0.76862745
v 90.13550301 193.94618116 6.76204680 0.72941176 0.50980392 0.76862745
v 77.77554893 163.76508215 9.87678416 0.72941176 0.50980392 0.76862745
v 87.05779187 186.72180932 11.37903886 0.72941176 0.50980392 0.76862745
v 86.94320300 186.98511015 13.70642999 0.72941176 0.50980392 0.76862745
v 54.64359760 108.42208112 13.73477575 0.72941176 0.50980392 0.76862745
v 55.08559973 110.82472230 14.13789332 0.72941176 0.50980392 0.76862745
v 60.19329460 124.68104222 14.52684627 0.72941176 0.50980392 0.76862745
v 83.19427897 180.08986537 14.54889022 0.72941176 0.50980392 0.76862745
v 87.40157497 189.33838165 14.19143805 0.72941176 0.50980392 0.76862745
v 91.72347635 199.98569310 10.05944578 0.72941176 0.50980392 0.76862745
v 91.69073667 201.08827847 6.76204680 0.72941176 0.50980392 0.76862745
v 89.23511239 202.86557864 6.76204680 0.72941176 0.50980392 0.76862745
v 89.95541828 193.94618116 11.37903886 0.72941176 0.50980392 0.76862745
v 85.69901277 204.97200175 6.76204680 0.72941176 0.50980392 0.76862745
v 73.38816820 210.23805952 8.29264311 0.72941176 0.50980392 0.76862745
v 73.38816820 210.23805952 10.13503033 0.72941176 0.50980392 0.76862745
v -51.27553177 261.07197975 11.37903886 0.72941176 0.50980392 0.76862745
v 50.07613214 219.38783231 13.74106930 0.72941176 0.50980392 0.76862745
v -51.24278796 261.08844870 7.95251060 0.72941176 0.50980392 0.76862745
v -53.55107132 261.77961594 6.55261281 0.72941176 0.50980392 0.76862745
v -75.11142740 224.99948196 14.14734190 0.72941176 0.50980392 0.76862745
v -75.52069812 222.92597197 14.44968008 0.72941176 0.50980392 0.76862745
v -54.64791650 261.54923237 0.54831832 0.72941176 0.50980392 0.76862745
v -58.44594591 261.54923237 0.54831832 0.72941176 0.50980392 0.76862745
v 88.74398423 201.74653259 0.54831832 0.72941176 0.50980392 0.76862745
v 91.57613129 200.90726044 4.39213703 0.72941176 0.50980392 0.76862745
v 91.69073667 200.08444072 6.76204680 0.72941176 0.50980392 0.76862745
v 82.60493179 177.07833974 14.04183822 0.72941176 0.50980392 0.76862745
v 85.76449212 203.29344093 0.54831832 0.72941176 0.50980392 0.76862745
v 84.48757872 203.90232951 0.54831832 0.72941176 0.50980392 0.76862745
v 82.71952065 205.66316899 4.06775078 0.72941176 0.50980392 0.76862745
v 83.39073354 205.92647395 6.76204680 0.72941176 0.50980392 0.76862745
v -51.21004829 260.15042893 0.54831832 0.72941176 0.50980392 0.76862745
v -53.14180473 260.94032727 0.54831832 0.72941176 0.50980392 0.76862745
v -28.35640071 251.75764962 8.54144482 0.72941176 0.50980392 0.76862745
v -28.35640071 251.75764962 9.90040149 0.72941176 0.50980392 0.76862745
v 56.57534579 215.50411729 0.54831832 0.72941176 0.50980392 0.76862745
v 28.94142486 226.97425259 0.54831832 0.72941176 0.50980392 0.76862745
v -31.92523588 252.18551191 0.54831832 0.72941176 0.50980392 0.76862745
f 643 644 645
f 643 645 646
f 643 646 650
f 643 650 657
f 643 657 667
f 643 667 689
f 643 689 732
f 643 732 733
f 643 733 691
f 643 691 669
f 643 669 658
f 643 658 651
f 643 651 647
f 643 647 653
f 643 653 663
f 643 663 684
f 643 684 717
f 643 717 759
f 643 759 758
f 643 758 757
f 643 757 756
f 643 756 789
f 643 789 764
f 643 764 725
f 643 725 724
f 643 724 718
f 643 718 685
f 643 685 664
f 643 664 654
f 643 654 648
f 643 648 644
f 644 648 654
f 644 654 665
f 644 665 687
f 644 687 723
f 644 723 763
f 644 763 791
f 644 791 790
f 644 790 801
f 644 801 800
f 644 800 806
f 644 806 805
f 644 805 804
f 644 804 797
f 644 797 796
f 644 796 792
f 644 792 765
f 644 765 727
f 644 727 690
f 644 690 668
f 644 668 666
f 644 666 655
f 644 655 649
f 644 649 645
f 645 649 650
f 645 650 646
f 647 651 652
f 647 652 653
f 649 655 650
f 650 656 657
f 650 655 656
f 651 658 659
f 651 659 652
f 652 659 660
f 652 660 661
f 652 661 662
f 652 662 663
f 652 663 653
f 654 664 665
f 655 666 657
f 655 657 656
f 657 666 668
f 657 668 667
f 658 669 670
f 658 670 671
f 658 671 672
f 658 672 659
f 659 672 673
f 659 673 660
f 660 673 674
f 660 674 675
f 660 675 661
f 661 675 662
f 662 675 676
f 662 676 677
f 662 677 678
f 662 678 679
f 662 679 680
f 662 680 681
f 662 681 682
f 662 682 683
f 662 683 663
f 663 683 684
f 664 685 665
f 665 685 686
f 665 686 687
f 667 688 689
f 667 668 688
f 668 690 688
f 669 691 670
f 670 691 692
f 670 692 693
f 670 693 671
f 671 673 672
f 671 693 694
f 671 694 673
f 673 694 695
f 673 695 696
f 673 696 674
f 674 696 695
f 674 695 677
f 674 677 675
f 675 677 676
f 677 695 694
f 677 694 697
f 677 697 698
f 677 698 699
f 677 699 700
f 677 700 701
f 677 701 678
f 678 702 703
f 678 703 679
f 678 701 702
f 679 704 705
f 679 705 706
f 679 706 707
f 679 707 708
f 679 708 709
f 679 709 680
f 679 703 700
f 679 700 704
f 680 709 710
f 680 710 711
f 680 711 712
f 680 712 713
f 680 713 714
f 680 714 715
f 680 715 716
f 680 716 681
f 681 716 715
f 681 715 682
f 682 715 683
f 683 715 684
f 684 715 717
f 685 718 686
f 686 718 687
f 687 719 720
f 687 720 721
f 687 721 722
f 687 722 723
f 687 718 724
f 687 724 725
f 687 725 719
f 688 726 689
f 688 690 727
f 688 727 726
f 689 728 729
f 689 729 730
f 689 730 731
f 689 731 732
f 689 726 727
f 689 727 728
f 691 733 734
f 691 734 735
f 691 735 736
f 691 736 692
f 692 736 693
f 693 736 737
f 693 737 694
f 694 737 738
f 694 738 739
f 694 739 697
f 697 740 698
f 697 739 741
f 697 741 740
f 698 740 742
f 698 742 743
f 698 743 744
f 698 744 699
f 699 744 745
f 699 745 746
f 699 746 700
f 700 746 704
f 700 703 747
f 700 747 701
f 701 747 702
f 702 747 703
f 704 748 705
f 704 746 745
f 704 745 748
f 705 748 706
f 706 748 707
f 707 748 749
f 707 749 750
f 707 750 708
f 708 750 751
f 708 751 752
f 708 752 710
f 708 710 709
f 710 752 753
f 710 753 754
f 710 754 755
f 710 755 711
f 711 755 712
f 712 755 756
f 712 756 757
f 712 757 713
f 713 757 758
f 713 758 759
f 713 759 717
f 713 717 715
f 713 715 714
f 719 760 754
f 719 754 761
f 719 761 721
f 719 721 720
f 719 725 760
f 721 761 753
f 721 753 722
f 722 753 752
f 722 752 751
f 722 751 762
f 722 762 723
f 723 762 763
f 725 764 760
f 727 765 766
f 727 766 767
f 727 767 768
f 727 768 728
f 728 768 729
f 729 768 769
f 729 769 770
f 729 770 771
f 729 771 730
f 730 772 731
f 730 771 772
f 731 772 732
f 732 772 734
f 732 734 733
f 734 772 773
f 734 773 735
f 735 773 774
f 735 774 736
f 736 774 737
f 737 739 738
f 737 774 739
f 739 775 776
f 739 776 741
f 739 774 775
f 740 741 777
f 740 777 794
f 740 794 778
f 740 778 779
f 740 779 743
f 740 743 742
f 741 776 771
f 741 771 780
f 741 780 767
f 741 767 777
f 743 779 781
f 743 781 782
f 743 782 783
f 743 783 784
f 743 784 749
f 743 749 785
f 743 785 744
f 744 785 749
f 744 749 748
f 744 748 745
f 749 784 750
f 750 762 751
f 750 784 786
f 750 786 787
f 750 787 762
f 753 761 754
f 754 760 788
f 754 788 755
f 755 788 789
f 755 789 756
f 760 764 788
f 762 787 790
f 762 790 791
f 762 791 763
f 764 789 788
f 765 792 793
f 765 793 766
f 766 793 778
f 766 778 794
f 766 794 767
f 767 780 768
f 767 794 777
f 768 780 770
f 768 770 769
f 770 780 771
f 771 776 795
f 771 795 772
f 772 795 775
f 772 775 773
f 773 775 774
f 775 795 776
f 778 793 779
f 779 793 792
f 779 792 781
f 781 796 797
f 781 797 798
f 781 798 799
f 781 799 782
f 781 792 796
f 782 799 800
f 782 800 801
f 782 801 786
f 782 786 802
f 782 802 803
f 782 803 783
f 783 803 784
f 784 803 786
f 786 801 790
f 786 790 787
f 786 803 802
f 797 804 798
f 798 804 805
f 798 805 806
f 798 806 800
f 798 800 799

o geometry_7
v -133.77336342 56.28683314 -107.93189358 0.72549020 0.94509804 0.22352941
v -124.41572178 56.28683314 -107.93189358 0.72549020 0.94509804 0.22352941
v -133.65707316 56.28683314 -55.40188730 0.72549020 0.94509804 0.22352941
v -135.87207239 57.91604906 -1.28512825 0.72549020 0.94509804 0.22352941
v -132.16417206 66.79767698 -1.28512825 0.72549020 0.94509804 0.22352941
v -121.30822777 85.94742171 -107.93189358 0.72549020 0.94509804 0.22352941
v -115.37451685 78.18749106 -107.93189358 0.72549020 0.94509804 0.22352941
v -114.33327295 76.12062564 -1.28512825 0.72549020 0.94509804 0.22352941
v -121.96272394 57.91604906 -1.28512825 0.72549020 0.94509804 0.22352941
v -124.58881092 56.28683314 -55.40188730 0.72549020 0.94509804 0.22352941
v -122.44413096 89.26102121 -1.28512825 0.72549020 0.94509804 0.22352941
v -117.94110418 93.85813739 -107.93189358 0.72549020 0.94509804 0.22352941
v -111.01482939 88.79027689 -107.93189358 0.72549020 0.94509804 0.22352941
v -109.37588821 90.48569484 -1.28512825 0.72549020 0.94509804 0.22352941
v -109.62199740 92.34292805 -107.93189358 0.72549020 0.94509804 0.22352941
v -109.04593935 93.85813739 -107.93189358 0.72549020 0.94509804 0.22352941
v -120.98909853 92.28776451 -1.28512825 0.72549020 0.94509804 0.22352941
v -119.96138329 93.85813739 -1.28512825 0.72549020 0.94509804 0.22352941
v -108.24269406 93.85813739 -1.28512825 0.72549020 0.94509804 0.22352941
f 807 808 816
f 807 816 809
f 807 809 810
f 807 810 811
f 807 811 812
f 807 812 818
f 807 818 822
f 807 822 821
f 807 821 819
f 807 819 813
f 807 813 808
f 808 813 814
f 808 814 815
f 808 815 816
f 809 816 815
f 809 815 810
f 810 815 814
f 810 814 820
f 810 820 825
f 810 825 824
f 810 824 823
f 810 823 817
f 810 817 811
f 811 817 818
f 811 818 812
f 813 819 814
f 814 819 821
f 814 821 822
f 814 822 820
f 817 823 818
f 818 823 824
f 818 824 825
f 818 825 822
f 820 822 825

o geometry_8
v 67.78282862 170.34053695 -75.97719867 0.14509804 0.90196078 0.72941176
v 80.75195209 170.34053695 -75.97719867 0.14509804 0.90196078 0.72941176
v 67.78282862 170.34053695 -68.33271688 0.14509804 0.90196078 0.72941176
v 67.78282862 210.38485946 -75.97719867 0.14509804 0.90196078 0.72941176
v 78.52111161 171.31273350 -68.33271688 0.14509804 0.90196078 0.72941176
v 77.97598446 170.34053695 -68.33271688 0.14509804 0.90196078 0.72941176
v 89.91396509 193.95942900 -75.97719867 0.14509804 0.90196078 0.72941176
v 89.90521028 193.95942900 -71.76019908 0.14509804 0.90196078 0.72941176
v 89.89207807 193.95942900 -68.33271688 0.14509804 0.90196078 0.72941176
v 67.78282862 210.37702143 -68.33271688 0.14509804 0.90196078 0.72941176
v 67.78282862 210.38093632 -71.76019908 0.14509804 0.90196078 0.72941176
v 68.43960434 210.11436896 -75.97719867 0.14509804 0.90196078 0.72941176
v 90.12632698 198.17751159 -75.97719867 0.14509804 0.90196078 0.72941176
v 90.14602529 198.57736675 -68.33271688 0.14509804 0.90196078 0.72941176
v 67.83099658 210.35741397 -68.33271688 0.14509804 0.90196078 0.72941176
v 84.63130623 203.41483542 -75.97719867 0.14509804 0.90196078 0.72941176
v 84.63130623 203.41483542 -68.33271688 0.14509804 0.90196078 0.72941176
v 90.14602529 198.57736675 -75.97719867 0.14509804 0.90196078 0.72941176
v 88.21292259 201.69388812 -68.33271688 0.14509804 0.90196078 0.72941176
v 88.19540472 201.69388812 -75.97719867 0.14509804 0.90196078 0.72941176
f 826 827 831
f 826 831 828
f 826 828 835
f 826 835 836
f 826 836 829
f 826 829 837
f 826 837 841
f 826 841 845
f 826 845 843
f 826 843 838
f 826 838 832
f 826 832 827
f 827 830 831
f 827 832 833
f 827 833 834
f 827 834 830
f 828 831 830
f 828 830 834
f 828 834 839
f 828 839 844
f 828 844 842
f 828 842 840
f 828 840 835
f 829 836 837
f 832 838 839
f 832 839 833
f 833 839 834
f 835 840 836
f 836 840 837
f 837 840 842
f 837 842 841
f 838 843 839
f 839 843 844
f 841 842 844
f 841 844 845
f 843 845 844

o geometry_9
v -117.21134971 48.10972768 -1.28512825 0.27843137 0.46666667 0.27450980
v -121.96034527 57.91471519 -1.28512825 0.27843137 0.46666667 0.27450980
v -147.92474926 48.10972768 -1.28512825 0.27843137 0.46666667 0.27450980
v -121.15329246 48.10972768 -55.40210940 0.27843137 0.46666667 0.27450980
v -123.92379247 57.91471519 -55.40210940 0.27843137 0.46666667 0.27450980
v -135.87006539 57.91471519 -1.28512825 0.27843137 0.46666667 0.27450980
v -147.34956669 50.77500481 -1.28512825 0.27843137 0.46666667 0.27450980
v -147.93378488 48.10972768 -1.55528838 0.27843137 0.46666667 0.27450980
v -147.95184786 48.10972768 -55.40210940 0.27843137 0.46666667 0.27450980
v -132.77433256 57.91471519 -55.40210940 0.27843137 0.46666667 0.27450980
v -137.52934912 57.90319766 -1.28512825 0.27843137 0.46666667 0.27450980
v -146.80751198 51.89313409 -1.28512825 0.27843137 0.46666667 0.27450980
v -147.38269455 50.77500481 -2.47701677 0.27843137 0.46666667 0.27450980
v -147.95786886 48.10972768 -2.47701677 0.27843137 0.46666667 0.27450980
v -147.97594010 48.10972768 -20.95391741 0.27843137 0.46666667 0.27450980
v -147.86451453 48.65775382 -55.40210940 0.27843137 0.46666667 0.27450980
v -141.69413474 55.40876316 -55.40210940 0.27843137 0.46666667 0.27450980
v -141.69413474 56.41747799 -1.28512825 0.27843137 0.46666667 0.27450980
v -143.62143945 54.84153838 -55.40210940 0.27843137 0.46666667 0.27450980
v -145.25362457 54.35493629 -55.40210940 0.27843137 0.46666667 0.27450980
v -147.41882878 50.77500481 -16.33469121 0.27843137 0.46666667 0.27450980
v -145.16027025 54.58624077 -1.28512825 0.27843137 0.46666667 0.27450980
v -147.47905524 50.77500481 -55.40210940 0.27843137 0.46666667 0.27450980
v -147.47604887 50.77500481 -44.04474695 0.27843137 0.46666667 0.27450980
v -146.27750752 52.71085785 -55.40210940 0.27843137 0.46666667 0.27450980
f 846 847 851
f 846 851 856
f 846 856 863
f 846 863 867
f 846 867 857
f 846 857 852
f 846 852 848
f 846 848 853
f 846 853 859
f 846 859 860
f 846 860 854
f 846 854 849
f 846 849 850
f 846 850 847
f 847 850 855
f 847 855 851
f 848 852 853
f 849 854 861
f 849 861 868
f 849 868 870
f 849 870 865
f 849 865 864
f 849 864 862
f 849 862 855
f 849 855 850
f 851 855 856
f 852 857 858
f 852 858 853
f 853 858 859
f 854 860 861
f 855 862 856
f 856 862 864
f 856 864 865
f 856 865 863
f 857 866 858
f 857 867 868
f 857 868 869
f 857 869 866
f 858 866 859
f 859 866 869
f 859 869 860
f 860 869 868
f 860 868 861
f 863 865 867
f 865 870 867
f 867 870 868

o geometry_10
v -120.63613114 48.13894891 -107.93188945 0.12156863 0.95686275 0.15294118
v -147.94366294 48.13894891 -107.93188945 0.12156863 0.95686275 0.15294118
v -124.41947974 56.28604025 -107.93188945 0.12156863 0.95686275 0.15294118
v -124.59072707 56.28604025 -55.40210940 0.12156863 0.95686275 0.15294118
v -121.21674830 48.13894891 -55.40210940 0.12156863 0.95686275 0.15294118
v -147.96774692 48.13894891 -57.90622169 0.12156863 0.95686275 0.15294118
v -147.59583281 50.77568207 -107.93188945 0.12156863 0.95686275 0.15294118
v -133.77617983 56.28604025 -107.93188945 0.12156863 0.95686275 0.15294118
v -133.66112019 56.28604025 -55.40210940 0.12156863 0.95686275 0.15294118
v -147.94633894 48.13894891 -55.40210940 0.12156863 0.95686275 0.15294118
v -147.95971893 48.13894891 -55.92144291 0.12156863 0.95686275 0.15294118
v -147.48078143 50.77568207 -55.40210940 0.12156863 0.95686275 0.15294118
v -147.48880116 50.77568207 -57.90622169 0.12156863 0.95686275 0.15294118
v -147.51020914 50.77568207 -67.14623816 0.12156863 0.95686275 0.15294118
v -147.21589070 51.39857834 -107.93188945 0.12156863 0.95686275 0.15294118
v -141.69338315 55.65756073 -107.93188945 0.12156863 0.95686275 0.15294118
v -141.69338315 55.42387346 -57.90622169 0.12156863 0.95686275 0.15294118
v -141.69338315 55.40872186 -55.40210940 0.12156863 0.95686275 0.15294118
v -147.86339127 48.65735738 -55.40210940 0.12156863 0.95686275 0.15294118
v -145.25464872 54.35514277 -55.40210940 0.12156863 0.95686275 0.15294118
v -145.25732472 54.36391410 -57.90622169 0.12156863 0.95686275 0.15294118
v -145.32956839 54.46760074 -104.09087889 0.12156863 0.95686275 0.15294118
v -145.33224439 54.46520556 -107.93188945 0.12156863 0.95686275 0.15294118
v -142.30609576 55.46534729 -107.93188945 0.12156863 0.95686275 0.15294118
v -143.61983716 54.84165401 -55.40210940 0.12156863 0.95686275 0.15294118
f 871 872 877
f 871 877 885
f 871 885 893
f 871 893 894
f 871 894 886
f 871 886 878
f 871 878 873
f 871 873 874
f 871 874 875
f 871 875 880
f 871 880 881
f 871 881 876
f 871 876 872
f 872 876 877
f 873 878 879
f 873 879 874
f 874 879 888
f 874 888 895
f 874 895 890
f 874 890 882
f 874 882 889
f 874 889 880
f 874 880 875
f 876 881 882
f 876 882 883
f 876 883 884
f 876 884 877
f 877 884 885
f 878 886 879
f 879 887 888
f 879 886 887
f 880 889 881
f 881 889 882
f 882 890 891
f 882 891 883
f 883 891 892
f 883 892 884
f 884 892 885
f 885 892 893
f 886 894 891
f 886 891 890
f 886 890 895
f 886 895 887
f 887 895 888
f 891 894 892
f 892 894 893

o geometry_11
v 13.53172547 7.47569458 -107.93188945 0.16078431 0.94509804 0.56862745
v 13.52274767 4.64515807 -107.93188945 0.16078431 0.94509804 0.56862745
v 10.76988116 8.80176704 -107.93188945 0.16078431 0.94509804 0.56862745
v 8.89673650 7.27865360 -55.40210940 0.16078431 0.94509804 0.56862745
v 13.39109106 7.27598586 -105.34550882 0.16078431 0.94509804 0.56862745
v 13.21155557 3.05814280 -101.36566436 0.16078431 0.94509804 0.56862745
v 13.21155557 1.96107462 -101.36566436 0.16078431 0.94509804 0.56862745
v 13.00509079 2.38446039 -107.93188945 0.16078431 0.94509804 0.56862745
v 13.21155557 1.96107462 -103.28360308 0.16078431 0.94509804 0.56862745
v 9.94701189 9.13460663 -107.93188945 0.16078431 0.94509804 0.56862745
v 6.10796290 8.56211658 -55.40210940 0.16078431 0.94509804 0.56862745
v 7.37966471 7.98429105 -55.40210940 0.16078431 0.94509804 0.56862745
v 9.51613084 5.82210974 -55.40210940 0.16078431 0.94509804 0.56862745
v 9.96795735 4.58391571 -55.40210940 0.16078431 0.94509804 0.56862745
v 9.89016346 2.08356758 -55.40210940 0.16078431 0.94509804 0.56862745
v 9.81236130 -0.03334477 -55.40210940 0.16078431 0.94509804 0.56862745
v 10.55144873 -0.03334477 -67.14623816 0.16078431 0.94509804 0.56862745
v 8.41797657 -4.39764089 -55.40210940 0.16078431 0.94509804 0.56862745
v 7.99008537 -5.64914883 -55.40210940 0.16078431 0.94509804 0.56862745
v 7.23005662 -7.61162143 -55.40210940 0.16078431 0.94509804 0.56862745
v 6.58073900 -9.27053349 -55.40210940 0.16078431 0.94509804 0.56862745
v 5.57534232 -11.40607872 -55.40210940 0.16078431 0.94509804 0.56862745
v 4.70160638 -13.24073940 -55.40210940 0.16078431 0.94509804 0.56862745
v 4.69562255 -13.27269445 -57.90622169 0.16078431 0.94509804 0.56862745
v 4.69262857 -13.30198176 -62.52365768 0.16078431 0.94509804 0.56862745
v 12.82854928 2.01965749 -107.93188945 0.16078431 0.94509804 0.56862745
v 8.31923308 -6.78615875 -104.09087889 0.16078431 0.94509804 0.56862745
v 4.64774573 -13.12890087 -107.93188945 0.16078431 0.94509804 0.56862745
v 5.95535670 10.64706563 -107.93188945 0.16078431 0.94509804 0.56862745
v 1.49092541 9.40088492 -67.14623816 0.16078431 0.94509804 0.56862745
v 3.60644402 8.72720251 -55.40210940 0.16078431 0.94509804 0.56862745
v 3.59746828 -14.30052532 -55.40210940 0.16078431 0.94509804 0.56862745
v 2.46340691 -15.61327561 -62.52365768 0.16078431 0.94509804 0.56862745
v 4.65971545 -13.16351540 -104.09087889 0.16078431 0.94509804 0.56862745
v 1.79613574 -15.43753524 -107.93188945 0.16078431 0.94509804 0.56862745
v 2.02055407 -15.49079090 -99.47344496 0.16078431 0.94509804 0.56862745
v 1.94574796 -15.47214977 -104.09087889 0.16078431 0.94509804 0.56862745
v 1.46698803 10.79085921 -107.93188945 0.16078431 0.94509804 0.56862745
v -17.03706283 5.92862105 -55.40210940 0.16078431 0.94509804 0.56862745
v 1.49092541 8.85768217 -55.40210940 0.16078431 0.94509804 0.56862745
v 2.22402694 -15.54936552 -55.40210940 0.16078431 0.94509804 0.56862745
v 2.28686333 -15.58132056 -57.90622169 0.16078431 0.94509804 0.56862745
v 0.97326853 -15.99937912 -55.40210940 0.16078431 0.94509804 0.56862745
v 0.15339324 -16.41211046 -62.52365768 0.16078431 0.94509804 0.56862745
v -0.28945960 -16.30559915 -99.47344496 0.16078431 0.94509804 0.56862745
v -0.51387793 -16.26033845 -107.93188945 0.16078431 0.94509804 0.56862745
v -0.36426571 -16.28962575 -104.09087889 0.16078431 0.94509804 0.56862745
v -17.03706283 6.13898420 -107.93188945 0.16078431 0.94509804 0.56862745
v -17.03706283 -9.99214434 -55.40210940 0.16078431 0.94509804 0.56862745
v -0.08598673 -16.35885480 -55.40210940 0.16078431 0.94509804 0.56862745
v -1.33674720 -16.41211046 -62.52365768 0.16078431 0.94509804 0.56862745
v -1.08838943 -16.30559915 -99.47344496 0.16078431 0.94509804 0.56862745
v -0.97468431 -16.26033845 -107.93188945 0.16078431 0.94509804 0.56862745
v -1.04949042 -16.28962575 -104.09087889 0.16078431 0.94509804 0.56862745
v -17.03706283 -9.73917997 -107.93188945 0.16078431 0.94509804 0.56862745
v -17.03706283 -9.99214434 -55.43296184 0.16078431 0.94509804 0.56862745
v -7.74613735 -13.76796875 -55.40210940 0.16078431 0.94509804 0.56862745
v -1.23800165 -16.35885480 -55.40210940 0.16078431 0.94509804 0.56862745
v -2.48576814 -15.87689441 -55.40210940 0.16078431 0.94509804 0.56862745
v -3.54502340 -15.45616812 -55.40210940 0.16078431 0.94509804 0.56862745
v -17.03706283 -9.98149816 -57.95763966 0.16078431 0.94509804 0.56862745
v -17.03706283 -9.79776284 -99.52486293 0.16078431 0.94509804 0.56862745
v -17.03706283 -9.77646223 -104.13715548 0.16078431 0.94509804 0.56862745
v -16.41766745 -9.99214434 -107.93188945 0.16078431 0.94509804 0.56862745
f 896 897 903
f 896 903 921
f 896 921 923
f 896 923 930
f 896 930 941
f 896 941 948
f 896 948 959
f 896 959 950
f 896 950 943
f 896 943 933
f 896 933 924
f 896 924 905
f 896 905 898
f 896 898 899
f 896 899 900
f 896 900 901
f 896 901 902
f 896 902 897
f 897 902 904
f 897 904 903
f 898 905 906
f 898 906 907
f 898 907 899
f 899 907 906
f 899 906 926
f 899 926 935
f 899 935 934
f 899 934 944
f 899 944 952
f 899 952 955
f 899 955 954
f 899 954 953
f 899 953 945
f 899 945 938
f 899 938 936
f 899 936 927
f 899 927 918
f 899 918 917
f 899 917 916
f 899 916 915
f 899 915 914
f 899 914 913
f 899 913 911
f 899 911 910
f 899 910 909
f 899 909 908
f 899 908 900
f 900 908 909
f 900 909 901
f 901 909 902
f 902 909 910
f 902 910 911
f 902 911 912
f 902 912 913
f 902 913 914
f 902 914 915
f 902 915 916
f 902 916 917
f 902 917 918
f 902 918 919
f 902 919 920
f 902 920 904
f 903 904 921
f 904 920 922
f 904 922 923
f 904 923 921
f 905 924 906
f 906 925 926
f 906 924 925
f 911 913 912
f 918 927 928
f 918 928 919
f 919 928 920
f 920 928 929
f 920 929 922
f 922 929 923
f 923 929 928
f 923 928 931
f 923 931 932
f 923 932 930
f 924 933 925
f 925 934 935
f 925 935 926
f 925 933 934
f 927 936 928
f 928 936 937
f 928 937 938
f 928 938 939
f 928 939 940
f 928 940 931
f 930 932 941
f 931 940 942
f 931 942 932
f 932 942 941
f 933 943 934
f 934 943 950
f 934 950 958
f 934 958 957
f 934 957 956
f 934 956 951
f 934 951 944
f 936 938 937
f 938 945 939
f 939 945 953
f 939 953 946
f 939 946 947
f 939 947 940
f 940 947 949
f 940 949 942
f 941 942 949
f 941 949 948
f 944 951 946
f 944 946 952
f 946 953 954
f 946 954 955
f 946 955 952
f 946 951 956
f 946 956 957
f 946 957 958
f 946 958 947
f 947 958 949
f 948 949 959
f 949 958 959
f 950 959 958

o geometry_12
v -148.26864799 46.15235103 -55.40210940 0.67843137 0.78431373 0.44313725
v -148.37188038 46.15235103 -20.95391741 0.67843137 0.78431373 0.44313725
v -147.94751176 48.10972768 -55.40210940 0.67843137 0.78431373 0.44313725
v -146.04357247 42.64042623 -55.40210940 0.67843137 0.78431373 0.44313725
v -146.35324486 42.52164167 -1.28512825 0.67843137 0.78431373 0.44313725
v -148.39481632 46.10586796 -1.28512825 0.67843137 0.78431373 0.44313725
v -147.97044770 48.10972768 -20.95391741 0.67843137 0.78431373 0.44313725
v -121.14328225 48.10972768 -55.40210940 0.67843137 0.78431373 0.44313725
v -143.70379246 41.48872310 -55.40210940 0.67843137 0.78431373 0.44313725
v -141.66222099 40.16142001 -1.28512825 0.67843137 0.78431373 0.44313725
v -144.94249855 41.78826965 -1.28512825 0.67843137 0.78431373 0.44313725
v -147.92456755 48.10972768 -1.28512825 0.67843137 0.78431373 0.44313725
v -147.94751176 48.10972768 -2.47701677 0.67843137 0.78431373 0.44313725
v -147.97044770 48.10972768 -18.99922502 0.67843137 0.78431373 0.44313725
v -117.20923535 48.10972768 -1.28512825 0.67843137 0.78431373 0.44313725
v -113.79132561 47.13878653 -1.28512825 0.67843137 0.78431373 0.44313725
v -109.35263015 45.62039739 -1.28512825 0.67843137 0.78431373 0.44313725
v -100.15408648 42.14462334 -1.28512825 0.67843137 0.78431373 0.44313725
v -31.22236528 14.71548231 -1.28512825 0.67843137 0.78431373 0.44313725
v -31.22236528 11.43080257 -55.40210940 0.67843137 0.78431373 0.44313725
v -141.68515694 40.51778196 -55.40210940 0.67843137 0.78431373 0.44313725
v -112.77053988 28.37066054 -1.28512825 0.67843137 0.78431373 0.44313725
v -31.22236528 -4.65172852 -1.28512825 0.67843137 0.78431373 0.44313725
v -31.22236528 -4.28504251 -55.40210940 0.67843137 0.78431373 0.44313725
f 960 961 962
f 960 962 967
f 960 967 979
f 960 979 983
f 960 983 980
f 960 980 968
f 960 968 963
f 960 963 964
f 960 964 961
f 961 964 965
f 961 965 962
f 962 965 966
f 962 966 973
f 962 973 972
f 962 972 971
f 962 971 974
f 962 974 967
f 963 968 969
f 963 969 970
f 963 970 964
f 964 970 969
f 964 969 981
f 964 981 982
f 964 982 978
f 964 978 977
f 964 977 976
f 964 976 975
f 964 975 974
f 964 974 971
f 964 971 965
f 965 971 972
f 965 972 973
f 965 973 966
f 967 974 975
f 967 975 976
f 967 976 977
f 967 977 978
f 967 978 979
f 968 980 969
f 969 980 981
f 978 982 983
f 978 983 979
f 980 983 981
f 981 983 982

o geometry_13
v -120.63223277 48.13894065 -107.93188945 0.51372549 0.36862745 0.45882353
v -121.21054560 48.13894065 -55.40210940 0.51372549 0.36862745 0.45882353
v -111.41777352 44.48568354 -107.93188945 0.51372549 0.36862745 0.45882353
v -147.94146598 48.13894065 -107.93188945 0.51372549 0.36862745 0.45882353
v -147.94146598 48.13894065 -55.40210940 0.51372549 0.36862745 0.45882353
v -17.03706283 5.93301497 -55.40210940 0.51372549 0.36862745 0.45882353
v -17.03706283 6.14355982 -107.93188945 0.51372549 0.36862745 0.45882353
v -148.19849390 46.15297873 -107.93188945 0.51372549 0.36862745 0.45882353
v -148.32700787 46.15297873 -57.90622169 0.51372549 0.36862745 0.45882353
v -147.96716877 48.13894065 -57.90622169 0.51372549 0.36862745 0.45882353
v -147.95431738 48.13894065 -55.92144291 0.51372549 0.36862745 0.45882353
v -148.26275088 46.15297873 -55.40210940 0.51372549 0.36862745 0.45882353
v -17.03706283 -9.99449822 -55.40210940 0.51372549 0.36862745 0.45882353
v -17.03706283 -9.73842838 -107.93188945 0.51372549 0.36862745 0.45882353
v -145.93664819 42.72164772 -107.93188945 0.51372549 0.36862745 0.45882353
v -146.09086495 42.64767786 -57.90622169 0.51372549 0.36862745 0.45882353
v -146.03945936 42.64198723 -55.40210940 0.51372549 0.36862745 0.45882353
v -17.03706283 -9.79533462 -99.52486293 0.51372549 0.36862745 0.45882353
v -30.85232188 -4.43494794 -55.40210940 0.51372549 0.36862745 0.45882353
v -30.85232188 -4.38942294 -67.14623816 0.51372549 0.36862745 0.45882353
v -17.03706283 -9.77257212 -104.13715548 0.51372549 0.36862745 0.45882353
v -30.08123812 -4.49754481 -107.93188945 0.51372549 0.36862745 0.45882353
v -141.68283609 40.51945858 -55.40210940 0.51372549 0.36862745 0.45882353
v -143.70050527 41.48683173 -55.40210940 0.51372549 0.36862745 0.45882353
v -141.68283609 40.69585969 -107.93188945 0.51372549 0.36862745 0.45882353
v -30.85232188 -4.21871246 -104.09087889 0.51372549 0.36862745 0.45882353
f 984 985 986
f 984 986 990
f 984 990 997
f 984 997 1005
f 984 1005 1008
f 984 1008 998
f 984 998 991
f 984 991 987
f 984 987 993
f 984 993 994
f 984 994 988
f 984 988 985
f 985 988 995
f 985 995 1000
f 985 1000 1007
f 985 1007 1006
f 985 1006 1002
f 985 1002 996
f 985 996 989
f 985 989 986
f 986 989 990
f 987 991 992
f 987 992 993
f 988 994 992
f 988 992 995
f 989 996 1001
f 989 1001 1004
f 989 1004 997
f 989 997 990
f 991 998 999
f 991 999 992
f 992 994 993
f 992 999 1000
f 992 1000 995
f 996 1002 1003
f 996 1003 1001
f 997 1004 1005
f 998 1006 1007
f 998 1007 999
f 998 1008 1006
f 999 1007 1000
f 1001 1003 1009
f 1001 1009 1004
f 1002 1006 1008
f 1002 1008 1003
f 1003 1008 1009
f 1004 1009 1005
f 1005 1009 1008

o geometry_14
v -31.22236528 -4.28261429 -55.40210940 0.52549020 0.40784314 0.97254902
v -31.22236528 11.42476506 -55.40210940 0.52549020 0.40784314 0.97254902
v -30.84043062 -4.43823512 -55.40210940 0.52549020 0.40784314 0.97254902
v -31.22236528 -4.29353302 -53.28207092 0.52549020 0.40784314 0.97254902
v -31.22236528 11.42476506 -55.09979393 0.52549020 0.40784314 0.97254902
v 1.48964936 9.83300072 -16.30769585 0.52549020 0.40784314 0.97254902
v 1.48964936 9.74836817 -25.57233832 0.52549020 0.40784314 0.97254902
v 1.48964936 9.28694854 -44.04421733 0.52549020 0.40784314 0.97254902
v 1.48964936 9.15316517 -48.66314515 0.52549020 0.40784314 0.97254902
v 6.10643287 8.56342154 -55.40210940 0.52549020 0.40784314 0.97254902
v -30.84043062 -4.44916211 -53.28207092 0.52549020 0.40784314 0.97254902
v -7.74811751 -13.76764664 -55.40210940 0.52549020 0.40784314 0.97254902
v -3.69374156 -15.49319434 -39.42529054 0.52549020 0.40784314 0.97254902
v -3.72731748 -15.50412133 -34.81019191 0.52549020 0.40784314 0.97254902
v -31.22236528 -4.42459083 -25.57233832 0.52549020 0.40784314 0.97254902
v -31.22236528 11.42203125 -53.28207092 0.52549020 0.40784314 0.97254902
v 6.10643287 8.74634746 -16.30769585 0.52549020 0.40784314 0.97254902
v 6.10643287 8.84464081 -20.95340946 0.52549020 0.40784314 0.97254902
v 6.10643287 8.86921209 -25.57233832 0.52549020 0.40784314 0.97254902
v 6.10643287 8.77637810 -44.04421733 0.52549020 0.40784314 0.97254902
v -31.22236528 11.41111252 -48.66314515 0.52549020 0.40784314 0.97254902
v -31.22236528 11.33466488 -16.33448473 0.52549020 0.40784314 0.97254902
v -31.21397181 11.33193933 -16.30769585 0.52549020 0.40784314 0.97254902
v 6.10643287 8.70812364 -48.66314515 0.52549020 0.40784314 0.97254902
v 7.38234483 7.98186283 -55.40210940 0.52549020 0.40784314 0.97254902
v -30.84043062 -4.58021166 -25.57233832 0.52549020 0.40784314 0.97254902
v -3.81125833 -15.53961134 -20.95340946 0.52549020 0.40784314 0.97254902
v -3.54684250 -15.45497053 -55.40210940 0.52549020 0.40784314 0.97254902
v -3.62238988 -15.46589752 -48.66314515 0.52549020 0.40784314 0.97254902
v -1.31399916 -16.39146233 -48.66314515 0.52549020 0.40784314 0.97254902
v -1.38534877 -16.41604186 -39.42529054 0.52549020 0.40784314 0.97254902
v -1.41892469 -16.42696060 -34.81019191 0.52549020 0.40784314 0.97254902
v -1.50286760 -16.46518441 -20.95340946 0.52549020 0.40784314 0.97254902
v -31.22236528 -4.43823512 -21.40497168 0.52549020 0.40784314 0.97254902
v 8.84292334 7.20100011 -16.30769585 0.52549020 0.40784314 0.97254902
v 8.91427502 7.21738647 -25.57233832 0.52549020 0.40784314 0.97254902
v 8.90588362 7.27472220 -53.28207092 0.52549020 0.40784314 0.97254902
v 8.89328826 7.27744775 -55.40210940 0.52549020 0.40784314 0.97254902
v -31.22236528 -4.27442111 -16.30769585 0.52549020 0.40784314 0.97254902
v -7.74811751 -13.96695891 -16.33448473 0.52549020 0.40784314 0.97254902
v -3.81545609 -15.55326388 -16.33448473 0.52549020 0.40784314 0.97254902
v -2.48917921 -15.87544079 -55.40210940 0.52549020 0.40784314 0.97254902
v -1.23845178 -16.35870614 -55.40210940 0.52549020 0.40784314 0.97254902
v -0.05487619 -16.39146233 -48.66314515 0.52549020 0.40784314 0.97254902
v -1.34337732 -16.40510661 -44.04421733 0.52549020 0.40784314 0.97254902
v 0.21793516 -16.46518441 -20.95340946 0.52549020 0.40784314 0.97254902
v -1.49447207 -16.46244234 -16.30769585 0.52549020 0.40784314 0.97254902
v -1.50706330 -16.46244234 -16.33448473 0.52549020 0.40784314 0.97254902
v -3.81545609 -15.55326388 -16.30769585 0.52549020 0.40784314 0.97254902
v -30.84043062 -4.60478293 -16.33448473 0.52549020 0.40784314 0.97254902
v -31.22236528 -4.44916211 -16.33448473 0.52549020 0.40784314 0.97254902
v 10.41683118 4.58537760 -16.30769585 0.52549020 0.40784314 0.97254902
v 10.98763221 4.58537760 -25.57233832 0.52549020 0.40784314 0.97254902
v 9.51445834 5.82220059 -55.40210940 0.52549020 0.40784314 0.97254902
v -31.22236528 -4.44916211 -16.30769585 0.52549020 0.40784314 0.97254902
v -7.74811751 -13.96695891 -16.30769585 0.52549020 0.40784314 0.97254902
v -0.08425435 -16.35870614 -55.40210940 0.52549020 0.40784314 0.97254902
v 0.08782510 -16.41604186 -39.42529054 0.52549020 0.40784314 0.97254902
v -0.00870697 -16.40510661 -44.04421733 0.52549020 0.40784314 0.97254902
v 0.26410232 -16.46244234 -16.33448473 0.52549020 0.40784314 0.97254902
v 0.26410232 -16.46244234 -16.30769585 0.52549020 0.40784314 0.97254902
v 0.12979655 -16.42696060 -34.81019191 0.52549020 0.40784314 0.97254902
v 2.57249511 -15.63517089 -16.33448473 0.52549020 0.40784314 0.97254902
v -1.51965453 -16.45699124 -16.30769585 0.52549020 0.40784314 0.97254902
v -30.84043062 -4.60478293 -16.30769585 0.52549020 0.40784314 0.97254902
v 10.95824992 -0.03427807 -16.30769585 0.52549020 0.40784314 0.97254902
v 11.65496739 -0.03427807 -25.57233832 0.52549020 0.40784314 0.97254902
v 10.05168139 4.58537760 -53.28207092 0.52549020 0.40784314 0.97254902
v 9.96774261 4.58537760 -55.40210940 0.52549020 0.40784314 0.97254902
v 0.97340894 -16.00103097 -55.40210940 0.52549020 0.40784314 0.97254902
v 2.22413638 -15.55053007 -55.40210940 0.52549020 0.40784314 0.97254902
v 2.56409958 -15.63790470 -16.30769585 0.52549020 0.40784314 0.97254902
v 2.58508634 -15.62151834 -16.30769585 0.52549020 0.40784314 0.97254902
v 2.40041359 -15.55872325 -39.42529054 0.52549020 0.40784314 0.97254902
v 3.59658041 -14.30005454 -55.40210940 0.52549020 0.40784314 0.97254902
v 4.70041292 -13.24070636 -55.40210940 0.52549020 0.40784314 0.97254902
v 4.78855152 -13.32534718 -16.33448473 0.52549020 0.40784314 0.97254902
v 4.78855152 -13.32534718 -16.30769585 0.52549020 0.40784314 0.97254902
v 9.62357958 -4.67031184 -16.30769585 0.52549020 0.40784314 0.97254902
v 9.63197924 -4.65119993 -16.33448473 0.52549020 0.40784314 0.97254902
v 9.81245216 -0.03427807 -55.40210940 0.52549020 0.40784314 0.97254902
v 9.88799953 2.08443480 -55.40210940 0.52549020 0.40784314 0.97254902
v 8.66245043 -7.33507690 -16.30769585 0.52549020 0.40784314 0.97254902
v 8.66245043 -7.33781071 -16.33448473 0.52549020 0.40784314 0.97254902
v 9.77047864 -4.65119993 -25.57233832 0.52549020 0.40784314 0.97254902
v 6.58070184 -9.27085560 -55.40210940 0.52549020 0.40784314 0.97254902
v 7.22705025 -7.61083680 -55.40210940 0.52549020 0.40784314 0.97254902
v 7.98671973 -5.65048683 -55.40210940 0.52549020 0.40784314 0.97254902
v 8.41902136 -4.39728575 -55.40210940 0.52549020 0.40784314 0.97254902
v 5.57340346 -11.40594657 -55.40210940 0.52549020 0.40784314 0.97254902
v 8.60788981 -7.25316990 -25.57233832 0.52549020 0.40784314 0.97254902
v 8.53653813 -7.14395781 -28.76387434 0.52549020 0.40784314 0.97254902
f 1010 1011 1019
f 1010 1019 1034
f 1010 1034 1047
f 1010 1047 1063
f 1010 1063 1078
f 1010 1078 1091
f 1010 1091 1090
f 1010 1090 1098
f 1010 1098 1097
f 1010 1097 1096
f 1010 1096 1095
f 1010 1095 1099
f 1010 1099 1085
f 1010 1085 1084
f 1010 1084 1080
f 1010 1080 1079
f 1010 1079 1066
f 1010 1066 1052
f 1010 1052 1051
f 1010 1051 1037
f 1010 1037 1021
f 1010 1021 1012
f 1010 1012 1020
f 1010 1020 1013
f 1010 1013 1024
f 1010 1024 1043
f 1010 1043 1060
f 1010 1060 1064
f 1010 1064 1048
f 1010 1048 1031
f 1010 1031 1030
f 1010 1030 1025
f 1010 1025 1014
f 1010 1014 1011
f 1011 1014 1015
f 1011 1015 1016
f 1011 1016 1017
f 1011 1017 1018
f 1011 1018 1019
f 1012 1021 1022
f 1012 1022 1023
f 1012 1023 1020
f 1013 1020 1035
f 1013 1035 1024
f 1014 1025 1015
f 1015 1026 1027
f 1015 1027 1028
f 1015 1028 1029
f 1015 1029 1016
f 1015 1025 1030
f 1015 1030 1031
f 1015 1031 1032
f 1015 1032 1048
f 1015 1048 1064
f 1015 1064 1074
f 1015 1074 1065
f 1015 1065 1058
f 1015 1058 1073
f 1015 1073 1056
f 1015 1056 1070
f 1015 1070 1081
f 1015 1081 1082
f 1015 1082 1087
f 1015 1087 1092
f 1015 1092 1088
f 1015 1088 1075
f 1015 1075 1061
f 1015 1061 1044
f 1015 1044 1026
f 1016 1029 1033
f 1016 1033 1019
f 1016 1019 1017
f 1017 1019 1018
f 1019 1033 1034
f 1020 1023 1036
f 1020 1036 1035
f 1021 1037 1038
f 1021 1038 1022
f 1022 1038 1039
f 1022 1039 1040
f 1022 1040 1041
f 1022 1041 1023
f 1023 1041 1042
f 1023 1042 1036
f 1024 1035 1043
f 1026 1044 1027
f 1027 1044 1045
f 1027 1045 1028
f 1028 1045 1046
f 1028 1046 1047
f 1028 1047 1029
f 1029 1047 1033
f 1031 1048 1032
f 1033 1047 1034
f 1035 1036 1049
f 1035 1049 1043
f 1036 1050 1049
f 1036 1042 1050
f 1037 1051 1039
f 1037 1039 1038
f 1039 1052 1066
f 1039 1066 1053
f 1039 1053 1068
f 1039 1068 1054
f 1039 1054 1040
f 1039 1051 1052
f 1040 1054 1042
f 1040 1042 1041
f 1042 1054 1068
f 1042 1068 1055
f 1042 1055 1070
f 1042 1070 1056
f 1042 1056 1057
f 1042 1057 1058
f 1042 1058 1050
f 1043 1059 1060
f 1043 1049 1059
f 1044 1061 1062
f 1044 1062 1045
f 1045 1062 1046
f 1046 1062 1047
f 1047 1062 1063
f 1049 1050 1058
f 1049 1058 1065
f 1049 1065 1074
f 1049 1074 1059
f 1053 1066 1067
f 1053 1067 1068
f 1055 1069 1070
f 1055 1068 1067
f 1055 1067 1071
f 1055 1071 1072
f 1055 1072 1069
f 1056 1073 1057
f 1057 1073 1058
f 1059 1074 1064
f 1059 1064 1060
f 1061 1075 1076
f 1061 1076 1062
f 1062 1076 1077
f 1062 1077 1063
f 1063 1077 1078
f 1066 1079 1067
f 1067 1079 1080
f 1067 1080 1071
f 1069 1072 1070
f 1070 1072 1081
f 1071 1080 1072
f 1072 1082 1081
f 1072 1080 1083
f 1072 1083 1084
f 1072 1084 1085
f 1072 1085 1086
f 1072 1086 1087
f 1072 1087 1082
f 1075 1088 1089
f 1075 1089 1076
f 1076 1090 1091
f 1076 1091 1078
f 1076 1078 1077
f 1076 1089 1092
f 1076 1092 1093
f 1076 1093 1094
f 1076 1094 1095
f 1076 1095 1096
f 1076 1096 1097
f 1076 1097 1098
f 1076 1098 1090
f 1080 1084 1083
f 1085 1099 1100
f 1085 1100 1093
f 1085 1093 1086
f 1086 1093 1087
f 1087 1093 1092
f 1088 1092 1089
f 1093 1100 1094
f 1094 1100 1101
f 1094 1101 1095
f 1095 1101 1100
f 1095 1100 1099

o geometry_15
v -63.68671798 231.97945015 0.54674494 0.84705882 0.29019608 0.11764706
v -63.68671798 225.80953288 -56.91443006 0.84705882 0.29019608 0.11764706
v -72.08809105 212.16680960 0.54674494 0.84705882 0.29019608 0.11764706
v -63.68671798 167.99396371 0.54674494 0.84705882 0.29019608 0.11764706
v -63.68671798 172.07174637 -56.91443006 0.84705882 0.29019608 0.11764706
v -75.52070225 196.83284755 -56.91443006 0.84705882 0.29019608 0.11764706
v -72.22363363 211.83482896 0.54674494 0.84705882 0.29019608 0.11764706
v -75.52070225 169.27179388 0.54674494 0.84705882 0.29019608 0.11764706
v -75.52070225 173.96970183 -56.91443006 0.84705882 0.29019608 0.11764706
v -75.52070225 203.40365239 0.54674494 0.84705882 0.29019608 0.11764706
f 1102 1103 1104
f 1102 1104 1108
f 1102 1108 1111
f 1102 1111 1109
f 1102 1109 1105
f 1102 1105 1106
f 1102 1106 1103
f 1103 1106 1110
f 1103 1110 1107
f 1103 1107 1104
f 1104 1107 1108
f 1105 1109 1106
f 1106 1109 1110
f 1107 1110 1109
f 1107 1109 1111
f 1107 1111 1108

o geometry_16
v 27.55316024 136.20319430 -37.71700054 0.78823529 0.34509804 0.04705882
v 27.55316024 136.25792836 -49.21138914 0.78823529 0.34509804 0.04705882
v 35.41886299 117.00192423 -48.66439540 0.78823529 0.34509804 0.04705882
v 35.68227945 117.27560280 -45.74521544 0.78823529 0.34509804 0.04705882
v 38.44507357 116.57498697 -44.97829640 0.78823529 0.34509804 0.04705882
v 38.73911946 120.37363996 -42.77528340 0.78823529 0.34509804 0.04705882
v 38.80650669 130.72962695 -37.71700054 0.78823529 0.34509804 0.04705882
v 27.55316024 227.09723286 -37.71700054 0.78823529 0.34509804 0.04705882
v 27.55316024 136.30171891 -53.28282767 0.78823529 0.34509804 0.04705882
v 35.47399763 117.03476301 -53.28282767 0.78823529 0.34509804 0.04705882
v 38.44507357 115.33795751 -53.28282767 0.78823529 0.34509804 0.04705882
v 38.44507357 115.29417108 -48.66439540 0.78823529 0.34509804 0.04705882
v 42.15739260 116.66256395 -45.13055261 0.78823529 0.34509804 0.04705882
v 52.30195099 125.37647950 -37.71700054 0.78823529 0.34509804 0.04705882
v 49.54527698 125.75963033 -37.71700054 0.78823529 0.34509804 0.04705882
v 48.45485749 126.23035401 -37.71700054 0.78823529 0.34509804 0.04705882
v 84.62852286 203.34195578 -37.71700054 0.78823529 0.34509804 0.04705882
v 84.62852286 203.38574633 -48.66439540 0.78823529 0.34509804 0.04705882
v 27.55316024 227.10818462 -46.63995466 0.78823529 0.34509804 0.04705882
v 27.55316024 136.47687287 -56.92005461 0.78823529 0.34509804 0.04705882
v 35.56588594 117.12233999 -56.92005461 0.78823529 0.34509804 0.04705882
v 36.19685562 116.76108444 -56.92005461 0.78823529 0.34509804 0.04705882
v 38.44507357 115.49122032 -56.92005461 0.78823529 0.34509804 0.04705882
v 42.94763783 116.12615444 -56.92005461 0.78823529 0.34509804 0.04705882
v 42.93538935 116.06046861 -53.28282767 0.78823529 0.34509804 0.04705882
v 42.87413048 116.04952097 -48.66439540 0.78823529 0.34509804 0.04705882
v 56.68198925 125.74868269 -37.71700054 0.78823529 0.34509804 0.04705882
v 53.93144360 125.49689939 -37.71700054 0.78823529 0.34509804 0.04705882
v 88.13256007 201.64515027 -37.71700054 0.78823529 0.34509804 0.04705882
v 88.13256007 201.65609378 -39.42940984 0.78823529 0.34509804 0.04705882
v 88.16318537 201.67799732 -48.66439540 0.78823529 0.34509804 0.04705882
v 87.42195055 202.02830523 -56.92005461 0.78823529 0.34509804 0.04705882
v 84.62852286 203.37479456 -56.92005461 0.78823529 0.34509804 0.04705882
v 27.55316024 227.11912813 -56.92005461 0.78823529 0.34509804 0.04705882
v 58.48914662 127.00760330 -56.92005461 0.78823529 0.34509804 0.04705882
v 58.97309749 127.34696358 -56.92005461 0.78823529 0.34509804 0.04705882
v 58.98534596 127.33601594 -53.28282767 0.78823529 0.34509804 0.04705882
v 58.99147432 127.32506830 -48.66439540 0.78823529 0.34509804 0.04705882
v 58.98534596 127.32506830 -37.71700054 0.78823529 0.34509804 0.04705882
v 58.13997022 126.74487237 -37.71700054 0.78823529 0.34509804 0.04705882
v 88.84928970 200.51759719 -37.71700054 0.78823529 0.34509804 0.04705882
v 90.07448365 198.57995190 -37.71700054 0.78823529 0.34509804 0.04705882
v 90.08060376 198.57995190 -39.42940984 0.78823529 0.34509804 0.04705882
v 90.11123732 198.57995190 -48.66439540 0.78823529 0.34509804 0.04705882
v 90.12961416 198.57995190 -56.92005461 0.78823529 0.34509804 0.04705882
v 88.16931374 201.66704555 -56.92005461 0.78823529 0.34509804 0.04705882
v 60.09414228 129.65680793 -56.92005461 0.78823529 0.34509804 0.04705882
v 60.10026239 129.64586029 -53.28282767 0.78823529 0.34509804 0.04705882
v 60.10639075 129.63491265 -48.66439540 0.78823529 0.34509804 0.04705882
v 60.11864748 129.63491265 -37.71700054 0.78823529 0.34509804 0.04705882
v 89.91520398 193.96026319 -39.42940984 0.78823529 0.34509804 0.04705882
v 89.90295551 193.96026319 -37.71700054 0.78823529 0.34509804 0.04705882
v 89.93970918 193.96026319 -56.92005461 0.78823529 0.34509804 0.04705882
f 1112 1113 1114
f 1112 1114 1115
f 1112 1115 1116
f 1112 1116 1117
f 1112 1117 1118
f 1112 1118 1127
f 1112 1127 1126
f 1112 1126 1125
f 1112 1125 1139
f 1112 1139 1138
f 1112 1138 1151
f 1112 1151 1150
f 1112 1150 1161
f 1112 1161 1163
f 1112 1163 1153
f 1112 1153 1152
f 1112 1152 1140
f 1112 1140 1128
f 1112 1128 1119
f 1112 1119 1130
f 1112 1130 1145
f 1112 1145 1131
f 1112 1131 1120
f 1112 1120 1113
f 1113 1120 1114
f 1114 1121 1122
f 1114 1122 1123
f 1114 1123 1115
f 1114 1120 1121
f 1115 1123 1116
f 1116 1123 1124
f 1116 1124 1125
f 1116 1125 1126
f 1116 1126 1117
f 1117 1126 1127
f 1117 1127 1118
f 1119 1128 1129
f 1119 1129 1130
f 1120 1131 1121
f 1121 1132 1133
f 1121 1133 1122
f 1121 1131 1132
f 1122 1133 1134
f 1122 1134 1135
f 1122 1135 1136
f 1122 1136 1123
f 1123 1136 1137
f 1123 1137 1124
f 1124 1137 1138
f 1124 1138 1139
f 1124 1139 1125
f 1128 1140 1141
f 1128 1141 1129
f 1129 1141 1142
f 1129 1142 1143
f 1129 1143 1144
f 1129 1144 1145
f 1129 1145 1130
f 1131 1145 1144
f 1131 1144 1143
f 1131 1143 1157
f 1131 1157 1156
f 1131 1156 1164
f 1131 1164 1158
f 1131 1158 1147
f 1131 1147 1146
f 1131 1146 1135
f 1131 1135 1134
f 1131 1134 1133
f 1131 1133 1132
f 1135 1146 1136
f 1136 1146 1147
f 1136 1147 1148
f 1136 1148 1149
f 1136 1149 1150
f 1136 1150 1137
f 1137 1150 1151
f 1137 1151 1138
f 1140 1152 1142
f 1140 1142 1141
f 1142 1152 1153
f 1142 1153 1154
f 1142 1154 1155
f 1142 1155 1156
f 1142 1156 1157
f 1142 1157 1143
f 1147 1158 1148
f 1148 1158 1159
f 1148 1159 1160
f 1148 1160 1149
f 1149 1160 1161
f 1149 1161 1150
f 1153 1162 1154
f 1153 1163 1162
f 1154 1162 1155
f 1155 1162 1156
f 1156 1162 1164
f 1158 1164 1159
f 1159 1164 1160
f 1160 1164 1161
f 1161 1164 1162
f 1161 1162 1163

o geometry_17
v -7.74940595 15.38297028 -1.28512825 0.68235294 0.95294118 0.24705882
v -3.12850520 15.25789217 -1.28512825 0.68235294 0.95294118 0.24705882
v -31.21369513 11.33361596 -16.30622570 0.68235294 0.95294118 0.24705882
v -10.05552125 15.36733551 -1.28512825 0.68235294 0.95294118 0.24705882
v 1.48805945 14.78572725 -1.28512825 0.68235294 0.95294118 0.24705882
v 1.48805945 9.83269513 -16.30622570 0.68235294 0.95294118 0.24705882
v -31.22236528 -4.27281056 -16.30622570 0.68235294 0.95294118 0.24705882
v -31.22236528 11.39302475 -14.02843138 0.68235294 0.95294118 0.24705882
v -31.22236528 14.71068368 -1.28512825 0.68235294 0.95294118 0.24705882
v -19.20629032 15.18910086 -1.28512825 0.68235294 0.95294118 0.24705882
v -16.98253628 15.25477017 -1.28512825 0.68235294 0.95294118 0.24705882
v -14.65474767 15.31104871 -1.28512825 0.68235294 0.95294118 0.24705882
v 5.92689945 13.97273604 -1.28512825 0.68235294 0.95294118 0.24705882
v 6.08294976 8.75078267 -16.30622570 0.68235294 0.95294118 0.24705882
v -31.22236528 -4.44792322 -16.30622570 0.68235294 0.95294118 0.24705882
v -31.22236528 -4.65116689 -1.28512825 0.68235294 0.95294118 0.24705882
v 8.21567445 12.54998903 -1.28512825 0.68235294 0.95294118 0.24705882
v 8.83988394 7.19983556 -16.30622570 0.68235294 0.95294118 0.24705882
v 6.10896020 8.74453042 -16.30622570 0.68235294 0.95294118 0.24705882
v -30.84090140 -4.60426260 -16.30622570 0.68235294 0.95294118 0.24705882
v -30.84090140 -4.80751453 -1.28512825 0.68235294 0.95294118 0.24705882
v 9.67216876 11.54937239 -1.28512825 0.68235294 0.95294118 0.24705882
v 13.06198465 6.92779232 -4.88195815 0.68235294 0.95294118 0.24705882
v 8.85289226 7.18420079 -16.30622570 0.68235294 0.95294118 0.24705882
v -10.83578518 -12.98126674 -1.28512825 0.68235294 0.95294118 0.24705882
v -7.72773161 -13.97563113 -16.30622570 0.68235294 0.95294118 0.24705882
v 11.61415842 9.06659995 -1.28512825 0.68235294 0.95294118 0.24705882
v 13.06198465 6.92779232 -4.45404631 0.68235294 0.95294118 0.24705882
v 13.06198465 6.78707944 -4.88195815 0.68235294 0.95294118 0.24705882
v 10.95960444 -0.03584733 -16.30622570 0.68235294 0.95294118 0.24705882
v 10.41775622 4.58573275 -16.30622570 0.68235294 0.95294118 0.24705882
v -7.64970439 -14.26956138 -1.28512825 0.68235294 0.95294118 0.24705882
v -3.81773978 -15.55471751 -16.30622570 0.68235294 0.95294118 0.24705882
v 12.62416996 4.90155003 -1.28512825 0.68235294 0.95294118 0.24705882
v 13.06198465 6.78707944 -4.45404631 0.68235294 0.95294118 0.24705882
v 11.38875105 -0.03584733 -2.47770229 0.68235294 0.95294118 0.24705882
v 9.62448810 -4.66993191 -16.30622570 0.68235294 0.95294118 0.24705882
v -1.95377320 -16.55846441 -1.28512825 0.68235294 0.95294118 0.24705882
v -1.52029462 -16.45527331 -16.30622570 0.68235294 0.95294118 0.24705882
v 11.35840655 -0.03584733 -1.28512825 0.68235294 0.95294118 0.24705882
v 9.82388709 -4.65116689 -2.47770229 0.68235294 0.95294118 0.24705882
v 8.66216135 -7.33719127 -16.30622570 0.68235294 0.95294118 0.24705882
v -0.87874277 -16.56158640 -1.28512825 0.68235294 0.95294118 0.24705882
v -1.49428417 -16.46151731 -16.30622570 0.68235294 0.95294118 0.24705882
v 9.41208079 -5.60487924 -1.28512825 0.68235294 0.95294118 0.24705882
v 8.71417812 -7.41223483 -1.28512825 0.68235294 0.95294118 0.24705882
v 8.74018651 -7.45600887 -2.47770229 0.68235294 0.95294118 0.24705882
v 4.79118003 -13.42842264 -11.71387512 0.68235294 0.95294118 0.24705882
v 4.78684599 -13.32523155 -16.30622570 0.68235294 0.95294118 0.24705882
v 0.68612118 -16.56158640 -1.28512825 0.68235294 0.95294118 0.24705882
v 0.26564473 -16.46151731 -16.30622570 0.68235294 0.95294118 0.24705882
v 6.54677696 -10.81431984 -1.28512825 0.68235294 0.95294118 0.24705882
v 4.79118003 -13.55349250 -1.28512825 0.68235294 0.95294118 0.24705882
v 2.79717154 -15.74858693 -7.09652378 0.68235294 0.95294118 0.24705882
v 2.70613806 -15.73920442 -11.71387512 0.68235294 0.95294118 0.24705882
v 2.58476423 -15.62350882 -16.30622570 0.68235294 0.95294118 0.24705882
v 2.44171605 -15.92369134 -1.28512825 0.68235294 0.95294118 0.24705882
v 2.56309195 -15.63914359 -16.30622570 0.68235294 0.95294118 0.24705882
v 2.84485220 -15.72983017 -1.28512825 0.68235294 0.95294118 0.24705882
f 1165 1166 1167
f 1165 1167 1168
f 1165 1168 1176
f 1165 1176 1175
f 1165 1175 1174
f 1165 1174 1173
f 1165 1173 1180
f 1165 1180 1185
f 1165 1185 1189
f 1165 1189 1196
f 1165 1196 1202
f 1165 1202 1207
f 1165 1207 1214
f 1165 1214 1221
f 1165 1221 1223
f 1165 1223 1217
f 1165 1217 1216
f 1165 1216 1210
f 1165 1210 1209
f 1165 1209 1204
f 1165 1204 1198
f 1165 1198 1191
f 1165 1191 1186
f 1165 1186 1181
f 1165 1181 1177
f 1165 1177 1169
f 1165 1169 1166
f 1166 1169 1170
f 1166 1170 1167
f 1167 1171 1172
f 1167 1172 1173
f 1167 1173 1174
f 1167 1174 1175
f 1167 1175 1176
f 1167 1176 1168
f 1167 1170 1178
f 1167 1178 1183
f 1167 1183 1182
f 1167 1182 1188
f 1167 1188 1195
f 1167 1195 1194
f 1167 1194 1201
f 1167 1201 1206
f 1167 1206 1213
f 1167 1213 1220
f 1167 1220 1222
f 1167 1222 1215
f 1167 1215 1208
f 1167 1208 1203
f 1167 1203 1197
f 1167 1197 1190
f 1167 1190 1184
f 1167 1184 1179
f 1167 1179 1171
f 1169 1177 1170
f 1170 1177 1178
f 1171 1179 1180
f 1171 1180 1173
f 1171 1173 1172
f 1177 1181 1182
f 1177 1182 1183
f 1177 1183 1178
f 1179 1184 1185
f 1179 1185 1180
f 1181 1186 1182
f 1182 1186 1187
f 1182 1187 1188
f 1184 1189 1185
f 1184 1190 1189
f 1186 1191 1187
f 1187 1191 1192
f 1187 1192 1199
f 1187 1199 1193
f 1187 1193 1194
f 1187 1194 1195
f 1187 1195 1188
f 1189 1190 1196
f 1190 1197 1196
f 1191 1198 1192
f 1192 1198 1199
f 1193 1199 1198
f 1193 1198 1200
f 1193 1200 1194
f 1194 1200 1201
f 1196 1197 1202
f 1197 1203 1202
f 1198 1204 1200
f 1200 1204 1205
f 1200 1205 1201
f 1201 1205 1206
f 1202 1203 1208
f 1202 1208 1207
f 1204 1209 1205
f 1205 1209 1210
f 1205 1210 1211
f 1205 1211 1206
f 1206 1211 1212
f 1206 1212 1213
f 1207 1208 1215
f 1207 1215 1214
f 1210 1216 1211
f 1211 1216 1217
f 1211 1217 1212
f 1212 1217 1218
f 1212 1218 1213
f 1213 1218 1219
f 1213 1219 1220
f 1214 1215 1219
f 1214 1219 1218
f 1214 1218 1221
f 1215 1222 1219
f 1217 1223 1218
f 1218 1223 1221
f 1219 1222 1220

o geometry_18
v 27.54704013 133.18057237 0.54674494 0.56470588 0.23921569 0.85490196
v 27.54704013 136.19597984 -37.71699848 0.56470588 0.23921569 0.85490196
v 34.26087870 129.74748626 0.54674494 0.56470588 0.23921569 0.85490196
v 27.54704013 227.47319401 0.54674494 0.56470588 0.23921569 0.85490196
v 38.80657277 130.73564382 -37.71699848 0.56470588 0.23921569 0.85490196
v 27.54704013 227.09627478 -37.71699848 0.56470588 0.23921569 0.85490196
v 48.45232190 126.22271833 -37.71699848 0.56470588 0.23921569 0.85490196
v 49.54255142 125.75410902 -37.71699848 0.56470588 0.23921569 0.85490196
v 47.71318492 124.77613925 0.54674494 0.56470588 0.23921569 0.85490196
v 28.94524064 226.97402133 0.54674494 0.56470588 0.23921569 0.85490196
v 27.54704013 227.10645844 -37.39488765 0.56470588 0.23921569 0.85490196
v 27.81189782 226.99439691 -37.71699848 0.56470588 0.23921569 0.85490196
v 52.30200055 125.37718153 -37.71699848 0.56470588 0.23921569 0.85490196
v 52.30200055 123.40087055 0.54674494 0.56470588 0.23921569 0.85490196
v 56.58284519 215.50325007 0.54674494 0.56470588 0.23921569 0.85490196
v 84.49146057 203.90004169 0.54674494 0.56470588 0.23921569 0.85490196
v 84.62696186 203.33974230 -37.71699848 0.56470588 0.23921569 0.85490196
v 53.93426000 125.49943085 -37.71699848 0.56470588 0.23921569 0.85490196
v 57.34661951 124.62333070 0.54674494 0.56470588 0.23921569 0.85490196
v 56.68755598 125.75410902 -37.71699848 0.56470588 0.23921569 0.85490196
v 85.77263574 203.28880749 0.54674494 0.56470588 0.23921569 0.85490196
v 88.13787077 201.64866871 -37.71699848 0.56470588 0.23921569 0.85490196
v 57.46364486 124.69464108 0.54674494 0.56470588 0.23921569 0.85490196
v 58.99735491 127.32293741 -37.71699848 0.56470588 0.23921569 0.85490196
v 88.75382100 201.74035467 0.54674494 0.56470588 0.23921569 0.85490196
v 90.07810947 198.57213864 -37.71699848 0.56470588 0.23921569 0.85490196
v 59.47779560 126.47740062 0.54674494 0.56470588 0.23921569 0.85490196
v 60.11838318 129.63542886 -37.71699848 0.56470588 0.23921569 0.85490196
v 60.82672141 128.42315237 0.54674494 0.56470588 0.23921569 0.85490196
v 90.46615390 198.79626171 0.54674494 0.56470588 0.23921569 0.85490196
v 89.90564802 193.95734767 -37.71699848 0.56470588 0.23921569 0.85490196
v 61.16549941 129.16681955 0.54674494 0.56470588 0.23921569 0.85490196
v 89.94259992 193.95734767 0.54674494 0.56470588 0.23921569 0.85490196
f 1224 1225 1226
f 1224 1226 1232
f 1224 1232 1237
f 1224 1237 1242
f 1224 1242 1246
f 1224 1246 1250
f 1224 1250 1252
f 1224 1252 1255
f 1224 1255 1256
f 1224 1256 1253
f 1224 1253 1248
f 1224 1248 1244
f 1224 1244 1239
f 1224 1239 1238
f 1224 1238 1233
f 1224 1233 1227
f 1224 1227 1234
f 1224 1234 1229
f 1224 1229 1225
f 1225 1228 1226
f 1225 1229 1235
f 1225 1235 1240
f 1225 1240 1245
f 1225 1245 1249
f 1225 1249 1254
f 1225 1254 1251
f 1225 1251 1247
f 1225 1247 1243
f 1225 1243 1241
f 1225 1241 1236
f 1225 1236 1231
f 1225 1231 1230
f 1225 1230 1228
f 1226 1230 1231
f 1226 1231 1232
f 1226 1228 1230
f 1227 1233 1234
f 1229 1234 1235
f 1231 1236 1237
f 1231 1237 1232
f 1233 1238 1235
f 1233 1235 1234
f 1235 1238 1239
f 1235 1239 1240
f 1236 1241 1237
f 1237 1241 1243
f 1237 1243 1242
f 1239 1244 1240
f 1240 1244 1245
f 1242 1243 1246
f 1243 1247 1246
f 1244 1248 1245
f 1245 1248 1249
f 1246 1247 1250
f 1247 1251 1252
f 1247 1252 1250
f 1248 1253 1249
f 1249 1253 1254
f 1251 1254 1252
f 1252 1254 1255
f 1253 1256 1254
f 1254 1256 1255

o geometry_19
v -60.54338708 170.90850919 -57.34699806 0.29803922 0.58823529 0.44705882
v -60.54338708 170.90850919 -56.92005667 0.29803922 0.58823529 0.44705882
v -60.54338708 171.00345755 -64.51175668 0.29803922 0.58823529 0.44705882
v -16.98974144 153.72249248 -57.90643849 0.29803922 0.58823529 0.44705882
v -16.98974144 153.71062393 -56.92005667 0.29803922 0.58823529 0.44705882
v -60.54338708 260.58914388 -56.92005667 0.29803922 0.58823529 0.44705882
v -60.54338708 171.08654150 -69.13449719 0.29803922 0.58823529 0.44705882
v -16.85827583 153.84117793 -67.14210544 0.29803922 0.58823529 0.44705882
v -12.37299303 152.01338482 -62.52427093 0.29803922 0.58823529 0.44705882
v -12.37299303 151.93030500 -57.90643849 0.29803922 0.58823529 0.44705882
v -60.54338708 171.13401981 -71.76484594 0.29803922 0.58823529 0.44705882
v -12.37299303 151.91843646 -56.92005667 0.29803922 0.58823529 0.44705882
v -60.45058613 260.71969787 -56.92005667 0.29803922 0.58823529 0.44705882
v -60.54338708 260.76717205 -60.57113954 0.29803922 0.58823529 0.44705882
v -19.01585158 154.81441928 -71.76484594 0.29803922 0.58823529 0.44705882
v -12.37299303 153.27147538 -107.05373274 0.29803922 0.58823529 0.44705882
v -10.71034366 152.63056155 -107.05373274 0.29803922 0.58823529 0.44705882
v -12.37299303 152.13207440 -67.14210544 0.29803922 0.58823529 0.44705882
v -60.54338708 172.08351994 -107.05373274 0.29803922 0.58823529 0.44705882
v 4.32308899 145.66357691 -62.52427093 0.29803922 0.58823529 0.44705882
v 4.16068732 145.60423418 -56.92005667 0.29803922 0.58823529 0.44705882
v -11.63060087 151.63358311 -56.92005667 0.29803922 0.58823529 0.44705882
v -59.96339350 260.87398896 -56.92005667 0.29803922 0.58823529 0.44705882
v -60.54338708 260.80277769 -62.43103224 0.29803922 0.58823529 0.44705882
v 12.21100088 143.99007901 -107.05373274 0.29803922 0.58823529 0.44705882
v 18.45946363 140.52438951 -70.65578120 0.29803922 0.58823529 0.44705882
v 18.45946363 140.41756847 -67.14210544 0.29803922 0.58823529 0.44705882
v -60.54338708 260.62474951 -107.05373274 0.29803922 0.58823529 0.44705882
v 18.45946363 140.37009429 -65.35091630 0.29803922 0.58823529 0.44705882
v 18.45946363 140.29888302 -62.52427093 0.29803922 0.58823529 0.44705882
v 18.45946363 140.19206199 -56.92005667 0.29803922 0.58823529 0.44705882
v -58.14608138 261.41995855 -56.92005667 0.29803922 0.58823529 0.44705882
v -58.27754390 261.44369564 -62.52427093 0.29803922 0.58823529 0.44705882
v -60.54338708 260.86212867 -99.21175882 0.29803922 0.58823529 0.44705882
v 18.45946363 141.78248007 -107.05373274 0.29803922 0.58823529 0.44705882
v -60.54338708 260.76717205 -104.91411983 0.29803922 0.58823529 0.44705882
v -60.47378637 260.73156642 -107.05373274 0.29803922 0.58823529 0.44705882
v 18.45946363 230.90527661 -56.92005667 0.29803922 0.58823529 0.44705882
v -54.97544953 261.41995855 -56.92005667 0.29803922 0.58823529 0.44705882
v -54.95998408 261.44369564 -62.52427093 0.29803922 0.58823529 0.44705882
v -58.36261006 261.43181884 -99.47185092 0.29803922 0.58823529 0.44705882
v -60.54338708 260.86212867 -99.47185092 0.29803922 0.58823529 0.44705882
v 18.45946363 230.91715342 -107.05373274 0.29803922 0.58823529 0.44705882
v -58.16928162 261.40809827 -107.05373274 0.29803922 0.58823529 0.44705882
v 18.45946363 230.91715342 -85.61343934 0.29803922 0.58823529 0.44705882
v -22.12461751 247.81831679 -56.92005667 0.29803922 0.58823529 0.44705882
v -54.48825690 261.23006183 -56.92005667 0.29803922 0.58823529 0.44705882
v -52.64774454 260.50605580 -62.52427093 0.29803922 0.58823529 0.44705882
v -55.00638455 261.43181884 -99.47185092 0.29803922 0.58823529 0.44705882
v -52.67094065 260.50605580 -56.92005667 0.29803922 0.58823529 0.44705882
v -52.66320999 260.50605580 -57.90643849 0.29803922 0.58823529 0.44705882
v -58.25434779 261.41995855 -104.08968130 0.29803922 0.58823529 0.44705882
v -30.01252940 251.09410957 -107.05373274 0.29803922 0.58823529 0.44705882
v 10.67981815 234.15733230 -99.47185092 0.29803922 0.58823529 0.44705882
v -55.03731545 261.40809827 -107.05373274 0.29803922 0.58823529 0.44705882
v -22.12461751 247.81831679 -57.90643849 0.29803922 0.58823529 0.44705882
v -36.43885721 253.77645032 -56.92005667 0.29803922 0.58823529 0.44705882
v -50.02617124 259.41413313 -56.92005667 0.29803922 0.58823529 0.44705882
v -42.46305753 256.28077115 -56.92005667 0.29803922 0.58823529 0.44705882
v -42.46305753 256.28077115 -62.52427093 0.29803922 0.58823529 0.44705882
v -52.70961047 260.47045843 -104.08968130 0.29803922 0.58823529 0.44705882
v -55.02185000 261.41995855 -104.08968130 0.29803922 0.58823529 0.44705882
v -50.52883344 259.55655568 -107.05373274 0.29803922 0.58823529 0.44705882
v -52.72507591 260.45858162 -107.05373274 0.29803922 0.58823529 0.44705882
f 1257 1258 1262
f 1257 1262 1270
f 1257 1270 1280
f 1257 1280 1290
f 1257 1290 1298
f 1257 1298 1292
f 1257 1292 1284
f 1257 1284 1275
f 1257 1275 1267
f 1257 1267 1263
f 1257 1263 1259
f 1257 1259 1260
f 1257 1260 1261
f 1257 1261 1258
f 1258 1261 1268
f 1258 1268 1278
f 1258 1278 1277
f 1258 1277 1287
f 1258 1287 1294
f 1258 1294 1302
f 1258 1302 1313
f 1258 1313 1315
f 1258 1315 1314
f 1258 1314 1306
f 1258 1306 1303
f 1258 1303 1295
f 1258 1295 1288
f 1258 1288 1279
f 1258 1279 1269
f 1258 1269 1262
f 1259 1263 1260
f 1260 1264 1265
f 1260 1265 1266
f 1260 1266 1268
f 1260 1268 1261
f 1260 1263 1267
f 1260 1267 1264
f 1262 1269 1270
f 1264 1271 1272
f 1264 1272 1273
f 1264 1273 1274
f 1264 1274 1265
f 1264 1267 1275
f 1264 1275 1271
f 1265 1274 1276
f 1265 1276 1277
f 1265 1277 1266
f 1266 1278 1268
f 1266 1277 1278
f 1269 1279 1270
f 1270 1279 1280
f 1271 1275 1272
f 1272 1275 1284
f 1272 1284 1293
f 1272 1293 1300
f 1272 1300 1311
f 1272 1311 1320
f 1272 1320 1319
f 1272 1319 1309
f 1272 1309 1299
f 1272 1299 1291
f 1272 1291 1281
f 1272 1281 1273
f 1273 1281 1282
f 1273 1282 1283
f 1273 1283 1274
f 1274 1283 1276
f 1276 1283 1285
f 1276 1285 1286
f 1276 1286 1277
f 1277 1286 1287
f 1279 1288 1280
f 1280 1288 1289
f 1280 1289 1290
f 1281 1291 1282
f 1282 1291 1299
f 1282 1299 1301
f 1282 1301 1294
f 1282 1294 1287
f 1282 1287 1286
f 1282 1286 1285
f 1282 1285 1283
f 1284 1292 1293
f 1288 1295 1296
f 1288 1296 1289
f 1289 1296 1305
f 1289 1305 1297
f 1289 1297 1290
f 1290 1297 1298
f 1292 1298 1300
f 1292 1300 1293
f 1294 1301 1302
f 1295 1303 1296
f 1296 1304 1305
f 1296 1303 1306
f 1296 1306 1307
f 1296 1307 1304
f 1297 1305 1318
f 1297 1318 1308
f 1297 1308 1298
f 1298 1308 1300
f 1299 1309 1310
f 1299 1310 1301
f 1300 1308 1318
f 1300 1318 1311
f 1301 1310 1302
f 1302 1312 1313
f 1302 1310 1312
f 1304 1307 1314
f 1304 1314 1315
f 1304 1315 1316
f 1304 1316 1309
f 1304 1309 1305
f 1305 1317 1318
f 1305 1309 1317
f 1306 1314 1307
f 1309 1319 1317
f 1309 1316 1313
f 1309 1313 1312
f 1309 1312 1310
f 1311 1318 1317
f 1311 1317 1320
f 1313 1316 1315
f 1317 1319 1320

o geometry_20
v -63.68556169 167.99854346 0.54674494 0.93333333 0.90588235 0.87058824
v -63.68556169 172.08282616 -56.91443006 0.93333333 0.90588235 0.87058824
v -62.71215103 166.74184046 0.54674494 0.93333333 0.90588235 0.87058824
v -63.68556169 231.97723667 0.54674494 0.93333333 0.90588235 0.87058824
v -63.68556169 225.80683210 -56.91443006 0.93333333 0.90588235 0.87058824
v -16.98868839 153.70983930 -56.91443006 0.93333333 0.90588235 0.87058824
v -12.37169013 151.91275822 -56.91443006 0.93333333 0.90588235 0.87058824
v 27.54703600 136.48045739 -56.91443006 0.93333333 0.90588235 0.87058824
v 11.03479254 138.85562416 0.54674494 0.93333333 0.90588235 0.87058824
v -63.53374425 253.99465976 0.54674494 0.93333333 0.90588235 0.87058824
v -63.60518678 253.99465976 -11.71614228 0.93333333 0.90588235 0.87058824
v -63.60518678 253.99465976 -56.91443006 0.93333333 0.90588235 0.87058824
v 27.54703600 133.17533187 0.54674494 0.93333333 0.90588235 0.87058824
v 24.56429387 134.01732131 0.54674494 0.93333333 0.90588235 0.87058824
v 27.54703600 227.11380092 -56.91443006 0.93333333 0.90588235 0.87058824
v -61.99772160 258.55648415 0.54674494 0.93333333 0.90588235 0.87058824
v -62.01558223 258.58161705 -2.47959779 0.93333333 0.90588235 0.87058824
v -62.00664985 258.59418763 -7.09787003 0.93333333 0.90588235 0.87058824
v -61.98878922 258.46851486 -39.42575822 0.93333333 0.90588235 0.87058824
v -63.25690238 254.93718908 -56.91443006 0.93333333 0.90588235 0.87058824
v 27.54703600 227.46567809 0.54674494 0.93333333 0.90588235 0.87058824
v 22.45672685 229.23762627 -56.91443006 0.93333333 0.90588235 0.87058824
v 23.90344634 229.06168768 0.54674494 0.93333333 0.90588235 0.87058824
v -60.75640145 260.85624809 0.54674494 0.93333333 0.90588235 0.87058824
v -60.78319034 260.89395157 -2.47959779 0.93333333 0.90588235 0.87058824
v -60.87249350 260.94422564 -12.90867916 0.93333333 0.90588235 0.87058824
v -61.78339401 259.07173758 -11.50800913 0.93333333 0.90588235 0.87058824
v -61.78339401 259.04659642 -16.22753155 0.93333333 0.90588235 0.87058824
v -61.97092859 258.40567847 -56.91443006 0.93333333 0.90588235 0.87058824
v -9.16569009 242.42043310 -56.91443006 0.93333333 0.90588235 0.87058824
v -29.98236764 251.09168135 -56.91443006 0.93333333 0.90588235 0.87058824
v -42.45808649 256.28185312 -56.91443006 0.93333333 0.90588235 0.87058824
v -31.93811722 252.19757868 0.54674494 0.93333333 0.90588235 0.87058824
v -59.23823944 261.35893920 0.54674494 0.93333333 0.90588235 0.87058824
v -60.87249350 260.94422564 -14.61310795 0.93333333 0.90588235 0.87058824
v -60.79212272 260.22790071 -56.91443006 0.93333333 0.90588235 0.87058824
v -45.73552906 257.63908774 -56.91443006 0.93333333 0.90588235 0.87058824
v -49.31660444 259.12200339 -56.91443006 0.93333333 0.90588235 0.87058824
v -52.66549161 260.50437092 -56.91443006 0.93333333 0.90588235 0.87058824
v -52.34399816 260.61747311 0.54674494 0.93333333 0.90588235 0.87058824
v -58.44343510 261.56000243 0.54674494 0.93333333 0.90588235 0.87058824
v -58.26482878 261.45947081 -39.42575822 0.93333333 0.90588235 0.87058824
v -58.13980435 261.42177559 -56.91443006 0.93333333 0.90588235 0.87058824
v -59.96159712 260.86881867 -56.91443006 0.93333333 0.90588235 0.87058824
v -60.45276657 260.71801299 -56.91443006 0.93333333 0.90588235 0.87058824
v -54.48728644 261.23326642 -56.91443006 0.93333333 0.90588235 0.87058824
v -54.65696451 261.56000243 0.54674494 0.93333333 0.90588235 0.87058824
v -53.13880249 260.94422564 0.54674494 0.93333333 0.90588235 0.87058824
v -54.97845589 261.42177559 -56.91443006 0.93333333 0.90588235 0.87058824
f 1321 1322 1323
f 1321 1323 1329
f 1321 1329 1334
f 1321 1334 1333
f 1321 1333 1341
f 1321 1341 1343
f 1321 1343 1353
f 1321 1353 1360
f 1321 1360 1368
f 1321 1368 1367
f 1321 1367 1361
f 1321 1361 1354
f 1321 1354 1344
f 1321 1344 1336
f 1321 1336 1330
f 1321 1330 1324
f 1321 1324 1325
f 1321 1325 1322
f 1322 1325 1332
f 1322 1332 1340
f 1322 1340 1349
f 1322 1349 1356
f 1322 1356 1365
f 1322 1365 1364
f 1322 1364 1363
f 1322 1363 1369
f 1322 1369 1366
f 1322 1366 1359
f 1322 1359 1358
f 1322 1358 1357
f 1322 1357 1352
f 1322 1352 1351
f 1322 1351 1350
f 1322 1350 1342
f 1322 1342 1335
f 1322 1335 1328
f 1322 1328 1327
f 1322 1327 1326
f 1322 1326 1323
f 1323 1326 1327
f 1323 1327 1328
f 1323 1328 1329
f 1324 1330 1331
f 1324 1331 1332
f 1324 1332 1325
f 1328 1333 1334
f 1328 1334 1329
f 1328 1335 1341
f 1328 1341 1333
f 1330 1336 1337
f 1330 1337 1331
f 1331 1337 1332
f 1332 1337 1338
f 1332 1338 1339
f 1332 1339 1340
f 1335 1342 1343
f 1335 1343 1341
f 1336 1344 1345
f 1336 1345 1346
f 1336 1346 1337
f 1337 1346 1347
f 1337 1347 1338
f 1338 1347 1339
f 1339 1347 1348
f 1339 1348 1349
f 1339 1349 1340
f 1342 1350 1343
f 1343 1350 1351
f 1343 1351 1352
f 1343 1352 1353
f 1344 1354 1345
f 1345 1354 1346
f 1346 1354 1355
f 1346 1355 1347
f 1347 1355 1348
f 1348 1355 1349
f 1349 1355 1356
f 1352 1357 1353
f 1353 1357 1358
f 1353 1358 1359
f 1353 1359 1360
f 1354 1361 1355
f 1355 1361 1362
f 1355 1362 1363
f 1355 1363 1364
f 1355 1364 1365
f 1355 1365 1356
f 1359 1366 1367
f 1359 1367 1368
f 1359 1368 1360
f 1361 1367 1369
f 1361 1369 1363
f 1361 1363 1362
f 1366 1369 1367

o geometry_21
v -60.54338502 233.51616657 -56.92005667 0.66274510 0.79607843 0.68235294
v -60.54491505 234.23532442 -107.05373274 0.66274510 0.79607843 0.68235294
v -62.36354452 231.06732314 -107.05373274 0.66274510 0.79607843 0.68235294
v -66.68507836 221.19753353 -107.05373274 0.66274510 0.79607843 0.68235294
v -60.76535448 232.97680438 -56.92005667 0.66274510 0.79607843 0.68235294
v -60.54491505 170.90005998 -56.92005667 0.66274510 0.79607843 0.68235294
v -60.54491505 171.00545629 -64.51175668 0.66274510 0.79607843 0.68235294
v -60.54491505 171.04885040 -67.14210544 0.66274510 0.79607843 0.68235294
v -60.54491505 171.08605007 -69.13449719 0.66274510 0.79607843 0.68235294
v -60.54491505 171.13564688 -71.76484594 0.66274510 0.79607843 0.68235294
v -60.54491505 172.07798624 -107.05373274 0.66274510 0.79607843 0.68235294
v -60.96589531 232.48703074 -56.92005667 0.66274510 0.79607843 0.68235294
v -75.83638738 198.23416179 -107.05373274 0.66274510 0.79607843 0.68235294
v -76.18082709 195.21495094 -56.92005667 0.66274510 0.79607843 0.68235294
v -75.23477107 197.53360378 -56.92005667 0.66274510 0.79607843 0.68235294
v -76.18082709 172.87773787 -56.92005667 0.66274510 0.79607843 0.68235294
v -76.18082709 172.27637347 -81.00051289 0.66274510 0.79607843 0.68235294
v -76.18082709 172.18958112 -85.61343934 0.66274510 0.79607843 0.68235294
v -76.18082709 172.28257617 -92.42486716 0.66274510 0.79607843 0.68235294
v -76.18082709 172.51816307 -107.05373274 0.66274510 0.79607843 0.68235294
v -76.18082709 196.75865469 -107.05373274 0.66274510 0.79607843 0.68235294
f 1370 1371 1372
f 1370 1372 1373
f 1370 1373 1374
f 1370 1374 1381
f 1370 1381 1384
f 1370 1384 1383
f 1370 1383 1385
f 1370 1385 1375
f 1370 1375 1376
f 1370 1376 1377
f 1370 1377 1378
f 1370 1378 1379
f 1370 1379 1380
f 1370 1380 1371
f 1371 1380 1389
f 1371 1389 1390
f 1371 1390 1382
f 1371 1382 1373
f 1371 1373 1372
f 1373 1381 1374
f 1373 1382 1383
f 1373 1383 1384
f 1373 1384 1381
f 1375 1385 1386
f 1375 1386 1387
f 1375 1387 1388
f 1375 1388 1376
f 1376 1388 1389
f 1376 1389 1377
f 1377 1389 1378
f 1378 1389 1379
f 1379 1389 1380
f 1382 1390 1383
f 1383 1390 1389
f 1383 1389 1388
f 1383 1388 1387
f 1383 1387 1386
f 1383 1386 1385

o geometry_22
v -60.54368855 247.46728206 -107.05373274 0.47843137 0.78431373 0.47450980
v -61.64384156 248.62211545 -107.05373274 0.47843137 0.78431373 0.47450980
v -60.54368855 260.62713644 -107.05373274 0.47843137 0.78431373 0.47450980
v -60.54368855 247.81373291 -57.90643849 0.47843137 0.78431373 0.47450980
v -62.36416603 249.44493517 -107.05373274 0.47843137 0.78431373 0.47450980
v -62.50318782 249.90949332 -56.92005667 0.47843137 0.78431373 0.47450980
v -61.93959918 258.42507945 -107.05373274 0.47843137 0.78431373 0.47450980
v -60.54368855 260.76755198 -104.91411983 0.47843137 0.78431373 0.47450980
v -60.54368855 247.82291720 -57.01820550 0.47843137 0.78431373 0.47450980
v -62.74759974 250.88979220 -107.05373274 0.47843137 0.78431373 0.47450980
v -62.50348722 249.90424044 -57.90643849 0.47843137 0.78431373 0.47450980
v -62.73979268 250.77692952 -56.92005667 0.47843137 0.78431373 0.47450980
v -63.61084849 254.00784153 -56.92005667 0.47843137 0.78431373 0.47450980
v -63.61024557 254.00784153 -57.90643849 0.47843137 0.78431373 0.47450980
v -60.54368855 247.82423042 -56.92005667 0.47843137 0.78431373 0.47450980
v -61.94139970 258.46969593 -104.08968130 0.47843137 0.78431373 0.47450980
v -60.67670380 260.83841636 -99.47185092 0.47843137 0.78431373 0.47450980
v -60.56830938 260.77936271 -104.08968130 0.47843137 0.78431373 0.47450980
v -63.44240105 254.00784153 -107.05373274 0.47843137 0.78431373 0.47450980
v -63.50155381 254.00784153 -99.47185092 0.47843137 0.78431373 0.47450980
v -60.54368855 260.78723378 -104.04060895 0.47843137 0.78431373 0.47450980
v -63.58322543 254.00784153 -71.76484594 0.47843137 0.78431373 0.47450980
v -63.57271553 254.00784153 -76.38268045 0.47843137 0.78431373 0.47450980
v -61.97172560 258.41588690 -56.92005667 0.47843137 0.78431373 0.47450980
v -61.96662139 258.48544632 -62.52427093 0.47843137 0.78431373 0.47450980
v -61.94170116 258.53006280 -99.47185092 0.47843137 0.78431373 0.47450980
v -60.54368855 260.59826209 -56.92005667 0.47843137 0.78431373 0.47450980
v -60.54368855 260.87384855 -99.47185092 0.47843137 0.78431373 0.47450980
v -60.59323167 260.79511310 -62.52427093 0.47843137 0.78431373 0.47450980
v -60.54368855 260.80823706 -62.43103224 0.47843137 0.78431373 0.47450980
v -60.79500520 260.23344267 -56.92005667 0.47843137 0.78431373 0.47450980
v -60.54368855 260.76886520 -60.57113954 0.47843137 0.78431373 0.47450980
f 1391 1392 1395
f 1391 1395 1400
f 1391 1400 1409
f 1391 1409 1397
f 1391 1397 1393
f 1391 1393 1398
f 1391 1398 1411
f 1391 1411 1418
f 1391 1418 1420
f 1391 1420 1422
f 1391 1422 1417
f 1391 1417 1405
f 1391 1405 1399
f 1391 1399 1394
f 1391 1394 1392
f 1392 1394 1396
f 1392 1396 1395
f 1393 1397 1398
f 1394 1399 1396
f 1395 1396 1401
f 1395 1401 1402
f 1395 1402 1403
f 1395 1403 1404
f 1395 1404 1400
f 1396 1402 1401
f 1396 1399 1405
f 1396 1405 1417
f 1396 1417 1421
f 1396 1421 1414
f 1396 1414 1403
f 1396 1403 1402
f 1397 1406 1407
f 1397 1407 1408
f 1397 1408 1398
f 1397 1409 1410
f 1397 1410 1406
f 1398 1408 1411
f 1400 1410 1409
f 1400 1404 1412
f 1400 1412 1413
f 1400 1413 1410
f 1403 1414 1415
f 1403 1415 1416
f 1403 1416 1404
f 1404 1416 1412
f 1406 1410 1416
f 1406 1416 1407
f 1407 1418 1411
f 1407 1411 1408
f 1407 1416 1415
f 1407 1415 1419
f 1407 1419 1420
f 1407 1420 1418
f 1410 1413 1416
f 1412 1416 1413
f 1414 1421 1419
f 1414 1419 1415
f 1417 1422 1419
f 1417 1419 1421
f 1419 1422 1420

o geometry_23
v 18.45946776 140.72013791 -75.97719867 0.12156863 0.72549020 0.59215686
v 18.45946776 141.78444577 -107.05373274 0.12156863 0.72549020 0.59215686
v 20.60219028 140.65813571 -107.05373274 0.12156863 0.72549020 0.59215686
v 49.49847180 126.57409168 -107.05373274 0.12156863 0.72549020 0.59215686
v 49.37656524 126.60509279 -75.97719867 0.12156863 0.72549020 0.59215686
v 18.45946776 230.89728992 -75.97719867 0.12156863 0.72549020 0.59215686
v 18.45946776 230.91795457 -107.05373274 0.12156863 0.72549020 0.59215686
v 50.42682824 126.16076568 -107.05373274 0.12156863 0.72549020 0.59215686
v 52.29760663 125.36511890 -107.05373274 0.12156863 0.72549020 0.59215686
v 52.29760663 125.55111312 -75.97719867 0.12156863 0.72549020 0.59215686
v 19.96921773 230.27730091 -75.97719867 0.12156863 0.72549020 0.59215686
v 18.45946776 230.90762224 -79.49064730 0.12156863 0.72549020 0.59215686
v 18.45946776 230.92828689 -99.47320131 0.12156863 0.72549020 0.59215686
v 61.53429153 213.03132202 -104.09087889 0.12156863 0.72549020 0.59215686
v 65.11643649 211.53301938 -107.05373274 0.12156863 0.72549020 0.59215686
v 53.83549587 125.43744930 -107.05373274 0.12156863 0.72549020 0.59215686
v 56.62525645 125.83010652 -75.97719867 0.12156863 0.72549020 0.59215686
v 29.20590263 226.45405187 -85.61712916 0.12156863 0.72549020 0.59215686
v 23.15751612 228.96499662 -85.61712916 0.12156863 0.72549020 0.59215686
v 18.45946776 230.91795457 -88.72904186 0.12156863 0.72549020 0.59215686
v 43.06092998 220.67782836 -75.97719867 0.12156863 0.72549020 0.59215686
v 33.33661885 224.73875390 -85.61712916 0.12156863 0.72549020 0.59215686
v 29.20590263 226.46437593 -99.47320131 0.12156863 0.72549020 0.59215686
v 19.96921773 230.29797381 -94.85248019 0.12156863 0.72549020 0.59215686
v 29.20590263 226.46437593 -94.85248019 0.12156863 0.72549020 0.59215686
v 61.53429153 213.03132202 -94.85248019 0.12156863 0.72549020 0.59215686
v 66.15263398 211.10936105 -104.09087889 0.12156863 0.72549020 0.59215686
v 66.35424232 211.01636187 -107.05373274 0.12156863 0.72549020 0.59215686
v 56.62525645 125.78877310 -107.05373274 0.12156863 0.72549020 0.59215686
v 58.93208204 127.39040724 -75.97719867 0.12156863 0.72549020 0.59215686
v 45.79442028 219.54119010 -75.97719867 0.12156863 0.72549020 0.59215686
v 61.53429153 212.98998447 -75.97719867 0.12156863 0.72549020 0.59215686
v 66.12450297 211.07836408 -75.97719867 0.12156863 0.72549020 0.59215686
v 66.35424232 211.01636187 -92.81133408 0.12156863 0.72549020 0.59215686
v 66.15263398 211.10936105 -99.47320131 0.12156863 0.72549020 0.59215686
v 66.35424232 144.09906604 -107.05373274 0.12156863 0.72549020 0.59215686
v 58.93208204 127.38007492 -107.05373274 0.12156863 0.72549020 0.59215686
v 66.35424232 138.83950623 -85.61712916 0.12156863 0.72549020 0.59215686
v 66.35424232 139.44916292 -81.36752927 0.12156863 0.72549020 0.59215686
v 66.35424232 140.44114038 -78.28299392 0.12156863 0.72549020 0.59215686
v 66.35424232 141.68111427 -75.97719867 0.12156863 0.72549020 0.59215686
v 66.35424232 210.97503257 -75.97719867 0.12156863 0.72549020 0.59215686
v 66.35424232 140.50313845 -94.85248019 0.12156863 0.72549020 0.59215686
v 64.42251891 139.58349139 -107.05373274 0.12156863 0.72549020 0.59215686
v 59.35406375 128.20672693 -107.05373274 0.12156863 0.72549020 0.59215686
v 66.35424232 139.21149881 -90.37777852 0.12156863 0.72549020 0.59215686
v 60.09956035 129.68436080 -107.05373274 0.12156863 0.72549020 0.59215686
f 1423 1424 1425
f 1423 1425 1426
f 1423 1426 1427
f 1423 1427 1432
f 1423 1432 1439
f 1423 1439 1452
f 1423 1452 1463
f 1423 1463 1464
f 1423 1464 1455
f 1423 1455 1454
f 1423 1454 1453
f 1423 1453 1443
f 1423 1443 1433
f 1423 1433 1428
f 1423 1428 1434
f 1423 1434 1442
f 1423 1442 1435
f 1423 1435 1429
f 1423 1429 1424
f 1424 1429 1437
f 1424 1437 1450
f 1424 1450 1458
f 1424 1458 1466
f 1424 1466 1469
f 1424 1469 1467
f 1424 1467 1459
f 1424 1459 1451
f 1424 1451 1438
f 1424 1438 1431
f 1424 1431 1430
f 1424 1430 1426
f 1424 1426 1425
f 1426 1430 1427
f 1427 1430 1431
f 1427 1431 1432
f 1428 1433 1434
f 1429 1435 1436
f 1429 1436 1437
f 1431 1438 1432
f 1432 1438 1439
f 1433 1440 1441
f 1433 1441 1442
f 1433 1442 1434
f 1433 1443 1444
f 1433 1444 1440
f 1435 1445 1436
f 1435 1442 1446
f 1435 1446 1447
f 1435 1447 1445
f 1436 1448 1457
f 1436 1457 1449
f 1436 1449 1437
f 1436 1445 1447
f 1436 1447 1448
f 1437 1449 1450
f 1438 1451 1439
f 1439 1451 1452
f 1440 1447 1441
f 1440 1444 1447
f 1441 1446 1442
f 1441 1447 1446
f 1443 1453 1448
f 1443 1448 1444
f 1444 1448 1447
f 1448 1454 1455
f 1448 1455 1456
f 1448 1456 1457
f 1448 1453 1454
f 1449 1457 1456
f 1449 1456 1450
f 1450 1456 1464
f 1450 1464 1463
f 1450 1463 1462
f 1450 1462 1461
f 1450 1461 1460
f 1450 1460 1468
f 1450 1468 1465
f 1450 1465 1458
f 1451 1459 1452
f 1452 1459 1460
f 1452 1460 1461
f 1452 1461 1462
f 1452 1462 1463
f 1455 1464 1456
f 1458 1465 1466
f 1459 1467 1468
f 1459 1468 1460
f 1465 1468 1466
f 1466 1468 1469
f 1467 1469 1468

o geometry_24
v 80.55116967 176.24952380 -75.97719867 0.76862745 0.08235294 0.76078431
v 81.68636256 176.24952380 -85.87873684 0.76862745 0.08235294 0.76078431
v 66.35893358 176.24952380 -75.97719867 0.76862745 0.08235294 0.76078431
v 87.58099070 164.80742040 -75.97719867 0.76862745 0.08235294 0.76078431
v 87.99040182 165.35974549 -77.16051615 0.76862745 0.08235294 0.76078431
v 88.76735792 166.63979740 -80.67092331 0.76862745 0.08235294 0.76078431
v 87.68334761 169.08794706 -81.99112758 0.76862745 0.08235294 0.76078431
v 88.16487026 169.44247958 -85.61712916 0.76862745 0.08235294 0.76078431
v 81.68403345 176.24952380 -87.18069022 0.76862745 0.08235294 0.76078431
v 66.35893358 176.24952380 -107.05373274 0.76862745 0.08235294 0.76078431
v 66.35893358 141.68063730 -75.97719867 0.76862745 0.08235294 0.76078431
v 88.29746429 162.22119257 -75.97719867 0.76862745 0.08235294 0.76078431
v 88.32770141 162.07191485 -75.97719867 0.76862745 0.08235294 0.76078431
v 89.78391491 161.62781487 -80.99945364 0.76862745 0.08235294 0.76078431
v 90.12354361 166.24421226 -85.61712916 0.76862745 0.08235294 0.76078431
v 89.91650894 166.24421226 -90.23784615 0.76862745 0.08235294 0.76078431
v 87.96946462 169.29693504 -90.23784615 0.76862745 0.08235294 0.76078431
v 81.54446035 176.24952380 -91.23256568 0.76862745 0.08235294 0.76078431
v 80.35111407 176.24952380 -107.05373274 0.76862745 0.08235294 0.76078431
v 66.35893358 144.09892976 -107.05373274 0.76862745 0.08235294 0.76078431
v 66.35893358 140.44163593 -78.28299392 0.76862745 0.08235294 0.76078431
v 78.50177670 140.34833942 -77.91796183 0.76862745 0.08235294 0.76078431
v 75.39395232 142.04263412 -75.97719867 0.76862745 0.08235294 0.76078431
v 87.87641589 157.01141334 -75.97719867 0.76862745 0.08235294 0.76078431
v 89.99792865 161.62781487 -85.61712916 0.76862745 0.08235294 0.76078431
v 87.96481466 157.01141334 -76.38177813 0.76862745 0.08235294 0.76078431
v 89.99559954 161.62781487 -90.23784615 0.76862745 0.08235294 0.76078431
v 89.52337681 161.62781487 -94.85248019 0.76862745 0.08235294 0.76078431
v 88.42075015 166.33005067 -94.78251607 0.76862745 0.08235294 0.76078431
v 74.55884284 159.17220297 -107.05373274 0.76862745 0.08235294 0.76078431
v 87.68566846 164.84847301 -97.97047997 0.76862745 0.08235294 0.76078431
v 87.82757067 161.19117712 -99.49449366 0.76862745 0.08235294 0.76078431
v 86.95756584 159.35880012 -101.79724745 0.76862745 0.08235294 0.76078431
v 86.95756584 159.15727438 -101.79724745 0.76862745 0.08235294 0.76078431
v 83.77995905 152.39128276 -102.77675757 0.76862745 0.08235294 0.76078431
v 68.63164846 147.68158472 -107.05373274 0.76862745 0.08235294 0.76078431
v 82.94484130 149.13703837 -102.31741927 0.76862745 0.08235294 0.76078431
v 80.01148537 145.99475227 -101.10672443 0.76862745 0.08235294 0.76078431
v 77.73179967 140.83348788 -97.17956987 0.76862745 0.08235294 0.76078431
v 75.82430065 140.00873137 -94.94069726 0.76862745 0.08235294 0.76078431
v 75.39395232 138.35175404 -90.23784615 0.76862745 0.08235294 0.76078431
v 66.35893358 140.50507938 -94.85248019 0.76862745 0.08235294 0.76078431
v 66.35893358 139.44521087 -81.36752927 0.76862745 0.08235294 0.76078431
v 75.39395232 139.13172889 -80.99945364 0.76862745 0.08235294 0.76078431
v 79.14148054 139.74376424 -80.99945364 0.76862745 0.08235294 0.76078431
v 82.60056264 144.96473682 -75.97719867 0.76862745 0.08235294 0.76078431
v 80.42090475 143.08757609 -75.97719867 0.76862745 0.08235294 0.76078431
v 80.02544350 142.93829837 -75.97719867 0.76862745 0.08235294 0.76078431
v 87.80430436 156.60463279 -75.97719867 0.76862745 0.08235294 0.76078431
v 88.16487026 157.01141334 -80.99945364 0.76862745 0.08235294 0.76078431
v 88.14626217 157.01141334 -94.85248019 0.76862745 0.08235294 0.76078431
v 87.01804835 154.52594838 -97.70582875 0.76862745 0.08235294 0.76078431
v 87.42745947 157.37341223 -99.33631247 0.76862745 0.08235294 0.76078431
v 73.70977521 157.29504018 -107.05373274 0.76862745 0.08235294 0.76078431
v 86.72261490 156.08216283 -100.78427910 0.76862745 0.08235294 0.76078431
v 85.89913444 152.74954846 -99.33631247 0.76862745 0.08235294 0.76078431
v 83.41706404 147.66665613 -99.42452954 0.76862745 0.08235294 0.76078431
v 82.58660451 145.01325167 -97.85488347 0.76862745 0.08235294 0.76078431
v 78.53666378 140.17666881 -94.85248019 0.76862745 0.08235294 0.76078431
v 79.37178152 139.35564341 -90.23784615 0.76862745 0.08235294 0.76078431
v 75.39395232 138.12410635 -85.61712916 0.76862745 0.08235294 0.76078431
v 66.35893358 138.83690457 -85.61712916 0.76862745 0.08235294 0.76078431
v 66.35893358 139.21009887 -90.37777852 0.76862745 0.08235294 0.76078431
v 79.39736869 139.28473773 -85.61712916 0.76862745 0.08235294 0.76078431
v 81.45141162 142.18818072 -80.99945364 0.76862745 0.08235294 0.76078431
v 82.63312887 144.89383114 -76.38177813 0.76862745 0.08235294 0.76078431
v 83.79623803 147.37183387 -75.97719867 0.76862745 0.08235294 0.76078431
v 87.03200648 154.48116465 -75.97719867 0.76862745 0.08235294 0.76078431
v 87.03898555 154.46250494 -76.38177813 0.76862745 0.08235294 0.76078431
v 86.06197385 152.15617076 -76.38177813 0.76862745 0.08235294 0.76078431
v 84.20565741 147.77488123 -80.99945364 0.76862745 0.08235294 0.76078431
v 87.05061458 154.45130952 -94.85248019 0.76862745 0.08235294 0.76078431
v 84.13819584 147.77488123 -94.85248019 0.76862745 0.08235294 0.76078431
v 82.73083582 144.63259513 -94.85248019 0.76862745 0.08235294 0.76078431
v 81.67938349 142.16205671 -90.23784615 0.76862745 0.08235294 0.76078431
v 80.84660311 142.32252984 -94.85248019 0.76862745 0.08235294 0.76078431
v 81.70729976 142.15459241 -85.61712916 0.76862745 0.08235294 0.76078431
v 82.76805201 144.49824601 -80.99945364 0.76862745 0.08235294 0.76078431
v 84.06375521 147.77488123 -76.38177813 0.76862745 0.08235294 0.76078431
v 86.21550509 152.55922020 -75.97719867 0.76862745 0.08235294 0.76078431
v 82.75176477 144.46465976 -85.61712916 0.76862745 0.08235294 0.76078431
v 82.74246485 144.47212200 -90.23784615 0.76862745 0.08235294 0.76078431
f 1470 1471 1478
f 1470 1478 1487
f 1470 1487 1488
f 1470 1488 1479
f 1470 1479 1472
f 1470 1472 1480
f 1470 1480 1492
f 1470 1492 1517
f 1470 1517 1516
f 1470 1516 1515
f 1470 1515 1536
f 1470 1536 1549
f 1470 1549 1537
f 1470 1537 1518
f 1470 1518 1493
f 1470 1493 1482
f 1470 1482 1481
f 1470 1481 1473
f 1470 1473 1474
f 1470 1474 1475
f 1470 1475 1476
f 1470 1476 1477
f 1470 1477 1471
f 1471 1477 1478
f 1472 1479 1489
f 1472 1489 1511
f 1472 1511 1532
f 1472 1532 1531
f 1472 1531 1512
f 1472 1512 1490
f 1472 1490 1480
f 1473 1481 1474
f 1474 1481 1475
f 1475 1481 1482
f 1475 1482 1483
f 1475 1483 1484
f 1475 1484 1476
f 1476 1484 1477
f 1477 1484 1485
f 1477 1485 1486
f 1477 1486 1487
f 1477 1487 1478
f 1479 1488 1499
f 1479 1499 1523
f 1479 1523 1505
f 1479 1505 1489
f 1480 1490 1491
f 1480 1491 1492
f 1482 1493 1483
f 1483 1494 1484
f 1483 1493 1495
f 1483 1495 1494
f 1484 1494 1496
f 1484 1496 1485
f 1485 1496 1497
f 1485 1497 1498
f 1485 1498 1488
f 1485 1488 1486
f 1486 1488 1487
f 1488 1498 1500
f 1488 1500 1501
f 1488 1501 1502
f 1488 1502 1503
f 1488 1503 1504
f 1488 1504 1499
f 1489 1505 1504
f 1489 1504 1506
f 1489 1506 1507
f 1489 1507 1508
f 1489 1508 1509
f 1489 1509 1510
f 1489 1510 1511
f 1490 1512 1513
f 1490 1513 1491
f 1491 1513 1514
f 1491 1514 1515
f 1491 1515 1516
f 1491 1516 1517
f 1491 1517 1492
f 1493 1518 1495
f 1494 1495 1518
f 1494 1518 1519
f 1494 1519 1496
f 1496 1519 1520
f 1496 1520 1497
f 1497 1520 1521
f 1497 1521 1522
f 1497 1522 1503
f 1497 1503 1501
f 1497 1501 1500
f 1497 1500 1498
f 1499 1504 1523
f 1501 1503 1502
f 1503 1522 1524
f 1503 1524 1504
f 1504 1524 1506
f 1504 1505 1523
f 1506 1524 1525
f 1506 1525 1526
f 1506 1526 1527
f 1506 1527 1508
f 1506 1508 1507
f 1508 1528 1510
f 1508 1510 1509
f 1508 1527 1528
f 1510 1528 1529
f 1510 1529 1530
f 1510 1530 1531
f 1510 1531 1532
f 1510 1532 1511
f 1512 1531 1530
f 1512 1530 1513
f 1513 1530 1514
f 1514 1530 1533
f 1514 1533 1534
f 1514 1534 1515
f 1515 1535 1536
f 1515 1534 1535
f 1518 1537 1519
f 1519 1537 1538
f 1519 1538 1539
f 1519 1539 1540
f 1519 1540 1541
f 1519 1541 1520
f 1520 1541 1521
f 1521 1525 1524
f 1521 1524 1522
f 1521 1541 1542
f 1521 1542 1543
f 1521 1543 1527
f 1521 1527 1525
f 1525 1527 1526
f 1527 1543 1544
f 1527 1544 1529
f 1527 1529 1545
f 1527 1545 1528
f 1528 1545 1529
f 1529 1533 1530
f 1529 1544 1533
f 1533 1544 1546
f 1533 1546 1534
f 1534 1546 1547
f 1534 1547 1535
f 1535 1547 1548
f 1535 1548 1536
f 1536 1548 1549
f 1537 1549 1539
f 1537 1539 1538
f 1539 1549 1548
f 1539 1548 1547
f 1539 1547 1540
f 1540 1547 1550
f 1540 1550 1551
f 1540 1551 1541
f 1541 1551 1542
f 1542 1551 1543
f 1543 1551 1544
f 1544 1551 1546
f 1546 1551 1550
f 1546 1550 1547

o geometry_25
v 66.35893358 210.97966601 -75.97719867 0.36078431 0.81568627 0.15686275
v 84.63060419 203.41617342 -75.97719867 0.36078431 0.81568627 0.15686275
v 66.35893358 210.98307708 -76.33918929 0.36078431 0.81568627 0.15686275
v 66.35893358 176.24952793 -75.97719867 0.36078431 0.81568627 0.15686275
v 88.19478527 201.69378901 -75.97719867 0.36078431 0.81568627 0.15686275
v 88.19478527 201.69719182 -76.38177813 0.36078431 0.81568627 0.15686275
v 88.21113033 201.70059463 -80.99945364 0.36078431 0.81568627 0.15686275
v 84.63060419 203.42638185 -80.99945364 0.36078431 0.81568627 0.15686275
v 66.35893358 211.02051627 -94.85248019 0.36078431 0.81568627 0.15686275
v 66.35893358 176.24952793 -107.05373274 0.36078431 0.81568627 0.15686275
v 80.55259026 176.24952793 -75.97719867 0.36078431 0.81568627 0.15686275
v 88.36528927 201.42488428 -75.97719867 0.36078431 0.81568627 0.15686275
v 90.21978041 198.57920856 -94.85248019 0.36078431 0.81568627 0.15686275
v 88.23448750 201.69719182 -94.85248019 0.36078431 0.81568627 0.15686275
v 84.63060419 203.42978466 -99.47320131 0.36078431 0.81568627 0.15686275
v 66.35893358 211.02051627 -104.44374304 0.36078431 0.81568627 0.15686275
v 80.35172525 176.24952793 -107.05373274 0.36078431 0.81568627 0.15686275
v 66.35893358 211.01371065 -107.05373274 0.36078431 0.81568627 0.15686275
v 81.68770882 176.24952793 -85.87873684 0.36078431 0.81568627 0.15686275
v 89.91380817 193.96009800 -75.97719867 0.36078431 0.81568627 0.15686275
v 90.14737981 198.57920856 -75.97719867 0.36078431 0.81568627 0.15686275
v 90.13102649 196.92150236 -107.05373274 0.36078431 0.81568627 0.15686275
v 90.20342710 198.57920856 -107.05373274 0.36078431 0.81568627 0.15686275
v 88.21814244 201.70059463 -107.05373274 0.36078431 0.81568627 0.15686275
v 89.93716533 193.96009800 -80.99945364 0.36078431 0.81568627 0.15686275
v 89.97921318 193.96009800 -94.85248019 0.36078431 0.81568627 0.15686275
v 89.99322087 193.96009800 -99.47320131 0.36078431 0.81568627 0.15686275
v 89.99555824 193.96009800 -107.05373274 0.36078431 0.81568627 0.15686275
v 84.63060419 203.42978466 -107.05373274 0.36078431 0.81568627 0.15686275
v 66.35893358 211.01711346 -106.98376862 0.36078431 0.81568627 0.15686275
v 88.00793621 190.23621189 -107.05373274 0.36078431 0.81568627 0.15686275
v 81.54522846 176.24952793 -91.23256568 0.36078431 0.81568627 0.15686275
v 66.47571940 210.96605477 -107.05373274 0.36078431 0.81568627 0.15686275
v 81.68537145 176.24952793 -87.18069022 0.36078431 0.81568627 0.15686275
f 1552 1553 1554
f 1552 1554 1560
f 1552 1560 1567
f 1552 1567 1581
f 1552 1581 1569
f 1552 1569 1561
f 1552 1561 1555
f 1552 1555 1562
f 1552 1562 1571
f 1552 1571 1572
f 1552 1572 1563
f 1552 1563 1556
f 1552 1556 1553
f 1553 1556 1557
f 1553 1557 1558
f 1553 1558 1559
f 1553 1559 1554
f 1554 1559 1560
f 1555 1561 1568
f 1555 1568 1583
f 1555 1583 1585
f 1555 1585 1570
f 1555 1570 1562
f 1556 1563 1557
f 1557 1563 1558
f 1558 1563 1564
f 1558 1564 1565
f 1558 1565 1559
f 1559 1565 1566
f 1559 1566 1560
f 1560 1566 1580
f 1560 1580 1567
f 1561 1569 1584
f 1561 1584 1580
f 1561 1580 1575
f 1561 1575 1574
f 1561 1574 1573
f 1561 1573 1579
f 1561 1579 1582
f 1561 1582 1568
f 1562 1570 1571
f 1563 1572 1564
f 1564 1573 1574
f 1564 1574 1575
f 1564 1575 1565
f 1564 1572 1576
f 1564 1576 1577
f 1564 1577 1578
f 1564 1578 1579
f 1564 1579 1573
f 1565 1575 1580
f 1565 1580 1566
f 1567 1580 1581
f 1568 1582 1583
f 1569 1581 1584
f 1570 1585 1579
f 1570 1579 1578
f 1570 1578 1577
f 1570 1577 1576
f 1570 1576 1571
f 1571 1576 1572
f 1579 1585 1583
f 1579 1583 1582
f 1580 1584 1581

o geometry_26
v 18.45946776 140.45909599 -68.33271688 0.30196078 0.69411765 0.21568627
v 18.45946776 140.46997343 -68.93439719 0.30196078 0.69411765 0.21568627
v 37.25506815 120.49621139 -68.33271688 0.30196078 0.69411765 0.21568627
v 18.45946776 230.89584455 -68.33271688 0.30196078 0.69411765 0.21568627
v 18.45946776 140.52436886 -70.65562117 0.30196078 0.69411765 0.21568627
v 36.13012913 122.36739035 -69.45600302 0.30196078 0.69411765 0.21568627
v 38.44276924 121.37740750 -69.78303533 0.30196078 0.69411765 0.21568627
v 38.19170862 119.95226531 -68.33271688 0.30196078 0.69411765 0.21568627
v 18.45946776 140.55700530 -71.59032175 0.30196078 0.69411765 0.21568627
v 18.45946776 140.64403716 -73.97983072 0.30196078 0.69411765 0.21568627
v 18.45946776 140.72018953 -75.97719867 0.30196078 0.69411765 0.21568627
v 19.39128070 230.51508477 -68.33271688 0.30196078 0.69411765 0.21568627
v 18.45946776 230.90673024 -75.97719867 0.30196078 0.69411765 0.21568627
v 49.37829968 126.59930718 -75.97719867 0.30196078 0.69411765 0.21568627
v 52.29444333 125.55492477 -75.97719867 0.30196078 0.69411765 0.21568627
v 41.64858964 119.79996058 -68.33271688 0.30196078 0.69411765 0.21568627
v 19.97064658 230.27574817 -68.33271688 0.30196078 0.69411765 0.21568627
v 42.66248715 220.84369066 -75.97719867 0.30196078 0.69411765 0.21568627
v 56.62520689 125.82689781 -75.97719867 0.30196078 0.69411765 0.21568627
v 43.28047742 119.76732001 -68.33271688 0.30196078 0.69411765 0.21568627
v 29.20670791 226.43547681 -68.33271688 0.30196078 0.69411765 0.21568627
v 48.10369888 218.58087036 -75.97719867 0.30196078 0.69411765 0.21568627
v 58.93301534 127.38258986 -75.97719867 0.30196078 0.69411765 0.21568627
v 58.95232547 127.37171243 -71.76019908 0.30196078 0.69411765 0.21568627
v 56.63969362 125.82689781 -71.76019908 0.30196078 0.69411765 0.21568627
v 56.59623343 125.83777937 -68.33271688 0.30196078 0.69411765 0.21568627
v 45.79105877 219.53821677 -68.33271688 0.30196078 0.69411765 0.21568627
v 61.25047885 213.10875251 -75.97719867 0.30196078 0.69411765 0.21568627
v 53.24073887 216.43771836 -68.33271688 0.30196078 0.69411765 0.21568627
v 67.77800522 143.20059157 -75.97719867 0.30196078 0.69411765 0.21568627
v 58.90404188 127.41522630 -68.33271688 0.30196078 0.69411765 0.21568627
v 57.19009017 126.22942071 -68.33271688 0.30196078 0.69411765 0.21568627
v 62.71820575 212.48865613 -68.33271688 0.30196078 0.69411765 0.21568627
v 67.77800522 210.37814469 -68.33271688 0.30196078 0.69411765 0.21568627
v 66.11715223 211.07439137 -71.76019908 0.30196078 0.69411765 0.21568627
v 66.12680730 211.07439137 -75.97719867 0.30196078 0.69411765 0.21568627
v 67.77800522 146.63834209 -68.33271688 0.30196078 0.69411765 0.21568627
v 60.09174710 129.73244616 -68.33271688 0.30196078 0.69411765 0.21568627
v 59.79723869 129.13410052 -68.33271688 0.30196078 0.69411765 0.21568627
v 67.77800522 210.37814469 -75.97719867 0.30196078 0.69411765 0.21568627
f 1586 1587 1588
f 1586 1588 1593
f 1586 1593 1601
f 1586 1601 1605
f 1586 1605 1611
f 1586 1611 1617
f 1586 1617 1616
f 1586 1616 1624
f 1586 1624 1623
f 1586 1623 1622
f 1586 1622 1619
f 1586 1619 1618
f 1586 1618 1614
f 1586 1614 1612
f 1586 1612 1606
f 1586 1606 1602
f 1586 1602 1597
f 1586 1597 1589
f 1586 1589 1598
f 1586 1598 1596
f 1586 1596 1595
f 1586 1595 1594
f 1586 1594 1590
f 1586 1590 1587
f 1587 1590 1588
f 1588 1591 1592
f 1588 1592 1593
f 1588 1590 1594
f 1588 1594 1595
f 1588 1595 1596
f 1588 1596 1591
f 1589 1597 1598
f 1591 1596 1592
f 1592 1599 1600
f 1592 1600 1593
f 1592 1596 1599
f 1593 1600 1601
f 1596 1598 1603
f 1596 1603 1607
f 1596 1607 1613
f 1596 1613 1621
f 1596 1621 1625
f 1596 1625 1615
f 1596 1615 1608
f 1596 1608 1604
f 1596 1604 1600
f 1596 1600 1599
f 1597 1602 1598
f 1598 1602 1603
f 1600 1604 1605
f 1600 1605 1601
f 1602 1606 1603
f 1603 1606 1607
f 1604 1608 1609
f 1604 1609 1610
f 1604 1610 1605
f 1605 1610 1611
f 1606 1612 1607
f 1607 1612 1614
f 1607 1614 1613
f 1608 1615 1609
f 1609 1616 1617
f 1609 1617 1610
f 1609 1615 1616
f 1610 1617 1611
f 1613 1614 1618
f 1613 1618 1619
f 1613 1619 1620
f 1613 1620 1621
f 1615 1622 1623
f 1615 1623 1624
f 1615 1624 1616
f 1615 1625 1619
f 1615 1619 1622
f 1619 1625 1621
f 1619 1621 1620

o geometry_27
v 18.46647574 140.19215697 -56.92005564 0.15294118 0.93333333 0.11764706
v 18.46647574 140.30726616 -62.52324266 0.15294118 0.93333333 0.11764706
v 32.19923725 132.91138270 -56.92005564 0.15294118 0.93333333 0.11764706
v 18.46647574 230.89964380 -56.92005564 0.15294118 0.93333333 0.11764706
v 18.46647574 140.41278637 -67.14006334 0.15294118 0.93333333 0.11764706
v 32.81675675 132.91138270 -62.52324266 0.15294118 0.93333333 0.11764706
v 61.53135124 132.91138270 -56.92005564 0.15294118 0.93333333 0.11764706
v 18.46647574 140.45115472 -68.33196942 0.15294118 0.93333333 0.11764706
v 18.98575143 230.68860340 -56.92005564 0.15294118 0.93333333 0.11764706
v 18.46647574 230.90923279 -57.90418784 0.15294118 0.93333333 0.11764706
v 33.94653157 132.91138270 -67.36794436 0.15294118 0.93333333 0.11764706
v 61.51029840 132.91138270 -68.33196942 0.15294118 0.93333333 0.11764706
v 76.07811572 156.68180931 -68.33196942 0.15294118 0.93333333 0.11764706
v 76.17635952 156.85447723 -68.33196942 0.15294118 0.93333333 0.11764706
v 89.93718185 193.95859482 -56.92005564 0.15294118 0.93333333 0.11764706
v 34.33949852 132.91138270 -68.33196942 0.15294118 0.93333333 0.11764706
v 18.46647574 230.89964380 -68.33196942 0.15294118 0.93333333 0.11764706
v 84.62512830 203.37851123 -56.92005564 0.15294118 0.93333333 0.11764706
v 84.62512830 203.41688371 -62.52324266 0.15294118 0.93333333 0.11764706
v 84.62512830 203.41688371 -67.14006334 0.15294118 0.93333333 0.11764706
v 19.39275085 230.51593547 -68.33196942 0.15294118 0.93333333 0.11764706
v 89.88806408 193.95859482 -68.33196942 0.15294118 0.93333333 0.11764706
v 89.93718185 193.95859482 -57.90418784 0.15294118 0.93333333 0.11764706
v 90.14770192 198.57262594 -67.14006334 0.15294118 0.93333333 0.11764706
v 90.09156379 197.59418540 -56.92005564 0.15294118 0.93333333 0.11764706
v 87.41799436 202.02595960 -56.92005564 0.15294118 0.93333333 0.11764706
v 88.21796073 201.69981000 -62.52324266 0.15294118 0.93333333 0.11764706
v 88.21796073 201.69022101 -67.14006334 0.15294118 0.93333333 0.11764706
v 88.21094037 201.69022101 -68.33196942 0.15294118 0.93333333 0.11764706
v 84.62512830 203.40728646 -68.33196942 0.15294118 0.93333333 0.11764706
v 90.14068982 198.57262594 -68.33196942 0.15294118 0.93333333 0.11764706
v 90.13366945 198.57262594 -57.90418784 0.15294118 0.93333333 0.11764706
v 89.64245870 199.37840682 -68.33196942 0.15294118 0.93333333 0.11764706
v 90.12664909 198.57262594 -56.92005564 0.15294118 0.93333333 0.11764706
v 88.16884296 201.66143752 -56.92005564 0.15294118 0.93333333 0.11764706
v 88.58987485 201.00914657 -56.92005564 0.15294118 0.93333333 0.11764706
f 1626 1627 1628
f 1626 1628 1632
f 1626 1632 1640
f 1626 1640 1650
f 1626 1650 1659
f 1626 1659 1661
f 1626 1661 1660
f 1626 1660 1651
f 1626 1651 1643
f 1626 1643 1634
f 1626 1634 1629
f 1626 1629 1635
f 1626 1635 1642
f 1626 1642 1633
f 1626 1633 1630
f 1626 1630 1627
f 1627 1630 1628
f 1628 1631 1636
f 1628 1636 1641
f 1628 1641 1637
f 1628 1637 1632
f 1628 1630 1633
f 1628 1633 1631
f 1629 1634 1635
f 1631 1633 1636
f 1632 1637 1638
f 1632 1638 1639
f 1632 1639 1640
f 1633 1641 1636
f 1633 1642 1646
f 1633 1646 1655
f 1633 1655 1654
f 1633 1654 1658
f 1633 1658 1656
f 1633 1656 1647
f 1633 1647 1639
f 1633 1639 1638
f 1633 1638 1637
f 1633 1637 1641
f 1634 1643 1644
f 1634 1644 1635
f 1635 1645 1646
f 1635 1646 1642
f 1635 1644 1645
f 1639 1647 1648
f 1639 1648 1640
f 1640 1648 1649
f 1640 1649 1650
f 1643 1651 1652
f 1643 1652 1644
f 1644 1652 1645
f 1645 1652 1653
f 1645 1653 1654
f 1645 1654 1655
f 1645 1655 1646
f 1647 1656 1649
f 1647 1649 1648
f 1649 1657 1650
f 1649 1656 1658
f 1649 1658 1653
f 1649 1653 1652
f 1649 1652 1657
f 1650 1657 1659
f 1651 1660 1652
f 1652 1660 1661
f 1652 1661 1659
f 1652 1659 1657
f 1653 1658 1654

o geometry_28
v 61.53259838 132.91138476 -56.92005564 0.47058824 0.71764706 0.41568627
v 60.09682654 129.64885169 -56.92005564 0.47058824 0.71764706 0.41568627
v 60.09682654 129.65226276 -57.90418784 0.47058824 0.71764706 0.41568627
v 61.50962940 132.91138476 -68.33196942 0.47058824 0.71764706 0.41568627
v 32.19692466 132.91138476 -56.92005564 0.47058824 0.71764706 0.41568627
v 59.21526702 127.83083805 -56.92005564 0.47058824 0.71764706 0.41568627
v 58.97692978 127.33966756 -56.92005564 0.47058824 0.71764706 0.41568627
v 60.09396058 129.72389164 -68.33196942 0.47058824 0.71764706 0.41568627
v 34.33335363 132.91138476 -68.33196942 0.47058824 0.71764706 0.41568627
v 32.81430375 132.91138476 -62.52324266 0.47058824 0.71764706 0.41568627
v 35.79496868 117.37470195 -61.45309654 0.47058824 0.71764706 0.41568627
v 35.59108904 117.14787656 -57.90418784 0.47058824 0.71764706 0.41568627
v 35.39582381 117.76695654 -56.92005564 0.47058824 0.71764706 0.41568627
v 58.97405556 127.34307863 -57.90418784 0.47058824 0.71764706 0.41568627
v 42.94511049 116.11778266 -56.92005564 0.47058824 0.71764706 0.41568627
v 59.79818850 129.12868813 -68.33196942 0.47058824 0.71764706 0.41568627
v 36.08786240 122.02035775 -68.33196942 0.47058824 0.71764706 0.41568627
v 33.94569325 132.91138476 -67.36794436 0.47058824 0.71764706 0.41568627
v 36.25154013 118.35704344 -64.53172136 0.47058824 0.71764706 0.41568627
v 39.32983355 116.81531314 -66.25758395 0.47058824 0.71764706 0.41568627
v 38.05199925 116.31732051 -62.80362568 0.47058824 0.71764706 0.41568627
v 38.44539981 115.53110631 -57.90418784 0.47058824 0.71764706 0.41568627
v 35.56524172 117.12229508 -56.92005564 0.47058824 0.71764706 0.41568627
v 36.19698364 116.76073858 -56.92005564 0.47058824 0.71764706 0.41568627
v 58.90514036 127.41470751 -68.33196942 0.47058824 0.71764706 0.41568627
v 42.94797645 116.13483698 -57.90418784 0.47058824 0.71764706 0.41568627
v 38.44539981 115.48846998 -56.92005564 0.47058824 0.71764706 0.41568627
v 37.25370951 120.49056567 -68.33196942 0.47058824 0.71764706 0.41568627
v 38.18983377 119.94823144 -68.33196942 0.47058824 0.71764706 0.41568627
v 41.64716904 119.79985682 -68.33196942 0.47058824 0.71764706 0.41568627
v 43.28682053 119.76745319 -68.33196942 0.47058824 0.71764706 0.41568627
v 42.09800031 116.81531314 -66.25758395 0.47058824 0.71764706 0.41568627
v 42.84747788 116.24057554 -62.52324266 0.47058824 0.71764706 0.41568627
v 57.19369946 126.22430101 -68.33196942 0.47058824 0.71764706 0.41568627
v 56.59641514 125.82693007 -68.33196942 0.47058824 0.71764706 0.41568627
f 1662 1663 1664
f 1662 1664 1665
f 1662 1665 1670
f 1662 1670 1679
f 1662 1679 1671
f 1662 1671 1666
f 1662 1666 1674
f 1662 1674 1684
f 1662 1684 1685
f 1662 1685 1688
f 1662 1688 1676
f 1662 1676 1668
f 1662 1668 1667
f 1662 1667 1663
f 1663 1667 1664
f 1664 1667 1668
f 1664 1668 1669
f 1664 1669 1665
f 1665 1669 1677
f 1665 1677 1686
f 1665 1686 1695
f 1665 1695 1696
f 1665 1696 1692
f 1665 1692 1691
f 1665 1691 1690
f 1665 1690 1689
f 1665 1689 1678
f 1665 1678 1670
f 1666 1671 1672
f 1666 1672 1673
f 1666 1673 1674
f 1668 1675 1669
f 1668 1676 1675
f 1669 1675 1677
f 1670 1678 1679
f 1671 1679 1678
f 1671 1678 1672
f 1672 1678 1680
f 1672 1680 1681
f 1672 1681 1682
f 1672 1682 1683
f 1672 1683 1673
f 1673 1684 1674
f 1673 1683 1685
f 1673 1685 1684
f 1675 1686 1677
f 1675 1676 1686
f 1676 1687 1686
f 1676 1688 1687
f 1678 1689 1680
f 1680 1689 1681
f 1681 1683 1682
f 1681 1689 1690
f 1681 1690 1691
f 1681 1691 1692
f 1681 1692 1693
f 1681 1693 1694
f 1681 1694 1683
f 1683 1688 1685
f 1683 1694 1688
f 1686 1687 1695
f 1687 1688 1694
f 1687 1694 1695
f 1692 1696 1693
f 1693 1696 1694
f 1694 1696 1695

o geometry_29
v 67.78483562 143.19751293 -75.97719867 0.66274510 0.39607843 0.66666667
v 75.39478651 142.03954309 -75.97719867 0.66274510 0.39607843 0.66666667
v 67.78483562 146.63540592 -68.33271688 0.66274510 0.39607843 0.66666667
v 67.78483562 170.33776184 -75.97719867 0.66274510 0.39607843 0.66666667
v 80.02631898 142.93710698 -75.97719867 0.66274510 0.39607843 0.66666667
v 80.01224522 144.72115703 -73.47992711 0.66274510 0.39607843 0.66666667
v 80.01224522 147.77398511 -71.64046161 0.66274510 0.39607843 0.66666667
v 79.90162906 152.73552219 -69.85861988 0.66274510 0.39607843 0.66666667
v 73.83016207 153.40038578 -68.33271688 0.66274510 0.39607843 0.66666667
v 67.78483562 170.33776184 -68.33271688 0.66274510 0.39607843 0.66666667
v 80.75232375 170.33776184 -75.97719867 0.66274510 0.39607843 0.66666667
v 80.42250704 143.08670268 -75.97719867 0.66274510 0.39607843 0.66666667
v 82.43359361 145.32230462 -73.92744435 0.66274510 0.39607843 0.66666667
v 83.10730079 147.77398511 -73.11098632 0.66274510 0.39607843 0.66666667
v 76.17710286 156.84936062 -68.33271688 0.66274510 0.39607843 0.66666667
v 76.08257572 156.67206545 -68.33271688 0.66274510 0.39607843 0.66666667
v 84.73025206 152.77707655 -72.43746291 0.66274510 0.39607843 0.66666667
v 84.62969567 157.00726513 -71.46534585 0.66274510 0.39607843 0.66666667
v 77.97500987 170.33776184 -68.33271688 0.66274510 0.39607843 0.66666667
v 87.57995829 164.80555381 -75.97719867 0.66274510 0.39607843 0.66666667
v 82.60051309 144.96493917 -75.97719867 0.66274510 0.39607843 0.66666667
v 83.79509826 147.37229639 -75.97719867 0.66274510 0.39607843 0.66666667
v 86.99272548 154.57497737 -73.97159831 0.66274510 0.39607843 0.66666667
v 87.34063821 157.00726513 -73.53231141 0.66274510 0.39607843 0.66666667
v 87.42309858 160.83853597 -73.45148844 0.66274510 0.39607843 0.66666667
v 86.92234013 163.91629667 -74.07861344 0.66274510 0.39607843 0.66666667
v 88.31199232 162.07684562 -75.92256785 0.66274510 0.39607843 0.66666667
v 88.29791855 162.22089936 -75.97719867 0.66274510 0.39607843 0.66666667
v 86.21644664 152.55822702 -75.97719867 0.66274510 0.39607843 0.66666667
v 87.03294804 154.48078679 -75.97719867 0.66274510 0.39607843 0.66666667
v 87.80318936 156.60280750 -75.97719867 0.66274510 0.39607843 0.66666667
v 87.87760522 157.00726513 -75.97719867 0.66274510 0.39607843 0.66666667
v 88.32808134 162.07130366 -75.97719867 0.66274510 0.39607843 0.66666667
f 1697 1698 1699
f 1697 1699 1706
f 1697 1706 1700
f 1697 1700 1707
f 1697 1707 1716
f 1697 1716 1724
f 1697 1724 1729
f 1697 1729 1728
f 1697 1728 1727
f 1697 1727 1726
f 1697 1726 1725
f 1697 1725 1718
f 1697 1718 1717
f 1697 1717 1708
f 1697 1708 1701
f 1697 1701 1698
f 1698 1701 1702
f 1698 1702 1699
f 1699 1702 1703
f 1699 1703 1704
f 1699 1704 1705
f 1699 1705 1712
f 1699 1712 1711
f 1699 1711 1715
f 1699 1715 1706
f 1700 1706 1715
f 1700 1715 1707
f 1701 1708 1702
f 1702 1709 1703
f 1702 1708 1709
f 1703 1709 1710
f 1703 1710 1704
f 1704 1711 1712
f 1704 1712 1705
f 1704 1710 1713
f 1704 1713 1714
f 1704 1714 1715
f 1704 1715 1711
f 1707 1715 1716
f 1708 1717 1709
f 1709 1717 1718
f 1709 1718 1719
f 1709 1719 1710
f 1710 1719 1713
f 1713 1719 1720
f 1713 1720 1714
f 1714 1720 1721
f 1714 1721 1715
f 1715 1722 1716
f 1715 1721 1722
f 1716 1722 1723
f 1716 1723 1724
f 1718 1725 1719
f 1719 1725 1726
f 1719 1726 1727
f 1719 1727 1728
f 1719 1728 1720
f 1720 1728 1729
f 1720 1729 1723
f 1720 1723 1721
f 1721 1723 1722
f 1723 1729 1724

