# https://github.com/mikedh/trimesh
mtllib material.mtl
usemtl material_0
v 49.11026218 93.85813739 6.76184857
v 45.46826242 85.18343677 4.30402320
v 45.95256844 87.71627680 3.75691383
v 47.25050989 93.85813739 3.00193561
v 48.76155656 93.85813739 11.37984001
v 45.48763863 85.11821345 10.06944361
v 8.66088530 -7.33582849 0.87503368
v 8.69962945 -7.41192098 -1.28512825
v 9.39703243 -5.59653739 -1.28512825
v 9.70698977 -4.71602680 -1.28512825
v 46.86306838 92.33626284 3.08175715
v 11.35363684 -0.03081744 -1.28512825
v 43.04673233 92.33626284 1.43544458
v 43.04673233 93.85813739 1.36892869
v 47.88980903 93.85813739 13.08269541
v 45.85570393 88.69462649 14.13866143
v 45.23579751 85.60738830 13.14921130
v 46.18503334 87.37929106 11.51786450
v 13.19400466 6.49151385 9.79671897
v 36.16956292 62.21396144 9.37433257
v 3.83718068 -16.24968401 9.22799514
v 3.85655275 -16.26055319 6.76184857
v 3.81780860 -16.22794566 4.25413319
v 6.54930429 -10.81440243 -1.28512825
v 12.61283413 4.90441599 -1.28512825
v 38.43611641 93.85813739 1.19764420
v 11.60547795 9.07869976 -1.28512825
v 46.94055668 93.85813739 14.55772762
v 46.53373896 92.33626284 14.51615054
v 41.40008526 78.48717802 14.23345286
v 40.91577924 75.74779887 13.86428082
v 8.85461018 -3.42242972 10.43196282
v 4.30211875 -13.54291240 11.01233220
v 3.85655275 -11.77101377 13.75286351
v 2.55861130 -14.84737865 12.30776284
v -0.52158587 -16.31489906 13.79277221
v 1.20254950 -16.68450059 11.01233220
v 1.47375856 -17.19541792 6.76184857
v 8.25406758 -2.11796346 13.51007041
v 0.67949520 -16.55405397 -1.28512825
v 2.44237472 -15.92355919 -1.28512825
v 2.82982036 -15.72789751 -1.28512825
v 4.78642477 -13.55378157 -1.28512825
v 9.66824562 11.55718565 -1.28512825
v -108.23161014 93.85813739 -1.28512825
v 44.57713869 93.85813739 15.24451745
v 43.04673233 92.33626284 15.52389491
v 38.43611641 78.48717802 15.22124288
v 32.85689258 60.00723798 14.48289053
v 13.34898539 10.64405927 13.94243812
v 17.74649609 20.50365695 13.77281786
v 22.06651849 30.29802307 13.30885438
v 4.32149083 -9.27078127 14.03556119
v 1.47375856 -9.27078127 14.67745373
v 1.20254950 -13.54291240 14.05218706
v 8.91272641 0.95840143 14.03556119
v -3.13684911 -9.27078127 14.92855977
v -2.88500799 -13.93425227 14.24509015
v -1.18024470 -16.31489906 13.79277221
v -2.88500799 -16.68450059 11.04891656
v -1.95513598 -16.55405397 -1.28512825
v -3.13684911 -17.18454874 6.76184857
v -119.95185211 93.85813739 -1.28512825
v 43.04673233 93.85813739 15.59207504
v 38.43611641 83.10716406 15.57876938
v 29.19553314 60.00723798 15.37588912
v 10.71435008 13.82914068 14.93687684
v 5.30947494 -4.65080349 14.32657593
v 9.61012939 4.58916860 14.28499886
v 13.91077971 13.82914068 14.22180732
v 6.10374242 4.58916860 14.96015967
v 1.47375856 -4.65080349 14.95849130
v -7.74745677 -9.27078127 14.78555082
v 1.47375856 -0.03081744 15.00505696
v -137.05758890 46.14728811 14.95517108
v -141.68757690 46.14728811 14.87534541
v -7.74745677 -12.49933939 14.17358155
v -14.23718053 -11.26009644 13.32714862
v -12.57116139 -12.60804766 11.62429322
v -11.15698336 -11.95581453 13.94742671
v -34.11316439 -2.68323492 13.93910964
v -126.01538196 34.43969931 13.82603222
v -47.13135297 2.23026016 13.72625220
v -15.55449612 -11.93407618 10.24737680
v -5.59713161 -16.24968401 9.28952244
v -5.51964330 -16.21707648 4.36222615
v -10.84702602 -12.97764919 -1.28512825
v -5.59713161 -16.26055319 6.76184857
v -120.97857625 92.28190870 -1.28512825
v -127.62327662 93.85813739 2.91213689
v 39.94716308 93.85813739 15.70349235
v 38.43611641 87.71627680 15.66690386
v 33.80613667 73.86719197 15.54883785
v 15.34432982 27.68909055 15.17134874
v 29.19553314 64.62722402 15.50726078
v -132.44699363 41.52730207 14.77224517
v -77.02282066 18.44911847 14.69075939
v 33.80613667 78.48717802 15.62200657
v -123.20639384 87.71627680 15.22789158
v -132.44699363 64.62722402 15.06990861
v -137.05758890 50.76727415 14.97512543
v -137.05758890 55.38725606 14.99009120
v -132.44699363 69.24721006 15.06492002
v -137.05758890 60.00723798 14.94519390
v -141.68757690 50.76727415 14.74231364
v -145.17458353 46.14728811 14.24010156
v -144.80651823 43.29920069 14.00396129
v -141.68757690 42.46216680 14.23844145
v -123.20639384 33.98313612 14.06549272
v -93.12120539 20.79715773 13.65142338
v -135.85651196 38.90750037 13.90418952
v -138.93670088 39.46189440 13.41361886
v -116.05801125 30.13496066 13.56328477
v -140.29277094 38.83140789 10.33385117
v -84.42304437 15.93802505 9.80170756
v -7.90243337 -15.33655763 6.76184857
v -130.35477643 34.52666923 9.41258117
v -64.04337726 7.48073272 6.76184857
v -84.63613720 15.86192430 6.76184857
v -107.30173400 25.26495880 4.06123010
v -84.38429609 15.97063258 3.85170114
v -112.76472537 28.38480038 -1.28512825
v -145.15522384 54.58283383 -1.28512825
v -130.37415264 90.60784505 4.08617717
v -129.42490029 93.85813739 6.76184857
v -146.80187091 51.88693965 -1.28512825
v -118.59579031 93.85813739 15.26946040
v -123.20639384 36.92906264 14.61925078
v -121.69536369 93.85813739 15.24784593
v -123.20639384 92.33626284 15.22290299
v -127.83638184 78.48717802 15.15139439
v -127.83638184 83.10716406 15.06658839
v -132.44699363 73.86719197 14.86536823
v -140.46712375 60.00723798 14.27003309
v -144.67091783 50.76727415 14.09376413
v -147.61550634 46.20164225 11.26509835
v -148.77784739 43.60357891 9.64871731
v -146.33692458 42.60348260 11.26509835
v -141.78444141 40.12499671 11.67584334
v -142.83054174 39.67931095 6.76184857
v -120.06807631 30.33063059 6.76184857
v -109.78139270 26.12373104 6.76184857
v -130.14168773 34.61363090 4.44204769
v -141.64882449 40.15761250 -1.28512825
v -147.34428903 50.76727415 -1.28512825
v -130.45164094 90.81438416 10.48684142
v -128.82437008 93.85813739 11.64092322
v -134.79103542 80.90044059 9.26624374
v -123.20639384 93.85813739 15.13642862
v -125.87978156 93.85813739 14.61094198
v -139.86657702 63.65974350 14.03390108
v -127.17772301 92.33626284 14.44132172
v -144.14785940 53.51752247 13.80939809
v -148.77784739 44.69062861 9.64871731
v -146.27881248 50.76727415 11.37984001
v -148.79720708 43.58184055 6.76184857
v -146.29818869 41.73384118 6.76184857
v -146.35630079 42.51652094 -1.28512825
v -144.94211862 41.78819532 -1.28512825
v -148.39038937 46.10380315 -1.28512825
v -148.39038937 47.14737615 6.76184857
v -147.18931242 50.76727415 6.76184857
v -130.06419943 89.92300026 13.56660912
v -144.10910699 57.98531528 9.52566271
v -128.37879995 93.85813739 12.54556322
v -126.84839360 93.85813739 14.34487017
v -134.96538823 76.72614857 13.85929223
v -130.60661755 86.83576207 14.04220988
v -139.22729440 66.73611251 13.51173465
v -148.79720708 44.83195268 6.76184857
v -144.61278921 55.19158613 11.19192963
v -148.68098289 43.73402553 3.24971730
v -148.68098289 44.32103535 3.24971730
v 49.26143952 93.85813326 -117.94787607
v 45.56948781 84.90639255 -121.79375134
v 49.01014352 93.85813326 -122.56720138
v 48.46891474 93.85813326 -116.36016290
v 45.49216470 85.06974816 -115.46039586
v 12.99922259 2.39137339 -107.93383038
v 26.95514497 39.05866120 -120.86094729
v 32.01948702 51.85464597 -122.56720138
v 45.35686163 85.40734096 -124.87394851
v 12.97989594 2.43493268 -108.71311145
v 45.93674371 88.48926845 -125.41031260
v 47.05787109 93.85813326 -125.89614657
v 47.27049728 93.85813326 -114.35074884
v 45.99474018 87.71606205 -114.97456188
v 46.90322486 92.34439820 -114.42459481
v 13.52112059 4.65653106 -107.93383038
v 12.82525797 2.03199681 -107.93383038
v 3.99166173 -16.42689452 -119.00311115
v 5.19009158 -13.88947061 -122.56720138
v 7.08438406 -9.26113446 -122.56720138
v 31.76819928 52.46450088 -125.17905354
v 36.69723002 65.53273537 -125.44918063
v 13.15386056 6.59498576 -125.04690551
v 46.65194538 92.34439820 -125.85339669
v 32.30942806 55.38306862 -125.64545350
v 37.39309677 69.24629328 -125.88837462
v 43.05664343 92.34439820 -126.97664670
v 43.05664343 93.85813326 -127.02134577
v 44.75765290 93.85813326 -113.43931973
v 43.05664343 93.85813326 -112.97291977
v 13.52112059 7.47709865 -107.93383038
v 4.62953615 -13.12715817 -107.93383038
v 3.64372835 -16.10018329 -115.92679995
v 1.86541228 -17.04762686 -117.66026001
v 1.47882148 -17.39611774 -122.56720138
v 3.97233095 -16.42689452 -122.56720138
v 3.83702375 -16.26352652 -124.95362552
v 8.82404269 -3.40221107 -125.37338548
v 4.39757918 -13.88947061 -125.52691671
v 9.50057867 -0.02625008 -125.93501461
v 6.09858039 -0.02625008 -127.38280367
v 19.95785713 32.30673922 -126.97275659
v 29.19737495 55.38306862 -126.90863176
v 38.43689278 78.48117767 -126.82117454
v 28.09559074 46.14818011 -125.92724266
v 5.34472955 -9.26113446 -126.20319253
v 33.81712974 69.24629328 -127.09713267
v 1.47882148 -9.26113446 -127.67236479
v 19.95785713 36.92418968 -127.41973079
v 38.43689278 83.09861986 -127.16126576
v 38.43689278 87.71606205 -127.15543472
v 38.43689278 93.85813326 -127.06798576
v -17.00021417 93.85813326 -108.01156233
v -12.38045526 92.34439820 -108.31861241
v -12.38045526 87.71606205 -108.11844944
v -17.00021417 92.34439820 -107.98824646
v -21.61997309 93.85813326 -107.98630140
v -109.02813240 93.85813326 -107.93383038
v 1.78809330 -15.43588339 -107.93383038
v -0.51212077 -16.25264082 -107.93383038
v -0.97603056 -16.25264082 -107.93383038
v -3.35356362 -16.97139397 -118.04115607
v 1.47882148 -16.66647890 -125.39865053
v -3.56618980 -17.03674117 -122.88785445
v -2.30976761 -16.75359749 -125.49776156
v 1.47882148 -13.88947061 -126.74150579
v 15.33809822 23.07185484 -127.30118574
v 24.57761191 46.14818011 -127.20790575
v -3.14093744 -9.26113446 -127.78507880
v 1.47882148 -4.64370053 -127.77535766
v 6.09858039 4.59119212 -127.69179881
v 15.33809822 27.68929703 -127.56742273
v 29.19737495 64.62884696 -127.32061976
v -137.07528022 55.38306862 -127.50134872
v -123.21600761 87.71606205 -127.26037678
v -118.59625283 93.85813326 -127.18653081
v -117.93904763 93.85813326 -107.93383038
v -1.38195215 -16.10018329 -107.93383038
v -5.71176589 -16.30710233 -119.64247223
v -5.71176589 -16.30710233 -121.56249228
v -5.38316329 -16.16552223 -124.64268946
v -38.20471523 -2.50921248 -125.09354550
v -48.10143722 1.84686568 -125.36173167
v -35.47924983 -3.03194054 -125.59493165
v -12.38045526 -12.37573142 -125.66683670
v -7.76069635 -13.35585686 -126.20125160
v -3.56618980 -14.32508008 -126.42667963
v -7.76069635 -9.26113446 -127.63738686
v -63.15914587 13.82607650 -127.60434985
v -95.49745826 27.68929703 -127.59462871
v -127.83577065 41.53073792 -127.54798871
v -90.87769935 27.68929703 -127.63155582
v 10.71833930 18.44351869 -127.64320963
v -137.07528022 50.76562230 -127.53049562
v -141.67571661 46.14818011 -127.39252481
v -141.67571661 50.76562230 -127.26231770
v -137.07528022 60.01140064 -127.36336965
v -132.45553370 69.24629328 -127.35753862
v -123.21600761 92.34439820 -127.18458163
v -123.21600761 93.85813326 -127.07381680
v -127.04326239 93.85813326 -114.52176078
v -145.32899851 54.45740057 -107.93383038
v -30.85949091 -4.18630315 -107.93383038
v -28.57860556 -6.96331145 -120.18466322
v -141.67571661 40.69219258 -107.93383038
v -28.57860556 -6.96331145 -120.42952526
v -84.24766741 16.01500954 -121.78597938
v -38.64929424 -2.68345792 -122.56720138
v -83.93839559 16.14569568 -124.86423150
v -126.57935672 34.19074894 -125.33646662
v -103.67384930 24.85785201 -125.42585651
v -90.87769935 19.92458428 -125.68043969
v -44.69943894 1.18255753 -125.87477163
v -100.11721718 24.17176420 -125.94084565
v -35.47924983 -0.02625008 -126.99608072
v -12.38045526 -9.26113446 -127.11462576
v -44.69943894 4.59119212 -127.29146460
v -100.11721718 27.68929703 -127.31867884
v -109.35673500 32.30673922 -127.43527470
v -137.07528022 46.14818011 -127.50912067
v -141.28911755 41.44361933 -125.88448451
v -145.21302209 42.91379096 -125.63574062
v -145.71558105 46.14818011 -126.07299368
v -132.45553370 41.53073792 -127.32839172
v -137.07528022 41.53073792 -126.69874765
v -145.19369544 50.76562230 -125.91947070
v -137.07528022 64.62884696 -126.84255774
v -132.45553370 73.86373548 -127.05632370
v -127.83577065 83.09861986 -127.14377266
v -127.83577065 87.71606205 -126.61712972
v -127.35253834 93.85813326 -125.78149164
v -128.41565273 93.85813326 -116.57587391
v -147.59054688 50.76562230 -107.93383038
v -147.20396434 51.39725686 -107.93383038
v -84.24766741 16.01500954 -119.38400720
v -107.07584345 25.36968611 -120.15551219
v -145.92820724 42.71777413 -107.93383038
v -141.50174373 39.84276155 -117.62528208
v -107.07584345 25.36968611 -120.40037423
v -142.12029563 39.98433339 -122.56720138
v -139.49147483 39.17845339 -124.93419150
v -137.07528022 38.69928463 -125.39476868
v -123.21600761 33.53733473 -125.84756565
v -90.87769935 23.07185484 -127.07186761
v -58.53938696 9.20863431 -126.87170464
v -123.21600761 36.92418968 -127.17291956
v -132.45553370 37.78451466 -125.99914771
v -146.02485700 42.29305036 -122.56720138
v -147.76451977 46.14818011 -122.56720138
v -144.51716359 54.32672268 -125.42974661
v -140.07135691 64.62884696 -125.55800454
v -135.79953964 73.86373548 -125.80869761
v -140.97985811 60.01140064 -126.06522172
v -131.58570231 83.09861986 -125.93695554
v -130.21329545 90.18813877 -124.95945655
v -128.89890157 93.85813326 -122.56720138
v -130.69654428 87.71606205 -125.40642249
v -128.82157845 93.85813326 -117.69912805
v -147.59054688 50.76562230 -108.71311145
v -148.20909878 46.14818011 -108.71311145
v -148.09312237 46.93228045 -107.93383038
v -130.32927186 90.50395604 -118.84375714
v -128.89890157 93.85813326 -121.41480034
v -139.83940408 39.04777551 -118.94869919
v -146.31480630 43.29494718 -107.93383038
v -146.08285347 42.29305036 -117.94787607
v -148.07379572 46.14818011 -117.94787607
v -147.45524382 50.76562230 -113.33049170
v -147.04933462 50.76562230 -117.94787607
v -146.58541244 50.76562230 -122.56720138
v -139.53014465 67.28605481 -125.06439860
v -135.18098774 77.22880251 -125.33257652
v -144.84576619 55.14348424 -122.56720138
v -135.49026369 77.98022926 -122.56720138
v -130.32927186 90.51484587 -122.56720138
v -148.18977213 46.14818011 -107.93383038
v -53.92614047 262.38809155 -117.94886718
v -51.26980604 261.10134965 -115.08120534
v -50.92426578 261.24981796 -117.94886718
v -51.03224724 261.16734107 -121.03923563
v -54.05571987 261.62924800 -122.57456450
v -57.64069362 261.62924800 -122.56668104
v -58.41815766 262.05816747 -117.94886718
v -58.15900298 261.41478826 -107.05373687
v -55.02754889 261.41478826 -107.05373687
v -5.50740309 242.42712310 -116.13760909
v 73.18924412 210.17613991 -119.52361334
v -5.31303812 242.50960825 -119.21615442
v -5.31303812 242.50960825 -120.48935528
v -42.41535312 256.28432263 -124.85883821
v 83.14510339 205.83751354 -121.63050722
v 82.15168056 205.39210034 -124.70904842
v 59.23807907 214.74571973 -124.88248858
v -55.69703146 261.06834568 -125.01257180
v -56.62566872 261.06834568 -125.01257180
v -52.60877326 260.37549355 -124.11975079
v -59.95148779 259.99607177 -122.56668104
v -60.72895183 260.78791104 -117.94886718
v -60.46979715 260.72192787 -107.05373687
v -29.99752337 251.08787384 -107.05373687
v 50.08128591 219.39777645 -115.53845405
v 72.93008531 210.06065905 -116.44704197
v 85.60707077 204.96318913 -117.94886718
v 73.18924412 210.17613991 -120.49920857
v -45.48201752 256.72973583 -125.14264676
v 23.23717248 228.91634962 -125.12885381
v 91.69721193 201.08647795 -120.91900983
v 89.40801157 202.14226639 -122.50164356
v 84.65684383 204.73223566 -122.92932828
v 87.98265464 201.53188289 -125.27864360
v 79.06341409 205.95299440 -125.20374870
v 69.08595688 210.34111021 -125.06381220
v -49.30455007 257.37310678 -125.37127111
v -54.05571987 258.74232558 -125.45010567
v -53.92614047 253.99128998 -126.11824612
v -58.54773293 253.99128998 -125.88173418
v -58.33177414 258.37939753 -125.29243655
v -61.00970445 256.69674012 -125.00468421
v -61.46322411 257.68653714 -122.56668104
v -61.83036025 258.47837640 -117.94886718
v -61.93834171 258.39589951 -108.71323121
v -61.93834171 258.41239324 -107.05373687
v 84.61364794 203.42900003 -107.05373687
v 82.79956106 205.68904523 -115.15216057
v 88.19861756 201.69685319 -107.05373687
v 89.23523628 202.88460796 -117.94886718
v 66.14887602 210.80301713 -125.33579762
v 75.39206095 206.57986337 -125.46784654
v 29.19773010 225.23759620 -125.47769983
v 91.71880161 201.10297168 -117.94886718
v 91.69721193 199.91520865 -120.91900983
v 90.83336024 198.46350470 -122.50164356
v 88.41458049 198.57897731 -125.58018889
v 84.61364794 198.57897731 -126.32124202
v 84.61364794 202.43920302 -125.54470714
v -49.30455007 253.99128998 -125.99407653
v 66.14887602 207.81711584 -126.03743760
v 10.71136436 230.89595192 -125.86005364
v -12.37500312 240.13408219 -125.85414002
v -118.58524324 101.59507428 -127.15887883
v -58.54773293 249.37222072 -126.10444491
v 79.99205135 198.57897731 -126.35081014
v 79.99205135 189.34084703 -126.43949798
v 75.39206095 175.50014535 -126.54198704
v 52.28409449 120.07134308 -126.95390072
v -62.47824901 249.37222072 -125.47572587
v -61.48482205 253.99128998 -125.24513581
v -77.01250899 207.81711584 -126.27394128
v -118.58524324 106.21414354 -126.97361555
v -81.63410145 198.57897731 -126.18131377
v -65.43693194 246.99669466 -124.82139076
v -80.38151982 207.81711584 -125.51908694
v -79.75522900 211.29791151 -125.21360199
v -65.82566190 247.97000621 -121.74087560
v -70.18809968 238.05550928 -120.75148329
v -63.73083065 253.99128998 -117.94886718
v -111.71764218 136.37005183 -120.91900983
v -111.71764218 136.37005183 -119.39156441
v -126.12232275 100.80323501 -117.94886718
v -120.91763123 113.17573489 -115.61926257
v -125.86317221 100.15986406 -115.25267567
v -126.44626714 96.97600501 -114.75994935
v -117.82937302 93.85813739 -107.05373687
v 90.18547148 198.57897731 -107.05373687
v 91.63241810 200.98749081 -115.41823238
v 91.71880161 199.71725090 -117.94886718
v 91.39486549 197.40771626 -117.94886718
v 89.64556418 193.95991630 -122.56668104
v 87.33477414 190.49561435 -125.20768837
v 87.93946702 193.95991630 -125.52894023
v 84.61364794 193.95991630 -126.29562182
v 75.39206095 203.19804657 -126.20299430
v 79.99205135 184.72178190 -126.42964470
v 19.95454517 226.29338464 -126.02561035
v -118.58524324 96.97600501 -127.17661971
v -123.20683158 93.85813739 -127.07413065
v 43.04091782 96.97600501 -127.10960414
v 56.90569109 129.30947748 -126.85535958
v -123.20683158 96.97600501 -126.84944596
v -84.16085854 201.44939774 -125.07563945
v -97.87445860 168.72001390 -124.94161656
v -88.50170252 191.55140279 -124.71693187
v -122.23500670 106.21414354 -125.85020036
v -120.89604154 113.12624545 -124.85095475
v -126.12232275 100.81972874 -122.56668104
v -121.02561269 113.45617779 -121.77240943
v -128.90823452 93.85813739 -121.41370599
v -127.63406320 96.97600501 -117.94886718
v -128.82185101 93.85813739 -117.69658833
v -128.41152311 93.85813739 -116.57712106
v -127.02937033 93.85813739 -114.52344154
v -109.08289950 93.85813739 -107.05373687
v 90.12068591 196.91282188 -107.05373687
v 91.63241810 200.29463868 -115.41823238
v 90.31505089 193.95991630 -117.94886718
v 89.99110650 193.95991630 -107.05373687
v 87.11881122 186.55291175 -121.22844270
v 87.78828967 189.10989357 -122.68690685
v 86.68688538 187.41073831 -124.30698390
v 82.47562494 177.38076464 -125.03030441
v 82.92914046 180.10271263 -125.34959057
v 79.99205135 180.10271263 -126.16751256
v 69.47469509 147.78574422 -125.62354996
v 47.66250615 101.59507428 -126.74104327
v 56.90569109 124.69040821 -126.65038973
v 66.14887602 147.78574422 -126.54001308
v 52.28409449 115.45227794 -126.87704012
v 47.66250615 106.21414354 -127.00514938
v -118.58524324 93.85813739 -127.18647299
v -127.35330645 93.85813739 -125.78319304
v 43.04091782 93.85813739 -127.02091629
v 38.44091504 93.85813739 -127.06821702
v -126.42466919 96.97600501 -125.68464365
v -112.14956802 132.93874147 -125.32594434
v -116.53360376 123.02424453 -125.14658642
v -125.84157426 100.15986406 -125.23528253
v -128.88664484 93.85813739 -122.56668104
v -16.99659559 93.85813739 -108.01159123
v 56.62494259 125.79568609 -107.05373687
v 77.81083245 163.65553969 -121.01755509
v 59.19489144 117.79480416 -117.94886718
v 68.50286195 140.74166565 -120.61746454
v 74.54980722 159.18493874 -107.05373687
v 50.42681998 98.14727431 -115.12259658
v 54.83245365 107.96279237 -115.33742386
v 49.26063012 93.85813739 -117.94886718
v 54.98362274 107.59986432 -117.94886718
v 54.83245365 107.96279237 -122.56668104
v 54.61649073 108.44119302 -124.91008274
v 59.56202345 121.42406815 -125.21754165
v 68.84840427 144.40392742 -125.24513581
v 50.85874582 101.59507428 -125.62748963
v 55.97705383 115.45227794 -125.82458016
v 47.05780502 93.85813739 -125.89552713
v -121.47913647 110.05786727 -125.41069252
v 43.04091782 93.85813739 -112.97234575
v 58.91413469 127.37936462 -107.05373687
v 50.59958701 97.70186111 -122.56668104
v 73.70755348 157.30432358 -107.05373687
v 47.27376794 93.85813739 -114.35000137
v 48.46156401 93.85813739 -116.36031982
v 60.10193075 129.68889926 -107.05373687
v 59.34606053 128.20419960 -107.05373687
v 49.00147131 93.85813739 -122.56668104
v 50.25405295 98.52669609 -125.18798179
v 44.74701498 93.85813739 -113.43747792
v -129.43244099 93.85813739 6.76114241
v -126.01809925 100.53963685 3.76512353
v -127.62236810 93.85813739 2.91229382
v -128.83084533 93.85813739 11.64079520
v -121.15253261 113.73527857 10.34301481
v -111.83830159 136.65063514 10.24660869
v -102.52406232 159.55311968 10.04452544
v -93.21510896 182.44272804 9.22692557
v -93.21510896 182.44272804 8.88023108
v -117.01521726 124.13730676 6.76114241
v -111.74331194 136.43178148 4.33243916
v -121.04170997 113.45205230 4.23603304
v -126.76746119 96.97359331 3.08471396
v -116.73553421 123.45499343 3.86523805
v -117.87540183 97.10233440 -2.74973314
v -119.03638011 93.85813739 -2.74973314
v -128.38228536 93.85813739 12.54553431
v -125.68036192 99.72858657 13.82291848
v -120.78840697 112.93710032 13.42246452
v -111.55861028 136.03269236 13.32605840
v -102.32881360 159.15403262 13.12397516
v -79.45748296 215.03918748 13.83219362
v -75.52070225 225.37683893 11.37938575
v -75.52070225 224.99062804 6.76114241
v -93.93808258 180.42154041 7.10783277
v -93.06734681 182.17237794 5.80263970
v -79.36777097 214.80744938 4.42142847
v -88.72422328 192.02083390 4.26013354
v -98.09123092 169.19559402 4.09513020
v -117.86484651 97.12807849 -2.74973314
v -93.76921391 179.09554228 3.83742915
v -98.68754892 166.24749119 3.54264406
v -108.92001879 93.85813739 -2.74973314
v -126.86245084 93.85813739 14.34573739
v -126.19752324 96.97359331 14.15107508
v -121.34778959 109.86026466 14.04724803
v -116.46638996 122.86280093 13.85814419
v -107.24714860 145.99701117 13.88781143
v -98.00151893 169.01536062 13.88410302
v -88.73477861 192.02083390 13.86741933
v -75.52070225 222.93082015 14.44956445
v -75.52070225 224.29544680 13.55780476
v -75.52070225 222.23563892 3.70579732
v -79.86910343 212.42580322 3.92456426
v -108.29730423 120.14642794 -2.74973314
v -75.63680255 221.66918638 3.61124127
v -75.58402593 198.62509697 -2.74973314
v -75.52070225 93.85813739 0.97675050
v -106.60860931 98.89178806 -2.74973314
v -125.88617422 93.85813739 14.61085938
v -81.65279214 198.57359227 15.83077568
v -77.03525497 212.42580322 15.57862898
v -103.56894854 152.39528850 14.50518225
v -116.98355954 120.06918328 14.21040129
v -102.90402094 156.06432079 14.12326618
v -75.76872758 221.66918638 14.63495988
v -75.52070225 222.04252934 14.66462711
v -75.52070225 198.76670184 -2.74973314
v -75.52070225 93.85813739 15.34132415
v -75.52070225 171.16528108 -2.74973314
v -123.21591676 93.85813739 15.13738670
v -123.21591676 96.97359331 14.95940808
v -100.12822676 152.39528850 15.53970312
v -90.88787062 175.47800643 15.69172291
v -77.03525497 207.81698369 16.06252203
v -75.52070225 213.94491092 15.79554997
v -75.52070225 218.46361376 15.18744602
v -75.52070225 221.66918638 14.72951180
v -94.30748589 175.47800643 14.55338325
v -84.75577659 93.85813739 15.33205727
v -75.52070225 161.62579961 15.86785146
v -118.59837546 106.20410855 15.20042131
v -121.70135991 93.85813739 15.24677223
v -113.98084241 115.44749171 15.38396667
v -81.65279214 193.95190483 16.06993058
v -77.03525497 203.19528798 16.17189930
v -75.52070225 209.32321521 16.12740671
v -89.37859556 93.85813739 15.32649053
v -75.52070225 198.57359227 16.14965714
v -77.03525497 198.57359227 16.14965714
v -81.65279214 189.33020912 16.07364724
v -100.12822676 93.85813739 15.31351525
v -98.61366991 93.85813739 15.31536532
v -118.59837546 93.85813739 15.26902266
v -118.59837546 96.97359331 15.29868163
v -118.59837546 101.59528902 15.31907372
v -100.12822676 147.77359692 15.69543132
v -75.52070225 204.70152777 16.18859125
v -75.52070225 200.07983206 16.16078235
v -104.74048214 93.85813739 15.30424837
v -75.52070225 198.75699722 -2.75158734
v -75.52070225 196.82640533 -56.92005667
v -75.58034230 198.62349467 -2.75158734
v -75.52070225 171.16392243 -2.75158734
v -75.52070225 173.95711886 -56.92005667
v -76.38547484 194.72124589 -56.92005667
v -117.87750794 97.10317271 -2.75158734
v -117.86898439 97.12370934 -2.75158734
v -108.33093591 120.06488021 -2.75158734
v -106.60990601 98.88999581 -2.75158734
v -109.18718082 93.86840364 -56.92005667
v -117.71136483 93.86840364 -56.92005667
v -119.04047670 93.86840364 -2.75158734
v -108.92306646 93.86840364 -2.75158734
v -76.18643099 195.20470946 -56.92005667
v -76.18643099 172.86454371 -56.92005667
v -76.18643099 196.75583002 -107.05373274
v -116.09174203 97.81651192 -56.92005667
v -76.18643099 172.27028640 -81.00051289
v -109.18661919 93.85813326 -56.92005667
v -76.18643099 172.51201819 -107.05373274
v -84.99626949 175.23151318 -107.05373274
v -117.52334296 94.32145664 -56.92005667
v -76.18643099 172.17963285 -85.61343934
v -117.71096013 93.85813326 -56.92005667
v -109.12544291 93.85813326 -81.00051289
v -106.82509256 99.00503480 -107.05373274
v -78.44191295 166.44854616 -107.05373274
v -76.18643099 172.28035443 -92.42486716
v -116.99719557 96.21503057 -107.05373274
v -76.18643099 172.20985346 -87.72360802
v -117.84963297 93.85813326 -107.05373274
v -109.08873879 93.85813326 -107.05373274
v -75.52069812 93.85813739 0.97663487
v 47.70237356 124.77978158 0.54831832
v 52.28619234 123.41389952 0.54831832
v -67.77730249 93.85813739 0.98765684
v -75.52069812 93.85813739 15.34096074
v -75.52069812 169.27798831 0.54831832
v 57.32839960 124.63167254 0.54831832
v 38.43649221 93.85813739 1.19866421
v 39.94260810 93.85813739 15.70313720
v 43.05305892 101.59266257 15.78817446
v -75.52069812 163.13973702 15.87950527
v -75.52069812 203.39218029 0.54831832
v 57.45937482 124.69749878 0.54831832
v 43.05305892 96.96840650 1.23173426
v 43.05305892 93.85813739 1.36873047
v 43.05305892 93.85813739 15.59133170
v 43.05305892 96.96840650 15.73148295
v 52.28619234 120.07324271 15.94563710
v 56.90276731 133.92956263 16.06058937
v -53.92760236 253.99572520 16.63378145
v -75.52069812 200.08444072 16.16136876
v -75.52069812 221.65882928 3.56384969
v -63.52089698 253.99572520 0.54831832
v 59.47298046 126.49125139 0.54831832
v 47.26035492 93.85813739 3.00168370
v 60.81538972 128.41665647 0.54831832
v 44.59192275 93.85813739 15.24332812
v 47.66963389 101.59266257 15.43071403
v 52.28619234 115.44898250 15.77084655
v 47.66963389 106.21691865 15.79132123
v 56.90276731 129.30530243 16.00547538
v 80.00197897 189.33838165 16.50623382
v 80.00197897 193.94618116 16.55346849
v 80.00197897 198.57044550 16.54717494
v 84.61853742 198.57044550 16.48890591
v -49.31103564 253.99572520 16.45583587
v -53.92760236 258.61998128 15.61809994
v -58.54416907 253.99572520 16.32514147
v -58.54416907 249.38792156 16.50465631
v -58.54416907 244.76365722 16.54401990
v -72.41024730 212.42676129 16.26057889
v -75.52069812 204.69223611 16.18814525
v -75.52069812 222.23479647 3.70557019
v -75.01320012 224.75262944 4.11656709
v -61.99841125 258.55415504 0.54831832
v 50.40355367 98.21909677 3.91658169
v 49.11026218 93.85813739 6.76204680
v 61.15917282 129.17364995 0.54831832
v 46.94931149 93.85813739 14.55833880
v 52.28619234 110.82472230 15.23073276
v 56.90276731 124.68104222 15.69211110
v 84.61853742 193.94618116 16.33773683
v 80.00197897 184.71412557 16.37080687
v 75.38540400 175.49851828 16.36135829
v 88.90769913 198.57044550 15.07483938
v 88.31833542 202.02629823 14.59297810
v 84.55305807 203.42509341 14.95516282
v 80.00197897 203.19470157 15.89682492
v 75.38540400 203.19470157 16.40702369
v -12.36212179 240.13940115 16.15192843
v -44.69446480 253.99572520 15.95036139
v 66.15227057 211.43937598 14.79139011
v -35.44496154 252.92605296 14.77721724
v -49.73667619 258.70225995 14.76776865
v -53.92760236 261.30237984 14.14104835
v -57.43095405 261.40112746 14.25756988
v -58.80610299 258.89973866 15.03704504
v -61.45817358 257.55030904 14.36307356
v -62.19485756 253.99572520 14.83863303
v -63.16073578 244.76365722 16.08106405
v -72.41024730 221.65882928 15.96453427
v -67.77730249 230.90734143 16.19601632
v -72.41024730 217.05102563 16.24325924
v -63.16073578 240.13940115 16.36293580
v -75.52069812 209.31650044 16.12672946
v -75.52069812 224.98302953 6.76204680
v -66.07474029 248.54864115 11.37903886
v -63.84831025 253.99572520 6.76204680
v -61.93292364 258.52124192 6.76204680
v -60.73785943 260.82514374 6.76204680
v -60.75422927 260.85805686 0.54831832
v -75.52069812 225.34506558 10.99638771
v -75.52069812 225.36151801 11.37903886
v 54.74181662 108.15878442 4.24096794
v 89.93904844 193.94618116 0.54831832
v 68.46054980 140.85772053 9.05007021
v 68.46054980 140.85772053 9.07841596
v 54.77455630 108.09295818 11.37903886
v 50.50178095 97.97224424 11.37903886
v 48.75010097 93.85813739 11.37903886
v 47.88245003 93.85813739 13.08285234
v 50.20710736 98.69633287 13.92530843
v 50.78008470 101.59266257 14.36307356
v 55.96962876 115.44898250 14.65911819
v 80.00197897 180.08986537 15.92831745
v 84.61853742 189.33838165 15.61180639
v 88.31833542 193.94618116 14.88744521
v 91.72347635 201.12119159 10.05944578
v 91.21597835 198.48815857 11.51131078
v 89.61163517 202.51998676 11.51131078
v 85.87909750 205.05428042 11.37903886
v 82.94871489 205.74544766 13.98514671
v 80.00197897 206.32142312 14.47960335
v 75.38540400 207.24298219 14.95830960
v 10.72071797 230.90734143 16.09680619
v -44.69446480 257.17181229 14.51424265
v -51.55383552 260.95679622 13.72374965
v -53.92760236 261.97709466 11.37903886
v -58.24949548 261.82898975 11.37903886
v -60.55777883 260.66057815 11.37903886
v -61.85107445 258.35667633 11.37903886
v -65.82917621 247.98912638 14.13159977
v -66.43490149 244.76365722 14.64809209
v -75.52069812 222.05377845 14.66384248
v -75.52069812 221.65882928 14.72998257
v -75.52069812 218.44982081 15.18663662
v -75.52069812 213.94075652 15.79604552
v -70.13469949 237.93423868 13.75367292
v -63.73371313 253.99572520 11.37903886
v -58.42957195 261.86189461 6.76204680
v -59.23174354 261.35173713 0.54831832
v -75.52069812 224.29185403 13.55840768
v 90.46291627 198.78437664 0.54831832
v 91.57613129 200.72623416 4.39213703
v 91.31419738 197.78053890 6.76204680
v 90.13550301 193.94618116 6.76204680
v 77.77554893 163.76508215 9.87678416
v 87.05779187 186.72180932 11.37903886
v 86.94320300 186.98511015 13.70642999
v 54.64359760 108.42208112 13.73477575
v 55.08559973 110.82472230 14.13789332
v 60.19329460 124.68104222 14.52684627
v 83.19427897 180.08986537 14.54889022
v 87.40157497 189.33838165 14.19143805
v 91.72347635 199.98569310 10.05944578
v 91.69073667 201.08827847 6.76204680
v 89.23511239 202.86557864 6.76204680
v 89.95541828 193.94618116 11.37903886
v 85.69901277 204.97200175 6.76204680
v 73.38816820 210.23805952 8.29264311
v 73.38816820 210.23805952 10.13503033
v -51.27553177 261.07197975 11.37903886
v 50.07613214 219.38783231 13.74106930
v -51.24278796 261.08844870 7.95251060
v -53.55107132 261.77961594 6.55261281
v -75.11142740 224.99948196 14.14734190
v -75.52069812 222.92597197 14.44968008
v -54.64791650 261.54923237 0.54831832
v -58.44594591 261.54923237 0.54831832
v 88.74398423 201.74653259 0.54831832
v 91.57613129 200.90726044 4.39213703
v 91.69073667 200.08444072 6.76204680
v 82.60493179 177.07833974 14.04183822
v 85.76449212 203.29344093 0.54831832
v 84.48757872 203.90232951 0.54831832
v 82.71952065 205.66316899 4.06775078
v 83.39073354 205.92647395 6.76204680
v -51.21004829 260.15042893 0.54831832
v -53.14180473 260.94032727 0.54831832
v -28.35640071 251.75764962 8.54144482
v -28.35640071 251.75764962 9.90040149
v 56.57534579 215.50411729 0.54831832
v 28.94142486 226.97425259 0.54831832
v -31.92523588 252.18551191 0.54831832
v -133.77336342 56.28683314 -107.93189358
v -124.41572178 56.28683314 -107.93189358
v -133.65707316 56.28683314 -55.40188730
v -135.87207239 57.91604906 -1.28512825
v -132.16417206 66.79767698 -1.28512825
v -121.30822777 85.94742171 -107.93189358
v -115.37451685 78.18749106 -107.93189358
v -114.33327295 76.12062564 -1.28512825
v -121.96272394 57.91604906 -1.28512825
v -124.58881092 56.28683314 -55.40188730
v -122.44413096 89.26102121 -1.28512825
v -117.94110418 93.85813739 -107.93189358
v -111.01482939 88.79027689 -107.93189358
v -109.37588821 90.48569484 -1.28512825
v -109.62199740 92.34292805 -107.93189358
v -109.04593935 93.85813739 -107.93189358
v -120.98909853 92.28776451 -1.28512825
v -119.96138329 93.85813739 -1.28512825
v -108.24269406 93.85813739 -1.28512825
v 67.78282862 170.34053695 -75.97719867
v 80.75195209 170.34053695 -75.97719867
v 67.78282862 170.34053695 -68.33271688
v 67.78282862 210.38485946 -75.97719867
v 78.52111161 171.31273350 -68.33271688
v 77.97598446 170.34053695 -68.33271688
v 89.91396509 193.95942900 -75.97719867
v 89.90521028 193.95942900 -71.76019908
v 89.89207807 193.95942900 -68.33271688
v 67.78282862 210.37702143 -68.33271688
v 67.78282862 210.38093632 -71.76019908
v 68.43960434 210.11436896 -75.97719867
v 90.12632698 198.17751159 -75.97719867
v 90.14602529 198.57736675 -68.33271688
v 67.83099658 210.35741397 -68.33271688
v 84.63130623 203.41483542 -75.97719867
v 84.63130623 203.41483542 -68.33271688
v 90.14602529 198.57736675 -75.97719867
v 88.21292259 201.69388812 -68.33271688
v 88.19540472 201.69388812 -75.97719867
v -117.21134971 48.10972768 -1.28512825
v -121.96034527 57.91471519 -1.28512825
v -147.92474926 48.10972768 -1.28512825
v -121.15329246 48.10972768 -55.40210940
v -123.92379247 57.91471519 -55.40210940
v -135.87006539 57.91471519 -1.28512825
v -147.34956669 50.77500481 -1.28512825
v -147.93378488 48.10972768 -1.55528838
v -147.95184786 48.10972768 -55.40210940
v -132.77433256 57.91471519 -55.40210940
v -137.52934912 57.90319766 -1.28512825
v -146.80751198 51.89313409 -1.28512825
v -147.38269455 50.77500481 -2.47701677
v -147.95786886 48.10972768 -2.47701677
v -147.97594010 48.10972768 -20.95391741
v -147.86451453 48.65775382 -55.40210940
v -141.69413474 55.40876316 -55.40210940
v -141.69413474 56.41747799 -1.28512825
v -143.62143945 54.84153838 -55.40210940
v -145.25362457 54.35493629 -55.40210940
v -147.41882878 50.77500481 -16.33469121
v -145.16027025 54.58624077 -1.28512825
v -147.47905524 50.77500481 -55.40210940
v -147.47604887 50.77500481 -44.04474695
v -146.27750752 52.71085785 -55.40210940
v -120.63613114 48.13894891 -107.93188945
v -147.94366294 48.13894891 -107.93188945
v -124.41947974 56.28604025 -107.93188945
v -124.59072707 56.28604025 -55.40210940
v -121.21674830 48.13894891 -55.40210940
v -147.96774692 48.13894891 -57.90622169
v -147.59583281 50.77568207 -107.93188945
v -133.77617983 56.28604025 -107.93188945
v -133.66112019 56.28604025 -55.40210940
v -147.94633894 48.13894891 -55.40210940
v -147.95971893 48.13894891 -55.92144291
v -147.48078143 50.77568207 -55.40210940
v -147.48880116 50.77568207 -57.90622169
v -147.51020914 50.77568207 -67.14623816
v -147.21589070 51.39857834 -107.93188945
v -141.69338315 55.65756073 -107.93188945
v -141.69338315 55.42387346 -57.90622169
v -141.69338315 55.40872186 -55.40210940
v -147.86339127 48.65735738 -55.40210940
v -145.25464872 54.35514277 -55.40210940
v -145.25732472 54.36391410 -57.90622169
v -145.32956839 54.46760074 -104.09087889
v -145.33224439 54.46520556 -107.93188945
v -142.30609576 55.46534729 -107.93188945
v -143.61983716 54.84165401 -55.40210940
v 13.53172547 7.47569458 -107.93188945
v 13.52274767 4.64515807 -107.93188945
v 10.76988116 8.80176704 -107.93188945
v 8.89673650 7.27865360 -55.40210940
v 13.39109106 7.27598586 -105.34550882
v 13.21155557 3.05814280 -101.36566436
v 13.21155557 1.96107462 -101.36566436
v 13.00509079 2.38446039 -107.93188945
v 13.21155557 1.96107462 -103.28360308
v 9.94701189 9.13460663 -107.93188945
v 6.10796290 8.56211658 -55.40210940
v 7.37966471 7.98429105 -55.40210940
v 9.51613084 5.82210974 -55.40210940
v 9.96795735 4.58391571 -55.40210940
v 9.89016346 2.08356758 -55.40210940
v 9.81236130 -0.03334477 -55.40210940
v 10.55144873 -0.03334477 -67.14623816
v 8.41797657 -4.39764089 -55.40210940
v 7.99008537 -5.64914883 -55.40210940
v 7.23005662 -7.61162143 -55.40210940
v 6.58073900 -9.27053349 -55.40210940
v 5.57534232 -11.40607872 -55.40210940
v 4.70160638 -13.24073940 -55.40210940
v 4.69562255 -13.27269445 -57.90622169
v 4.69262857 -13.30198176 -62.52365768
v 12.82854928 2.01965749 -107.93188945
v 8.31923308 -6.78615875 -104.09087889
v 4.64774573 -13.12890087 -107.93188945
v 5.95535670 10.64706563 -107.93188945
v 1.49092541 9.40088492 -67.14623816
v 3.60644402 8.72720251 -55.40210940
v 3.59746828 -14.30052532 -55.40210940
v 2.46340691 -15.61327561 -62.52365768
v 4.65971545 -13.16351540 -104.09087889
v 1.79613574 -15.43753524 -107.93188945
v 2.02055407 -15.49079090 -99.47344496
v 1.94574796 -15.47214977 -104.09087889
v 1.46698803 10.79085921 -107.93188945
v -17.03706283 5.92862105 -55.40210940
v 1.49092541 8.85768217 -55.40210940
v 2.22402694 -15.54936552 -55.40210940
v 2.28686333 -15.58132056 -57.90622169
v 0.97326853 -15.99937912 -55.40210940
v 0.15339324 -16.41211046 -62.52365768
v -0.28945960 -16.30559915 -99.47344496
v -0.51387793 -16.26033845 -107.93188945
v -0.36426571 -16.28962575 -104.09087889
v -17.03706283 6.13898420 -107.93188945
v -17.03706283 -9.99214434 -55.40210940
v -0.08598673 -16.35885480 -55.40210940
v -1.33674720 -16.41211046 -62.52365768
v -1.08838943 -16.30559915 -99.47344496
v -0.97468431 -16.26033845 -107.93188945
v -1.04949042 -16.28962575 -104.09087889
v -17.03706283 -9.73917997 -107.93188945
v -17.03706283 -9.99214434 -55.43296184
v -7.74613735 -13.76796875 -55.40210940
v -1.23800165 -16.35885480 -55.40210940
v -2.48576814 -15.87689441 -55.40210940
v -3.54502340 -15.45616812 -55.40210940
v -17.03706283 -9.98149816 -57.95763966
v -17.03706283 -9.79776284 -99.52486293
v -17.03706283 -9.77646223 -104.13715548
v -16.41766745 -9.99214434 -107.93188945
v -148.26864799 46.15235103 -55.40210940
v -148.37188038 46.15235103 -20.95391741
v -147.94751176 48.10972768 -55.40210940
v -146.04357247 42.64042623 -55.40210940
v -146.35324486 42.52164167 -1.28512825
v -148.39481632 46.10586796 -1.28512825
v -147.97044770 48.10972768 -20.95391741
v -121.14328225 48.10972768 -55.40210940
v -143.70379246 41.48872310 -55.40210940
v -141.66222099 40.16142001 -1.28512825
v -144.94249855 41.78826965 -1.28512825
v -147.92456755 48.10972768 -1.28512825
v -147.94751176 48.10972768 -2.47701677
v -147.97044770 48.10972768 -18.99922502
v -117.20923535 48.10972768 -1.28512825
v -113.79132561 47.13878653 -1.28512825
v -109.35263015 45.62039739 -1.28512825
v -100.15408648 42.14462334 -1.28512825
v -31.22236528 14.71548231 -1.28512825
v -31.22236528 11.43080257 -55.40210940
v -141.68515694 40.51778196 -55.40210940
v -112.77053988 28.37066054 -1.28512825
v -31.22236528 -4.65172852 -1.28512825
v -31.22236528 -4.28504251 -55.40210940
v -120.63223277 48.13894065 -107.93188945
v -121.21054560 48.13894065 -55.40210940
v -111.41777352 44.48568354 -107.93188945
v -147.94146598 48.13894065 -107.93188945
v -147.94146598 48.13894065 -55.40210940
v -17.03706283 5.93301497 -55.40210940
v -17.03706283 6.14355982 -107.93188945
v -148.19849390 46.15297873 -107.93188945
v -148.32700787 46.15297873 -57.90622169
v -147.96716877 48.13894065 -57.90622169
v -147.95431738 48.13894065 -55.92144291
v -148.26275088 46.15297873 -55.40210940
v -17.03706283 -9.99449822 -55.40210940
v -17.03706283 -9.73842838 -107.93188945
v -145.93664819 42.72164772 -107.93188945
v -146.09086495 42.64767786 -57.90622169
v -146.03945936 42.64198723 -55.40210940
v -17.03706283 -9.79533462 -99.52486293
v -30.85232188 -4.43494794 -55.40210940
v -30.85232188 -4.38942294 -67.14623816
v -17.03706283 -9.77257212 -104.13715548
v -30.08123812 -4.49754481 -107.93188945
v -141.68283609 40.51945858 -55.40210940
v -143.70050527 41.48683173 -55.40210940
v -141.68283609 40.69585969 -107.93188945
v -30.85232188 -4.21871246 -104.09087889
v -31.22236528 -4.28261429 -55.40210940
v -31.22236528 11.42476506 -55.40210940
v -30.84043062 -4.43823512 -55.40210940
v -31.22236528 -4.29353302 -53.28207092
v -31.22236528 11.42476506 -55.09979393
v 1.48964936 9.83300072 -16.30769585
v 1.48964936 9.74836817 -25.57233832
v 1.48964936 9.28694854 -44.04421733
v 1.48964936 9.15316517 -48.66314515
v 6.10643287 8.56342154 -55.40210940
v -30.84043062 -4.44916211 -53.28207092
v -7.74811751 -13.76764664 -55.40210940
v -3.69374156 -15.49319434 -39.42529054
v -3.72731748 -15.50412133 -34.81019191
v -31.22236528 -4.42459083 -25.57233832
v -31.22236528 11.42203125 -53.28207092
v 6.10643287 8.74634746 -16.30769585
v 6.10643287 8.84464081 -20.95340946
v 6.10643287 8.86921209 -25.57233832
v 6.10643287 8.77637810 -44.04421733
v -31.22236528 11.41111252 -48.66314515
v -31.22236528 11.33466488 -16.33448473
v -31.21397181 11.33193933 -16.30769585
v 6.10643287 8.70812364 -48.66314515
v 7.38234483 7.98186283 -55.40210940
v -30.84043062 -4.58021166 -25.57233832
v -3.81125833 -15.53961134 -20.95340946
v -3.54684250 -15.45497053 -55.40210940
v -3.62238988 -15.46589752 -48.66314515
v -1.31399916 -16.39146233 -48.66314515
v -1.38534877 -16.41604186 -39.42529054
v -1.41892469 -16.42696060 -34.81019191
v -1.50286760 -16.46518441 -20.95340946
v -31.22236528 -4.43823512 -21.40497168
v 8.84292334 7.20100011 -16.30769585
v 8.91427502 7.21738647 -25.57233832
v 8.90588362 7.27472220 -53.28207092
v 8.89328826 7.27744775 -55.40210940
v -31.22236528 -4.27442111 -16.30769585
v -7.74811751 -13.96695891 -16.33448473
v -3.81545609 -15.55326388 -16.33448473
v -2.48917921 -15.87544079 -55.40210940
v -1.23845178 -16.35870614 -55.40210940
v -0.05487619 -16.39146233 -48.66314515
v -1.34337732 -16.40510661 -44.04421733
v 0.21793516 -16.46518441 -20.95340946
v -1.49447207 -16.46244234 -16.30769585
v -1.50706330 -16.46244234 -16.33448473
v -3.81545609 -15.55326388 -16.30769585
v -30.84043062 -4.60478293 -16.33448473
v -31.22236528 -4.44916211 -16.33448473
v 10.41683118 4.58537760 -16.30769585
v 10.98763221 4.58537760 -25.57233832
v 9.51445834 5.82220059 -55.40210940
v -31.22236528 -4.44916211 -16.30769585
v -7.74811751 -13.96695891 -16.30769585
v -0.08425435 -16.35870614 -55.40210940
v 0.08782510 -16.41604186 -39.42529054
v -0.00870697 -16.40510661 -44.04421733
v 0.26410232 -16.46244234 -16.33448473
v 0.26410232 -16.46244234 -16.30769585
v 0.12979655 -16.42696060 -34.81019191
v 2.57249511 -15.63517089 -16.33448473
v -1.51965453 -16.45699124 -16.30769585
v -30.84043062 -4.60478293 -16.30769585
v 10.95824992 -0.03427807 -16.30769585
v 11.65496739 -0.03427807 -25.57233832
v 10.05168139 4.58537760 -53.28207092
v 9.96774261 4.58537760 -55.40210940
v 0.97340894 -16.00103097 -55.40210940
v 2.22413638 -15.55053007 -55.40210940
v 2.56409958 -15.63790470 -16.30769585
v 2.58508634 -15.62151834 -16.30769585
v 2.40041359 -15.55872325 -39.42529054
v 3.59658041 -14.30005454 -55.40210940
v 4.70041292 -13.24070636 -55.40210940
v 4.78855152 -13.32534718 -16.33448473
v 4.78855152 -13.32534718 -16.30769585
v 9.62357958 -4.67031184 -16.30769585
v 9.63197924 -4.65119993 -16.33448473
v 9.81245216 -0.03427807 -55.40210940
v 9.88799953 2.08443480 -55.40210940
v 8.66245043 -7.33507690 -16.30769585
v 8.66245043 -7.33781071 -16.33448473
v 9.77047864 -4.65119993 -25.57233832
v 6.58070184 -9.27085560 -55.40210940
v 7.22705025 -7.61083680 -55.40210940
v 7.98671973 -5.65048683 -55.40210940
v 8.41902136 -4.39728575 -55.40210940
v 5.57340346 -11.40594657 -55.40210940
v 8.60788981 -7.25316990 -25.57233832
v 8.53653813 -7.14395781 -28.76387434
v -63.68671798 231.97945015 0.54674494
v -63.68671798 225.80953288 -56.91443006
v -72.08809105 212.16680960 0.54674494
v -63.68671798 167.99396371 0.54674494
v -63.68671798 172.07174637 -56.91443006
v -75.52070225 196.83284755 -56.91443006
v -72.22363363 211.83482896 0.54674494
v -75.52070225 169.27179388 0.54674494
v -75.52070225 173.96970183 -56.91443006
v -75.52070225 203.40365239 0.54674494
v 27.55316024 136.20319430 -37.71700054
v 27.55316024 136.25792836 -49.21138914
v 35.41886299 117.00192423 -48.66439540
v 35.68227945 117.27560280 -45.74521544
v 38.44507357 116.57498697 -44.97829640
v 38.73911946 120.37363996 -42.77528340
v 38.80650669 130.72962695 -37.71700054
v 27.55316024 227.09723286 -37.71700054
v 27.55316024 136.30171891 -53.28282767
v 35.47399763 117.03476301 -53.28282767
v 38.44507357 115.33795751 -53.28282767
v 38.44507357 115.29417108 -48.66439540
v 42.15739260 116.66256395 -45.13055261
v 52.30195099 125.37647950 -37.71700054
v 49.54527698 125.75963033 -37.71700054
v 48.45485749 126.23035401 -37.71700054
v 84.62852286 203.34195578 -37.71700054
v 84.62852286 203.38574633 -48.66439540
v 27.55316024 227.10818462 -46.63995466
v 27.55316024 136.47687287 -56.92005461
v 35.56588594 117.12233999 -56.92005461
v 36.19685562 116.76108444 -56.92005461
v 38.44507357 115.49122032 -56.92005461
v 42.94763783 116.12615444 -56.92005461
v 42.93538935 116.06046861 -53.28282767
v 42.87413048 116.04952097 -48.66439540
v 56.68198925 125.74868269 -37.71700054
v 53.93144360 125.49689939 -37.71700054
v 88.13256007 201.64515027 -37.71700054
v 88.13256007 201.65609378 -39.42940984
v 88.16318537 201.67799732 -48.66439540
v 87.42195055 202.02830523 -56.92005461
v 84.62852286 203.37479456 -56.92005461
v 27.55316024 227.11912813 -56.92005461
v 58.48914662 127.00760330 -56.92005461
v 58.97309749 127.34696358 -56.92005461
v 58.98534596 127.33601594 -53.28282767
v 58.99147432 127.32506830 -48.66439540
v 58.98534596 127.32506830 -37.71700054
v 58.13997022 126.74487237 -37.71700054
v 88.84928970 200.51759719 -37.71700054
v 90.07448365 198.57995190 -37.71700054
v 90.08060376 198.57995190 -39.42940984
v 90.11123732 198.57995190 -48.66439540
v 90.12961416 198.57995190 -56.92005461
v 88.16931374 201.66704555 -56.92005461
v 60.09414228 129.65680793 -56.92005461
v 60.10026239 129.64586029 -53.28282767
v 60.10639075 129.63491265 -48.66439540
v 60.11864748 129.63491265 -37.71700054
v 89.91520398 193.96026319 -39.42940984
v 89.90295551 193.96026319 -37.71700054
v 89.93970918 193.96026319 -56.92005461
v -7.74940595 15.38297028 -1.28512825
v -3.12850520 15.25789217 -1.28512825
v -31.21369513 11.33361596 -16.30622570
v -10.05552125 15.36733551 -1.28512825
v 1.48805945 14.78572725 -1.28512825
v 1.48805945 9.83269513 -16.30622570
v -31.22236528 -4.27281056 -16.30622570
v -31.22236528 11.39302475 -14.02843138
v -31.22236528 14.71068368 -1.28512825
v -19.20629032 15.18910086 -1.28512825
v -16.98253628 15.25477017 -1.28512825
v -14.65474767 15.31104871 -1.28512825
v 5.92689945 13.97273604 -1.28512825
v 6.08294976 8.75078267 -16.30622570
v -31.22236528 -4.44792322 -16.30622570
v -31.22236528 -4.65116689 -1.28512825
v 8.21567445 12.54998903 -1.28512825
v 8.83988394 7.19983556 -16.30622570
v 6.10896020 8.74453042 -16.30622570
v -30.84090140 -4.60426260 -16.30622570
v -30.84090140 -4.80751453 -1.28512825
v 9.67216876 11.54937239 -1.28512825
v 13.06198465 6.92779232 -4.88195815
v 8.85289226 7.18420079 -16.30622570
v -10.83578518 -12.98126674 -1.28512825
v -7.72773161 -13.97563113 -16.30622570
v 11.61415842 9.06659995 -1.28512825
v 13.06198465 6.92779232 -4.45404631
v 13.06198465 6.78707944 -4.88195815
v 10.95960444 -0.03584733 -16.30622570
v 10.41775622 4.58573275 -16.30622570
v -7.64970439 -14.26956138 -1.28512825
v -3.81773978 -15.55471751 -16.30622570
v 12.62416996 4.90155003 -1.28512825
v 13.06198465 6.78707944 -4.45404631
v 11.38875105 -0.03584733 -2.47770229
v 9.62448810 -4.66993191 -16.30622570
v -1.95377320 -16.55846441 -1.28512825
v -1.52029462 -16.45527331 -16.30622570
v 11.35840655 -0.03584733 -1.28512825
v 9.82388709 -4.65116689 -2.47770229
v 8.66216135 -7.33719127 -16.30622570
v -0.87874277 -16.56158640 -1.28512825
v -1.49428417 -16.46151731 -16.30622570
v 9.41208079 -5.60487924 -1.28512825
v 8.71417812 -7.41223483 -1.28512825
v 8.74018651 -7.45600887 -2.47770229
v 4.79118003 -13.42842264 -11.71387512
v 4.78684599 -13.32523155 -16.30622570
v 0.68612118 -16.56158640 -1.28512825
v 0.26564473 -16.46151731 -16.30622570
v 6.54677696 -10.81431984 -1.28512825
v 4.79118003 -13.55349250 -1.28512825
v 2.79717154 -15.74858693 -7.09652378
v 2.70613806 -15.73920442 -11.71387512
v 2.58476423 -15.62350882 -16.30622570
v 2.44171605 -15.92369134 -1.28512825
v 2.56309195 -15.63914359 -16.30622570
v 2.84485220 -15.72983017 -1.28512825
v 27.54704013 133.18057237 0.54674494
v 27.54704013 136.19597984 -37.71699848
v 34.26087870 129.74748626 0.54674494
v 27.54704013 227.47319401 0.54674494
v 38.80657277 130.73564382 -37.71699848
v 27.54704013 227.09627478 -37.71699848
v 48.45232190 126.22271833 -37.71699848
v 49.54255142 125.75410902 -37.71699848
v 47.71318492 124.77613925 0.54674494
v 28.94524064 226.97402133 0.54674494
v 27.54704013 227.10645844 -37.39488765
v 27.81189782 226.99439691 -37.71699848
v 52.30200055 125.37718153 -37.71699848
v 52.30200055 123.40087055 0.54674494
v 56.58284519 215.50325007 0.54674494
v 84.49146057 203.90004169 0.54674494
v 84.62696186 203.33974230 -37.71699848
v 53.93426000 125.49943085 -37.71699848
v 57.34661951 124.62333070 0.54674494
v 56.68755598 125.75410902 -37.71699848
v 85.77263574 203.28880749 0.54674494
v 88.13787077 201.64866871 -37.71699848
v 57.46364486 124.69464108 0.54674494
v 58.99735491 127.32293741 -37.71699848
v 88.75382100 201.74035467 0.54674494
v 90.07810947 198.57213864 -37.71699848
v 59.47779560 126.47740062 0.54674494
v 60.11838318 129.63542886 -37.71699848
v 60.82672141 128.42315237 0.54674494
v 90.46615390 198.79626171 0.54674494
v 89.90564802 193.95734767 -37.71699848
v 61.16549941 129.16681955 0.54674494
v 89.94259992 193.95734767 0.54674494
v -60.54338708 170.90850919 -57.34699806
v -60.54338708 170.90850919 -56.92005667
v -60.54338708 171.00345755 -64.51175668
v -16.98974144 153.72249248 -57.90643849
v -16.98974144 153.71062393 -56.92005667
v -60.54338708 260.58914388 -56.92005667
v -60.54338708 171.08654150 -69.13449719
v -16.85827583 153.84117793 -67.14210544
v -12.37299303 152.01338482 -62.52427093
v -12.37299303 151.93030500 -57.90643849
v -60.54338708 171.13401981 -71.76484594
v -12.37299303 151.91843646 -56.92005667
v -60.45058613 260.71969787 -56.92005667
v -60.54338708 260.76717205 -60.57113954
v -19.01585158 154.81441928 -71.76484594
v -12.37299303 153.27147538 -107.05373274
v -10.71034366 152.63056155 -107.05373274
v -12.37299303 152.13207440 -67.14210544
v -60.54338708 172.08351994 -107.05373274
v 4.32308899 145.66357691 -62.52427093
v 4.16068732 145.60423418 -56.92005667
v -11.63060087 151.63358311 -56.92005667
v -59.96339350 260.87398896 -56.92005667
v -60.54338708 260.80277769 -62.43103224
v 12.21100088 143.99007901 -107.05373274
v 18.45946363 140.52438951 -70.65578120
v 18.45946363 140.41756847 -67.14210544
v -60.54338708 260.62474951 -107.05373274
v 18.45946363 140.37009429 -65.35091630
v 18.45946363 140.29888302 -62.52427093
v 18.45946363 140.19206199 -56.92005667
v -58.14608138 261.41995855 -56.92005667
v -58.27754390 261.44369564 -62.52427093
v -60.54338708 260.86212867 -99.21175882
v 18.45946363 141.78248007 -107.05373274
v -60.54338708 260.76717205 -104.91411983
v -60.47378637 260.73156642 -107.05373274
v 18.45946363 230.90527661 -56.92005667
v -54.97544953 261.41995855 -56.92005667
v -54.95998408 261.44369564 -62.52427093
v -58.36261006 261.43181884 -99.47185092
v -60.54338708 260.86212867 -99.47185092
v 18.45946363 230.91715342 -107.05373274
v -58.16928162 261.40809827 -107.05373274
v 18.45946363 230.91715342 -85.61343934
v -22.12461751 247.81831679 -56.92005667
v -54.48825690 261.23006183 -56.92005667
v -52.64774454 260.50605580 -62.52427093
v -55.00638455 261.43181884 -99.47185092
v -52.67094065 260.50605580 -56.92005667
v -52.66320999 260.50605580 -57.90643849
v -58.25434779 261.41995855 -104.08968130
v -30.01252940 251.09410957 -107.05373274
v 10.67981815 234.15733230 -99.47185092
v -55.03731545 261.40809827 -107.05373274
v -22.12461751 247.81831679 -57.90643849
v -36.43885721 253.77645032 -56.92005667
v -50.02617124 259.41413313 -56.92005667
v -42.46305753 256.28077115 -56.92005667
v -42.46305753 256.28077115 -62.52427093
v -52.70961047 260.47045843 -104.08968130
v -55.02185000 261.41995855 -104.08968130
v -50.52883344 259.55655568 -107.05373274
v -52.72507591 260.45858162 -107.05373274
v -63.68556169 167.99854346 0.54674494
v -63.68556169 172.08282616 -56.91443006
v -62.71215103 166.74184046 0.54674494
v -63.68556169 231.97723667 0.54674494
v -63.68556169 225.80683210 -56.91443006
v -16.98868839 153.70983930 -56.91443006
v -12.37169013 151.91275822 -56.91443006
v 27.54703600 136.48045739 -56.91443006
v 11.03479254 138.85562416 0.54674494
v -63.53374425 253.99465976 0.54674494
v -63.60518678 253.99465976 -11.71614228
v -63.60518678 253.99465976 -56.91443006
v 27.54703600 133.17533187 0.54674494
v 24.56429387 134.01732131 0.54674494
v 27.54703600 227.11380092 -56.91443006
v -61.99772160 258.55648415 0.54674494
v -62.01558223 258.58161705 -2.47959779
v -62.00664985 258.59418763 -7.09787003
v -61.98878922 258.46851486 -39.42575822
v -63.25690238 254.93718908 -56.91443006
v 27.54703600 227.46567809 0.54674494
v 22.45672685 229.23762627 -56.91443006
v 23.90344634 229.06168768 0.54674494
v -60.75640145 260.85624809 0.54674494
v -60.78319034 260.89395157 -2.47959779
v -60.87249350 260.94422564 -12.90867916
v -61.78339401 259.07173758 -11.50800913
v -61.78339401 259.04659642 -16.22753155
v -61.97092859 258.40567847 -56.91443006
v -9.16569009 242.42043310 -56.91443006
v -29.98236764 251.09168135 -56.91443006
v -42.45808649 256.28185312 -56.91443006
v -31.93811722 252.19757868 0.54674494
v -59.23823944 261.35893920 0.54674494
v -60.87249350 260.94422564 -14.61310795
v -60.79212272 260.22790071 -56.91443006
v -45.73552906 257.63908774 -56.91443006
v -49.31660444 259.12200339 -56.91443006
v -52.66549161 260.50437092 -56.91443006
v -52.34399816 260.61747311 0.54674494
v -58.44343510 261.56000243 0.54674494
v -58.26482878 261.45947081 -39.42575822
v -58.13980435 261.42177559 -56.91443006
v -59.96159712 260.86881867 -56.91443006
v -60.45276657 260.71801299 -56.91443006
v -54.48728644 261.23326642 -56.91443006
v -54.65696451 261.56000243 0.54674494
v -53.13880249 260.94422564 0.54674494
v -54.97845589 261.42177559 -56.91443006
v -60.54338502 233.51616657 -56.92005667
v -60.54491505 234.23532442 -107.05373274
v -62.36354452 231.06732314 -107.05373274
v -66.68507836 221.19753353 -107.05373274
v -60.76535448 232.97680438 -56.92005667
v -60.54491505 170.90005998 -56.92005667
v -60.54491505 171.00545629 -64.51175668
v -60.54491505 171.04885040 -67.14210544
v -60.54491505 171.08605007 -69.13449719
v -60.54491505 171.13564688 -71.76484594
v -60.54491505 172.07798624 -107.05373274
v -60.96589531 232.48703074 -56.92005667
v -75.83638738 198.23416179 -107.05373274
v -76.18082709 195.21495094 -56.92005667
v -75.23477107 197.53360378 -56.92005667
v -76.18082709 172.87773787 -56.92005667
v -76.18082709 172.27637347 -81.00051289
v -76.18082709 172.18958112 -85.61343934
v -76.18082709 172.28257617 -92.42486716
v -76.18082709 172.51816307 -107.05373274
v -76.18082709 196.75865469 -107.05373274
v -60.54368855 247.46728206 -107.05373274
v -61.64384156 248.62211545 -107.05373274
v -60.54368855 260.62713644 -107.05373274
v -60.54368855 247.81373291 -57.90643849
v -62.36416603 249.44493517 -107.05373274
v -62.50318782 249.90949332 -56.92005667
v -61.93959918 258.42507945 -107.05373274
v -60.54368855 260.76755198 -104.91411983
v -60.54368855 247.82291720 -57.01820550
v -62.74759974 250.88979220 -107.05373274
v -62.50348722 249.90424044 -57.90643849
v -62.73979268 250.77692952 -56.92005667
v -63.61084849 254.00784153 -56.92005667
v -63.61024557 254.00784153 -57.90643849
v -60.54368855 247.82423042 -56.92005667
v -61.94139970 258.46969593 -104.08968130
v -60.67670380 260.83841636 -99.47185092
v -60.56830938 260.77936271 -104.08968130
v -63.44240105 254.00784153 -107.05373274
v -63.50155381 254.00784153 -99.47185092
v -60.54368855 260.78723378 -104.04060895
v -63.58322543 254.00784153 -71.76484594
v -63.57271553 254.00784153 -76.38268045
v -61.97172560 258.41588690 -56.92005667
v -61.96662139 258.48544632 -62.52427093
v -61.94170116 258.53006280 -99.47185092
v -60.54368855 260.59826209 -56.92005667
v -60.54368855 260.87384855 -99.47185092
v -60.59323167 260.79511310 -62.52427093
v -60.54368855 260.80823706 -62.43103224
v -60.79500520 260.23344267 -56.92005667
v -60.54368855 260.76886520 -60.57113954
v 18.45946776 140.72013791 -75.97719867
v 18.45946776 141.78444577 -107.05373274
v 20.60219028 140.65813571 -107.05373274
v 49.49847180 126.57409168 -107.05373274
v 49.37656524 126.60509279 -75.97719867
v 18.45946776 230.89728992 -75.97719867
v 18.45946776 230.91795457 -107.05373274
v 50.42682824 126.16076568 -107.05373274
v 52.29760663 125.36511890 -107.05373274
v 52.29760663 125.55111312 -75.97719867
v 19.96921773 230.27730091 -75.97719867
v 18.45946776 230.90762224 -79.49064730
v 18.45946776 230.92828689 -99.47320131
v 61.53429153 213.03132202 -104.09087889
v 65.11643649 211.53301938 -107.05373274
v 53.83549587 125.43744930 -107.05373274
v 56.62525645 125.83010652 -75.97719867
v 29.20590263 226.45405187 -85.61712916
v 23.15751612 228.96499662 -85.61712916
v 18.45946776 230.91795457 -88.72904186
v 43.06092998 220.67782836 -75.97719867
v 33.33661885 224.73875390 -85.61712916
v 29.20590263 226.46437593 -99.47320131
v 19.96921773 230.29797381 -94.85248019
v 29.20590263 226.46437593 -94.85248019
v 61.53429153 213.03132202 -94.85248019
v 66.15263398 211.10936105 -104.09087889
v 66.35424232 211.01636187 -107.05373274
v 56.62525645 125.78877310 -107.05373274
v 58.93208204 127.39040724 -75.97719867
v 45.79442028 219.54119010 -75.97719867
v 61.53429153 212.98998447 -75.97719867
v 66.12450297 211.07836408 -75.97719867
v 66.35424232 211.01636187 -92.81133408
v 66.15263398 211.10936105 -99.47320131
v 66.35424232 144.09906604 -107.05373274
v 58.93208204 127.38007492 -107.05373274
v 66.35424232 138.83950623 -85.61712916
v 66.35424232 139.44916292 -81.36752927
v 66.35424232 140.44114038 -78.28299392
v 66.35424232 141.68111427 -75.97719867
v 66.35424232 210.97503257 -75.97719867
v 66.35424232 140.50313845 -94.85248019
v 64.42251891 139.58349139 -107.05373274
v 59.35406375 128.20672693 -107.05373274
v 66.35424232 139.21149881 -90.37777852
v 60.09956035 129.68436080 -107.05373274
v 80.55116967 176.24952380 -75.97719867
v 81.68636256 176.24952380 -85.87873684
v 66.35893358 176.24952380 -75.97719867
v 87.58099070 164.80742040 -75.97719867
v 87.99040182 165.35974549 -77.16051615
v 88.76735792 166.63979740 -80.67092331
v 87.68334761 169.08794706 -81.99112758
v 88.16487026 169.44247958 -85.61712916
v 81.68403345 176.24952380 -87.18069022
v 66.35893358 176.24952380 -107.05373274
v 66.35893358 141.68063730 -75.97719867
v 88.29746429 162.22119257 -75.97719867
v 88.32770141 162.07191485 -75.97719867
v 89.78391491 161.62781487 -80.99945364
v 90.12354361 166.24421226 -85.61712916
v 89.91650894 166.24421226 -90.23784615
v 87.96946462 169.29693504 -90.23784615
v 81.54446035 176.24952380 -91.23256568
v 80.35111407 176.24952380 -107.05373274
v 66.35893358 144.09892976 -107.05373274
v 66.35893358 140.44163593 -78.28299392
v 78.50177670 140.34833942 -77.91796183
v 75.39395232 142.04263412 -75.97719867
v 87.87641589 157.01141334 -75.97719867
v 89.99792865 161.62781487 -85.61712916
v 87.96481466 157.01141334 -76.38177813
v 89.99559954 161.62781487 -90.23784615
v 89.52337681 161.62781487 -94.85248019
v 88.42075015 166.33005067 -94.78251607
v 74.55884284 159.17220297 -107.05373274
v 87.68566846 164.84847301 -97.97047997
v 87.82757067 161.19117712 -99.49449366
v 86.95756584 159.35880012 -101.79724745
v 86.95756584 159.15727438 -101.79724745
v 83.77995905 152.39128276 -102.77675757
v 68.63164846 147.68158472 -107.05373274
v 82.94484130 149.13703837 -102.31741927
v 80.01148537 145.99475227 -101.10672443
v 77.73179967 140.83348788 -97.17956987
v 75.82430065 140.00873137 -94.94069726
v 75.39395232 138.35175404 -90.23784615
v 66.35893358 140.50507938 -94.85248019
v 66.35893358 139.44521087 -81.36752927
v 75.39395232 139.13172889 -80.99945364
v 79.14148054 139.74376424 -80.99945364
v 82.60056264 144.96473682 -75.97719867
v 80.42090475 143.08757609 -75.97719867
v 80.02544350 142.93829837 -75.97719867
v 87.80430436 156.60463279 -75.97719867
v 88.16487026 157.01141334 -80.99945364
v 88.14626217 157.01141334 -94.85248019
v 87.01804835 154.52594838 -97.70582875
v 87.42745947 157.37341223 -99.33631247
v 73.70977521 157.29504018 -107.05373274
v 86.72261490 156.08216283 -100.78427910
v 85.89913444 152.74954846 -99.33631247
v 83.41706404 147.66665613 -99.42452954
v 82.58660451 145.01325167 -97.85488347
v 78.53666378 140.17666881 -94.85248019
v 79.37178152 139.35564341 -90.23784615
v 75.39395232 138.12410635 -85.61712916
v 66.35893358 138.83690457 -85.61712916
v 66.35893358 139.21009887 -90.37777852
v 79.39736869 139.28473773 -85.61712916
v 81.45141162 142.18818072 -80.99945364
v 82.63312887 144.89383114 -76.38177813
v 83.79623803 147.37183387 -75.97719867
v 87.03200648 154.48116465 -75.97719867
v 87.03898555 154.46250494 -76.38177813
v 86.06197385 152.15617076 -76.38177813
v 84.20565741 147.77488123 -80.99945364
v 87.05061458 154.45130952 -94.85248019
v 84.13819584 147.77488123 -94.85248019
v 82.73083582 144.63259513 -94.85248019
v 81.67938349 142.16205671 -90.23784615
v 80.84660311 142.32252984 -94.85248019
v 81.70729976 142.15459241 -85.61712916
v 82.76805201 144.49824601 -80.99945364
v 84.06375521 147.77488123 -76.38177813
v 86.21550509 152.55922020 -75.97719867
v 82.75176477 144.46465976 -85.61712916
v 82.74246485 144.47212200 -90.23784615
v 66.35893358 210.97966601 -75.97719867
v 84.63060419 203.41617342 -75.97719867
v 66.35893358 210.98307708 -76.33918929
v 66.35893358 176.24952793 -75.97719867
v 88.19478527 201.69378901 -75.97719867
v 88.19478527 201.69719182 -76.38177813
v 88.21113033 201.70059463 -80.99945364
v 84.63060419 203.42638185 -80.99945364
v 66.35893358 211.02051627 -94.85248019
v 66.35893358 176.24952793 -107.05373274
v 80.55259026 176.24952793 -75.97719867
v 88.36528927 201.42488428 -75.97719867
v 90.21978041 198.57920856 -94.85248019
v 88.23448750 201.69719182 -94.85248019
v 84.63060419 203.42978466 -99.47320131
v 66.35893358 211.02051627 -104.44374304
v 80.35172525 176.24952793 -107.05373274
v 66.35893358 211.01371065 -107.05373274
v 81.68770882 176.24952793 -85.87873684
v 89.91380817 193.96009800 -75.97719867
v 90.14737981 198.57920856 -75.97719867
v 90.13102649 196.92150236 -107.05373274
v 90.20342710 198.57920856 -107.05373274
v 88.21814244 201.70059463 -107.05373274
v 89.93716533 193.96009800 -80.99945364
v 89.97921318 193.96009800 -94.85248019
v 89.99322087 193.96009800 -99.47320131
v 89.99555824 193.96009800 -107.05373274
v 84.63060419 203.42978466 -107.05373274
v 66.35893358 211.01711346 -106.98376862
v 88.00793621 190.23621189 -107.05373274
v 81.54522846 176.24952793 -91.23256568
v 66.47571940 210.96605477 -107.05373274
v 81.68537145 176.24952793 -87.18069022
v 18.45946776 140.45909599 -68.33271688
v 18.45946776 140.46997343 -68.93439719
v 37.25506815 120.49621139 -68.33271688
v 18.45946776 230.89584455 -68.33271688
v 18.45946776 140.52436886 -70.65562117
v 36.13012913 122.36739035 -69.45600302
v 38.44276924 121.37740750 -69.78303533
v 38.19170862 119.95226531 -68.33271688
v 18.45946776 140.55700530 -71.59032175
v 18.45946776 140.64403716 -73.97983072
v 18.45946776 140.72018953 -75.97719867
v 19.39128070 230.51508477 -68.33271688
v 18.45946776 230.90673024 -75.97719867
v 49.37829968 126.59930718 -75.97719867
v 52.29444333 125.55492477 -75.97719867
v 41.64858964 119.79996058 -68.33271688
v 19.97064658 230.27574817 -68.33271688
v 42.66248715 220.84369066 -75.97719867
v 56.62520689 125.82689781 -75.97719867
v 43.28047742 119.76732001 -68.33271688
v 29.20670791 226.43547681 -68.33271688
v 48.10369888 218.58087036 -75.97719867
v 58.93301534 127.38258986 -75.97719867
v 58.95232547 127.37171243 -71.76019908
v 56.63969362 125.82689781 -71.76019908
v 56.59623343 125.83777937 -68.33271688
v 45.79105877 219.53821677 -68.33271688
v 61.25047885 213.10875251 -75.97719867
v 53.24073887 216.43771836 -68.33271688
v 67.77800522 143.20059157 -75.97719867
v 58.90404188 127.41522630 -68.33271688
v 57.19009017 126.22942071 -68.33271688
v 62.71820575 212.48865613 -68.33271688
v 67.77800522 210.37814469 -68.33271688
v 66.11715223 211.07439137 -71.76019908
v 66.12680730 211.07439137 -75.97719867
v 67.77800522 146.63834209 -68.33271688
v 60.09174710 129.73244616 -68.33271688
v 59.79723869 129.13410052 -68.33271688
v 67.77800522 210.37814469 -75.97719867
v 18.46647574 140.19215697 -56.92005564
v 18.46647574 140.30726616 -62.52324266
v 32.19923725 132.91138270 -56.92005564
v 18.46647574 230.89964380 -56.92005564
v 18.46647574 140.41278637 -67.14006334
v 32.81675675 132.91138270 -62.52324266
v 61.53135124 132.91138270 -56.92005564
v 18.46647574 140.45115472 -68.33196942
v 18.98575143 230.68860340 -56.92005564
v 18.46647574 230.90923279 -57.90418784
v 33.94653157 132.91138270 -67.36794436
v 61.51029840 132.91138270 -68.33196942
v 76.07811572 156.68180931 -68.33196942
v 76.17635952 156.85447723 -68.33196942
v 89.93718185 193.95859482 -56.92005564
v 34.33949852 132.91138270 -68.33196942
v 18.46647574 230.89964380 -68.33196942
v 84.62512830 203.37851123 -56.92005564
v 84.62512830 203.41688371 -62.52324266
v 84.62512830 203.41688371 -67.14006334
v 19.39275085 230.51593547 -68.33196942
v 89.88806408 193.95859482 -68.33196942
v 89.93718185 193.95859482 -57.90418784
v 90.14770192 198.57262594 -67.14006334
v 90.09156379 197.59418540 -56.92005564
v 87.41799436 202.02595960 -56.92005564
v 88.21796073 201.69981000 -62.52324266
v 88.21796073 201.69022101 -67.14006334
v 88.21094037 201.69022101 -68.33196942
v 84.62512830 203.40728646 -68.33196942
v 90.14068982 198.57262594 -68.33196942
v 90.13366945 198.57262594 -57.90418784
v 89.64245870 199.37840682 -68.33196942
v 90.12664909 198.57262594 -56.92005564
v 88.16884296 201.66143752 -56.92005564
v 88.58987485 201.00914657 -56.92005564
v 61.53259838 132.91138476 -56.92005564
v 60.09682654 129.64885169 -56.92005564
v 60.09682654 129.65226276 -57.90418784
v 61.50962940 132.91138476 -68.33196942
v 32.19692466 132.91138476 -56.92005564
v 59.21526702 127.83083805 -56.92005564
v 58.97692978 127.33966756 -56.92005564
v 60.09396058 129.72389164 -68.33196942
v 34.33335363 132.91138476 -68.33196942
v 32.81430375 132.91138476 -62.52324266
v 35.79496868 117.37470195 -61.45309654
v 35.59108904 117.14787656 -57.90418784
v 35.39582381 117.76695654 -56.92005564
v 58.97405556 127.34307863 -57.90418784
v 42.94511049 116.11778266 -56.92005564
v 59.79818850 129.12868813 -68.33196942
v 36.08786240 122.02035775 -68.33196942
v 33.94569325 132.91138476 -67.36794436
v 36.25154013 118.35704344 -64.53172136
v 39.32983355 116.81531314 -66.25758395
v 38.05199925 116.31732051 -62.80362568
v 38.44539981 115.53110631 -57.90418784
v 35.56524172 117.12229508 -56.92005564
v 36.19698364 116.76073858 -56.92005564
v 58.90514036 127.41470751 -68.33196942
v 42.94797645 116.13483698 -57.90418784
v 38.44539981 115.48846998 -56.92005564
v 37.25370951 120.49056567 -68.33196942
v 38.18983377 119.94823144 -68.33196942
v 41.64716904 119.79985682 -68.33196942
v 43.28682053 119.76745319 -68.33196942
v 42.09800031 116.81531314 -66.25758395
v 42.84747788 116.24057554 -62.52324266
v 57.19369946 126.22430101 -68.33196942
v 56.59641514 125.82693007 -68.33196942
v 67.78483562 143.19751293 -75.97719867
v 75.39478651 142.03954309 -75.97719867
v 67.78483562 146.63540592 -68.33271688
v 67.78483562 170.33776184 -75.97719867
v 80.02631898 142.93710698 -75.97719867
v 80.01224522 144.72115703 -73.47992711
v 80.01224522 147.77398511 -71.64046161
v 79.90162906 152.73552219 -69.85861988
v 73.83016207 153.40038578 -68.33271688
v 67.78483562 170.33776184 -68.33271688
v 80.75232375 170.33776184 -75.97719867
v 80.42250704 143.08670268 -75.97719867
v 82.43359361 145.32230462 -73.92744435
v 83.10730079 147.77398511 -73.11098632
v 76.17710286 156.84936062 -68.33271688
v 76.08257572 156.67206545 -68.33271688
v 84.73025206 152.77707655 -72.43746291
v 84.62969567 157.00726513 -71.46534585
v 77.97500987 170.33776184 -68.33271688
v 87.57995829 164.80555381 -75.97719867
v 82.60051309 144.96493917 -75.97719867
v 83.79509826 147.37229639 -75.97719867
v 86.99272548 154.57497737 -73.97159831
v 87.34063821 157.00726513 -73.53231141
v 87.42309858 160.83853597 -73.45148844
v 86.92234013 163.91629667 -74.07861344
v 88.31199232 162.07684562 -75.92256785
v 88.29791855 162.22089936 -75.97719867
v 86.21644664 152.55822702 -75.97719867
v 87.03294804 154.48078679 -75.97719867
v 87.80318936 156.60280750 -75.97719867
v 87.87760522 157.00726513 -75.97719867
v 88.32808134 162.07130366 -75.97719867
vn 0.84169634 0.52390468 -0.13065665
vn 0.88106823 -0.32293248 -0.34559135
vn 0.79965300 -0.24866353 -0.54655424
vn 0.58752683 0.56185905 -0.58234580
vn 0.81954520 0.53674072 0.20063665
vn 0.92430851 -0.37222173 0.08428978
vn 0.91224561 -0.40438334 0.06543747
vn 0.65757724 -0.31339282 -0.68511102
vn 0.59197322 -0.22705740 -0.77331277
vn 0.43717122 -0.15388770 -0.88611506
vn 0.72421410 -0.21960881 -0.65367110
vn 0.43492311 -0.15215825 -0.88751888
vn 0.30171580 -0.06396752 -0.95124956
vn 0.16420934 0.66476754 -0.72877940
vn 0.69350594 0.60613261 0.38942619
vn 0.69014751 -0.24574450 0.68066589
vn 0.88225459 -0.34848421 0.31652108
vn 0.92149467 -0.36492371 0.13295963
vn 0.90584085 -0.37591352 0.19529820
vn 0.91794132 -0.37718513 0.12294356
vn 0.65310141 -0.72339885 0.22394789
vn 0.66156909 -0.74988027 -0.00243301
vn 0.62277644 -0.77841690 -0.07884565
vn 0.56504588 -0.35864355 -0.74303295
vn 0.16070206 -0.03867232 -0.98624505
vn 0.02042960 0.71196441 -0.70191830
vn 0.02512932 0.00835505 -0.99964929
vn 0.51467476 0.56876527 0.64157303
vn 0.48590722 -0.15767951 0.85966932
vn 0.41322668 -0.17434883 0.89378196
vn 0.73669166 -0.30805432 0.60198666
vn 0.88031810 -0.37159054 0.29489069
vn 0.84552632 -0.38571129 0.36920462
vn 0.57675121 -0.33565292 0.74477860
vn 0.60043571 -0.56992496 0.56094785
vn 0.17417907 -0.70070662 0.69186117
vn 0.20279582 -0.95285839 0.22568728
vn 0.16524664 -0.98618146 0.01181889
vn 0.79503276 -0.34081728 0.50176339
vn 0.10892054 -0.69814405 -0.70762363
vn 0.25863565 -0.61596321 -0.74410814
vn 0.40875186 -0.54612207 -0.73121310
vn 0.54475811 -0.39633764 -0.73902306
vn 0.01258175 0.01210937 -0.99984752
vn 0.00232254 0.70686976 -0.70733991
vn 0.19638145 0.66857199 0.71724878
vn 0.19256554 -0.07291864 0.97857109
vn 0.24163678 -0.10518568 0.96464897
vn 0.31571307 -0.13479673 0.93923112
vn 0.53043524 -0.22816753 0.81644230
vn 0.74837308 -0.31642860 0.58293282
vn 0.87112357 -0.36536426 0.32810470
vn 0.29918830 -0.14879611 0.94252113
vn 0.13157676 -0.11199897 0.98495877
vn 0.19078199 -0.19839099 0.96137571
vn 0.35807446 -0.15850660 0.92014039
vn 0.00906993 -0.08641713 0.99621776
vn -0.02542077 -0.18837469 0.98176818
vn -0.08909012 -0.73094574 0.67659536
vn -0.18757058 -0.95818384 0.21610415
vn -0.11310670 -0.69589016 -0.70918528
vn -0.16186435 -0.98678817 0.00700290
vn -0.11480681 0.69246705 -0.71225612
vn 0.10169220 0.67436025 0.73136650
vn 0.08909965 -0.04292345 0.99509740
vn 0.12863574 -0.06052280 0.98984334
vn 0.16285448 -0.07499229 0.98379600
vn 0.22735581 -0.10337673 0.96830914
vn 0.24284750 -0.10764059 0.96407396
vn 0.28871795 -0.12472890 0.94925478
vn 0.11281842 -0.05526409 0.99207756
vn 0.06064877 -0.03822823 0.99742685
vn -0.04977670 -0.13319072 0.98983964
vn 0.00133428 -0.00850412 0.99996295
vn -0.01291648 -0.02131083 0.99968946
vn -0.10576019 -0.06069389 0.99253767
vn -0.08961790 -0.23297560 0.96834446
vn -0.34720381 -0.85918321 0.37583736
vn -0.35010949 -0.87367837 0.33780091
vn -0.13928406 -0.34460932 0.92835573
vn -0.15112240 -0.37211590 0.91580117
vn -0.23296958 -0.55866852 0.79599916
vn -0.28430288 -0.70186335 0.65311539
vn -0.35883236 -0.88560518 0.29486065
vn -0.33606497 -0.92802767 0.16070153
vn -0.34135801 -0.93422323 -0.10344882
vn -0.24124341 -0.59570165 -0.76612086
vn -0.36188015 -0.93214375 -0.01227942
vn -0.23974078 0.15517478 -0.95835544
vn -0.41310277 0.78437948 -0.46270393
vn 0.01420965 0.69905871 0.71492307
vn 0.02297248 -0.01313425 0.99964982
vn 0.03614934 -0.02194122 0.99910550
vn 0.08040140 -0.04089890 0.99592314
vn 0.01996931 -0.01588586 0.99967438
vn -0.06248724 -0.15218927 0.98637405
vn -0.07299112 -0.17901358 0.98113528
vn 0.00840205 -0.00992151 0.99991548
vn -0.01057294 -0.00203293 0.99994204
vn -0.01040118 -0.00277704 0.99994205
vn -0.01297567 -0.00385889 0.99990837
vn -0.02628049 0.00243425 0.99965164
vn -0.04281131 0.01018832 0.99903123
vn -0.10494381 0.03511920 0.99385786
vn -0.16046603 0.04799882 0.98587361
vn -0.51563721 -0.02212542 0.85652130
vn -0.46254738 -0.41563851 0.78313125
vn -0.12634556 -0.25887080 0.95761303
vn -0.10459440 -0.25571036 0.96107868
vn -0.30149189 -0.74151619 0.59938000
vn -0.17867704 -0.40712196 0.89572665
vn -0.32821130 -0.70678488 0.62668372
vn -0.33344274 -0.81446826 0.47482355
vn -0.41652624 -0.88429563 0.21101455
vn -0.36479390 -0.89683023 0.25024179
vn -0.37538382 -0.92678404 -0.01258338
vn -0.37621119 -0.91845648 0.12207717
vn -0.37692545 -0.92615063 -0.01312346
vn -0.37706740 -0.92599009 -0.01903993
vn -0.37567153 -0.92100840 -0.10302632
vn -0.37261487 -0.91537746 -0.15245416
vn -0.24557638 -0.60271006 -0.75923173
vn -0.27269602 0.16698343 -0.94749850
vn -0.81549078 0.42502367 -0.39284815
vn -0.57970828 0.81187839 -0.06922271
vn -0.50673723 0.24772847 -0.82574087
vn -0.00284916 0.70530778 0.70889549
vn -0.07485470 -0.18318073 0.98022528
vn -0.01812009 0.70448017 0.70949232
vn -0.08024196 0.03195224 0.99626316
vn -0.01985975 0.00111371 0.99980216
vn -0.15563048 0.05878730 0.98606451
vn -0.19017970 0.07191238 0.97911199
vn -0.24059752 0.09208146 0.96624730
vn -0.56468291 0.14041697 0.81327504
vn -0.83431312 0.11286325 0.53961422
vn -0.85468650 -0.42994165 0.29096591
vn -0.52949462 -0.76046221 0.37594238
vn -0.45804309 -0.81060486 0.36485106
vn -0.45511964 -0.89039754 0.00763820
vn -0.37893094 -0.92488668 -0.03155889
vn -0.37799387 -0.92545941 -0.02540690
vn -0.37934536 -0.92049588 -0.09372528
vn -0.27789452 -0.61253906 -0.73998009
vn -0.68828913 0.22942252 -0.68820301
vn -0.90604715 0.39630323 0.14839918
vn -0.54770648 0.82111186 0.16060176
vn -0.91908021 0.37920341 0.10722100
vn -0.08892570 0.71649488 0.69190123
vn -0.14876931 0.73021560 0.66682296
vn -0.43690286 0.17150585 0.88300716
vn -0.27334166 0.11003808 0.95560241
vn -0.70817520 0.25676945 0.65769092
vn -0.95109760 0.10310495 0.29117473
vn -0.89440618 0.29247516 0.33837239
vn -0.89099807 -0.45357815 -0.01973088
vn -0.53887674 -0.84232036 0.01040502
vn -0.45629150 -0.53602384 -0.71026510
vn -0.30184901 -0.59516969 -0.74475514
vn -0.72796064 -0.04361077 -0.68423053
vn -0.96592238 0.25428271 0.04831424
vn -0.93623728 0.34007348 0.08837299
vn -0.74051651 0.33461953 0.58280792
vn -0.91383802 0.36222914 0.18354868
vn -0.46281306 0.83235626 0.30493790
vn -0.30229320 0.73150301 0.61116460
vn -0.58693459 0.23230792 0.77559063
vn -0.42908193 0.17407843 0.88633255
vn -0.80953875 0.31847490 0.49317416
vn -0.99620991 0.08650852 -0.00906011
vn -0.88223159 0.34604210 0.31925270
vn -0.88518490 -0.45450325 -0.09937043
vn -0.99864872 0.02396818 -0.04611136
vn 0.83966061 0.52396254 0.14294519
vn 0.92565378 -0.37043123 -0.07710897
vn 0.82055959 0.53228368 -0.20822114
vn 0.69987643 0.60758865 0.37551168
vn 0.87236726 -0.30389602 0.38291327
vn 0.66844904 -0.28385208 0.68746191
vn 0.92309757 -0.37647065 -0.07849027
vn 0.92012911 -0.37532834 -0.11176338
vn 0.82421222 -0.32248125 -0.46548906
vn 0.92182099 -0.38360370 -0.05562612
vn 0.68706307 -0.22185899 -0.69189806
vn 0.53358731 0.56480617 -0.62950661
vn 0.55176575 0.57442151 0.60464409
vn 0.79175044 -0.23434884 0.56410271
vn 0.74026323 -0.21130434 0.63824824
vn 0.22391819 -0.04938351 0.97335601
vn 0.63198293 -0.31146275 0.70963971
vn 0.65723068 -0.75189957 0.05191217
vn 0.91134978 -0.40474111 -0.07500803
vn 0.91990004 -0.37596116 -0.11152184
vn 0.71899726 -0.29216196 -0.63062218
vn 0.56445116 -0.22619307 -0.79387126
vn 0.85847079 -0.35039264 -0.37450353
vn 0.51812464 -0.16494085 -0.83925048
vn 0.50785822 -0.20409612 -0.83691385
vn 0.41833806 -0.16647909 -0.89290424
vn 0.20550828 -0.05862542 -0.97689785
vn 0.11379255 0.67347049 -0.73040314
vn 0.22815672 0.67997943 0.69683031
vn 0.14132517 0.68397780 0.71568259
vn 0.08435505 0.00319387 0.99643064
vn 0.55346222 -0.42471756 0.71644579
vn 0.55552866 -0.81592993 0.16014447
vn 0.17788965 -0.97924894 0.09709160
vn 0.13928489 -0.98741509 -0.07490770
vn 0.67800888 -0.73363562 -0.04563709
vn 0.57834763 -0.65561095 -0.48547740
vn 0.72891233 -0.29805615 -0.61631920
vn 0.57995105 -0.28952427 -0.76146732
vn 0.55733908 -0.22553228 -0.79906717
vn 0.31845956 -0.12584703 -0.93954565
vn 0.33717978 -0.13270790 -0.93203992
vn 0.30562457 -0.11920219 -0.94466103
vn 0.28025489 -0.10762510 -0.95387317
vn 0.42713853 -0.17095223 -0.88787838
vn 0.45649010 -0.19818224 -0.86737569
vn 0.20814930 -0.07837490 -0.97495192
vn 0.16997835 -0.13122096 -0.97667211
vn 0.12637196 -0.04508442 -0.99095788
vn 0.07905123 -0.02490737 -0.99655934
vn 0.01311104 0.00689261 -0.99989029
vn 0.00381464 0.71108009 -0.70310067
vn 0.02512374 0.70718177 0.70658527
vn 0.08170004 0.04573025 0.99560728
vn 0.06619929 0.02848097 0.99739986
vn 0.01959875 0.01024382 0.99975545
vn 0.00079357 0.70738336 0.70682965
vn 0.00008296 0.70709808 0.70711548
vn 0.32177986 -0.59590829 0.73576561
vn 0.10220348 -0.69414844 0.71253939
vn -0.11107077 -0.69630249 0.70910234
vn -0.19841843 -0.97611881 0.08844313
vn 0.13639693 -0.76421086 -0.63037896
vn -0.20494648 -0.97544679 -0.08062573
vn -0.09694163 -0.78477094 -0.61215757
vn 0.16926268 -0.29936415 -0.93900546
vn 0.26861486 -0.10386856 -0.95763113
vn 0.23804667 -0.09099442 -0.96698180
vn -0.00763626 -0.12509662 -0.99211518
vn 0.03015300 -0.01047955 -0.99949036
vn 0.06901341 -0.02229488 -0.99736658
vn 0.05837229 -0.01714998 -0.99814756
vn 0.00811276 0.00383580 -0.99995973
vn -0.04050358 0.01776179 -0.99902151
vn -0.00935870 0.01276713 -0.99987470
vn -0.00219583 0.71089123 -0.70329854
vn -0.13990546 0.69188842 0.70831975
vn -0.23677982 -0.61057661 0.75573244
vn -0.34744256 -0.93524325 0.06785084
vn -0.35809552 -0.93304485 -0.03456748
vn -0.33275476 -0.87990652 -0.33917369
vn -0.31398107 -0.76607553 -0.56084238
vn -0.25627929 -0.62152690 -0.74028727
vn -0.23065673 -0.56294267 -0.79365800
vn -0.21139216 -0.51704267 -0.82944574
vn -0.16816641 -0.42977957 -0.88713561
vn -0.08230855 -0.34687149 -0.93429410
vn -0.06396891 -0.19880686 -0.97794878
vn -0.04879083 -0.11512126 -0.99215248
vn -0.03058779 -0.06931562 -0.99712574
vn -0.02424646 -0.05180899 -0.99836263
vn -0.00322851 -0.00336994 -0.99998911
vn 0.01256021 0.00105984 -0.99992056
vn -0.01754077 0.00317709 -0.99984110
vn -0.18059058 -0.11192936 -0.97716880
vn -0.23138960 0.07099833 -0.97026702
vn -0.12813962 0.05808880 -0.99005350
vn -0.05569433 0.02972856 -0.99800519
vn -0.07484931 0.05210840 -0.99583246
vn -0.09820747 0.71290820 -0.69434659
vn -0.41174263 0.81129057 0.41506098
vn -0.37865368 0.23382330 0.89551552
vn -0.24443815 -0.60373409 0.75878530
vn -0.37944595 -0.92416313 0.04408278
vn -0.27960750 -0.62740368 0.72676287
vn -0.37987060 -0.92468857 -0.02548298
vn -0.38045441 -0.92315876 -0.05506667
vn -0.37917341 -0.92211013 -0.07707419
vn -0.35135671 -0.85192897 -0.38828532
vn -0.26490541 -0.63583033 -0.72494476
vn -0.23966533 -0.58075497 -0.77800013
vn -0.22550412 -0.54658399 -0.80646998
vn -0.19955544 -0.48417147 -0.85191291
vn -0.17717537 -0.42821744 -0.88613696
vn -0.15185412 -0.36754632 -0.91752386
vn -0.13070417 -0.32411979 -0.93694332
vn -0.11692539 -0.28249207 -0.95211695
vn -0.09945169 -0.23673927 -0.96646980
vn -0.05941393 -0.13762849 -0.98870035
vn -0.01923849 -0.02066494 -0.99960134
vn -0.21109189 -0.42449724 -0.88047846
vn -0.57411771 -0.48788067 -0.65754187
vn -0.63942424 -0.05493893 -0.76688875
vn -0.09053447 -0.20305036 -0.97497388
vn -0.15185991 -0.32464790 -0.93356430
vn -0.67552490 0.16628757 -0.71834153
vn -0.33224063 0.14061154 -0.93265458
vn -0.24828666 0.10872504 -0.96256563
vn -0.17871463 0.08255814 -0.98043115
vn -0.30007864 0.13456817 -0.94437504
vn -0.36828818 0.73781145 -0.56568373
vn -0.49772917 0.82976517 0.25249838
vn -0.70678194 0.20277322 0.67774797
vn -0.38036562 0.23281129 0.89505357
vn -0.37974618 -0.92238161 0.07074600
vn -0.38197269 -0.92336283 0.03870330
vn -0.49070153 -0.55601857 0.67086165
vn -0.42800069 -0.90231305 0.05144482
vn -0.38233227 -0.92364206 -0.02659678
vn -0.46054716 -0.88101717 -0.10818995
vn -0.36619773 -0.79153707 -0.48925279
vn -0.23729661 -0.54857505 -0.80172048
vn -0.19278567 -0.46345564 -0.86489453
vn -0.14067345 -0.33928738 -0.93010486
vn -0.15639675 -0.37824182 -0.91239968
vn -0.12410288 -0.29318019 -0.94796828
vn -0.17944027 -0.41966622 -0.88976483
vn -0.73250323 -0.66058039 -0.16453744
vn -0.96371008 -0.08169954 -0.25414181
vn -0.77486346 0.29105427 -0.56113636
vn -0.52232614 0.21643099 -0.82482303
vn -0.43376507 0.18167655 -0.88251997
vn -0.37096991 0.15474025 -0.91566194
vn -0.37869770 0.16124271 -0.91136647
vn -0.79442222 0.36796362 -0.48321435
vn -0.56679674 0.81774050 -0.10020944
vn -0.53041691 0.22476840 -0.81739651
vn -0.56559370 0.81893527 0.09720490
vn -0.96335611 0.26802991 -0.01024567
vn -0.97934919 -0.20193564 0.00985749
vn -0.69555991 0.08984174 0.71282878
vn -0.91506340 0.40288271 0.01856058
vn -0.55006489 0.83511011 0.00444048
vn -0.39150265 -0.91939853 0.03784213
vn -0.57946860 -0.38422878 0.71873805
vn -0.70983833 -0.70425070 0.01266886
vn -0.98957328 -0.13796594 -0.04135364
vn -0.95838388 0.28178475 -0.04580064
vn -0.94764488 0.30742142 -0.08637851
vn -0.93395550 0.28519557 -0.21538479
vn -0.84404062 0.34475401 -0.41077988
vn -0.60542961 0.25058116 -0.75542310
vn -0.91977246 0.37009660 -0.13056468
vn -0.92120066 0.37830734 -0.09095550
vn -0.91922064 0.38926540 -0.05921030
vn -0.74210672 -0.17072581 0.64817460
vn 0.14181290 0.98979290 -0.01411115
vn 0.35893994 0.92620404 0.11536112
vn 0.36712713 0.92976352 0.02752224
vn 0.32891530 0.92193488 -0.20457468
vn 0.17233021 0.94642549 -0.27309539
vn -0.30365859 0.91827770 -0.25408175
vn -0.28541161 0.95724101 -0.04722142
vn -0.10885401 0.70348330 0.70232617
vn 0.12581235 0.69611112 0.70682428
vn 0.37936154 0.91998828 0.09852102
vn 0.38256185 0.92356207 0.02606790
vn 0.38063040 0.92452305 0.01943292
vn 0.37772794 0.91843208 -0.11749092
vn 0.27104984 0.67123815 -0.68990675
vn 0.41801834 0.89504307 -0.15543030
vn 0.34077102 0.72906323 -0.59358396
vn 0.29341466 0.71602315 -0.63341825
vn 0.07726483 0.69753250 -0.71237529
vn -0.19638979 0.67447844 -0.71169508
vn 0.31332687 0.85678969 -0.40955793
vn -0.67106424 0.65273899 -0.35157447
vn -0.72025824 0.68809572 -0.08804743
vn -0.46520504 0.59876054 0.65197399
vn 0.24936412 0.60425010 0.75676902
vn 0.37920998 0.91502745 0.13756657
vn 0.38013316 0.91600293 0.12820843
vn 0.45188524 0.89164592 0.02769971
vn 0.38115527 0.91962249 -0.09494802
vn 0.11786931 0.29750378 -0.94741666
vn 0.14219809 0.34932631 -0.92614839
vn 0.85815673 0.44195156 -0.26123906
vn 0.54381761 0.77721145 -0.31655138
vn 0.46656364 0.84275739 -0.26847411
vn 0.47994408 0.43553376 -0.76155369
vn 0.17567161 0.41461093 -0.89288144
vn 0.18543149 0.44950131 -0.87382134
vn 0.08612227 0.22560602 -0.97040449
vn 0.02609699 0.18458936 -0.98246919
vn -0.01092134 0.08194893 -0.99657669
vn -0.12290681 0.09948615 -0.98741907
vn -0.16584476 0.19273828 -0.96713364
vn -0.58789472 0.35487893 -0.72693930
vn -0.85390081 0.45486870 -0.25287919
vn -0.90831479 0.41184753 -0.07311530
vn -0.91165643 0.41092910 -0.00445329
vn -0.64530179 0.32639684 0.69068857
vn 0.26842425 0.59436478 0.75807581
vn 0.38699089 0.90811637 0.15988344
vn 0.43316729 0.53084160 0.72840463
vn 0.52143152 0.85311038 0.01765922
vn 0.11576460 0.28494105 -0.95152885
vn 0.10319351 0.25135789 -0.96237743
vn 0.09496721 0.23503872 -0.96733553
vn 0.88771281 0.45991921 0.02098315
vn 0.96763629 -0.09010533 -0.23571390
vn 0.87117044 -0.08700058 -0.48321110
vn 0.53331653 0.04765864 -0.84457216
vn 0.10746627 0.07852093 -0.99110316
vn 0.13335003 0.27110922 -0.95326678
vn 0.04591381 0.12747639 -0.99077833
vn 0.07947266 0.19738759 -0.97709889
vn 0.07457324 0.18666316 -0.97958956
vn 0.07114246 0.17872299 -0.98132403
vn -0.04222748 0.02158191 -0.99887490
vn -0.05705505 0.03314966 -0.99782054
vn 0.00509674 0.01399944 -0.99988901
vn 0.01532808 0.00331626 -0.99987702
vn 0.02784812 -0.00398511 -0.99960422
vn 0.01983803 -0.00107241 -0.99980263
vn -0.21256762 0.09374858 -0.97263879
vn -0.26736341 0.12273069 -0.95574787
vn -0.12528042 0.05809332 -0.99041909
vn -0.14769662 0.06690022 -0.98676748
vn -0.20365848 0.08987006 -0.97490851
vn -0.74126216 0.31260848 -0.59397504
vn -0.29710949 0.12646724 -0.94643118
vn -0.40077643 0.16955473 -0.90034962
vn -0.90578027 0.38489109 -0.17725957
vn -0.91764925 0.37835981 -0.12150602
vn -0.92155952 0.38533755 -0.04736061
vn -0.92560354 0.37743527 -0.02829668
vn -0.92636158 0.37652309 0.00919742
vn -0.92715127 0.36930952 0.06325340
vn -0.91398265 0.35993749 0.18729847
vn -0.82767868 0.30031495 0.47408748
vn -0.73169989 0.21135455 0.64803127
vn -0.31422292 -0.58964054 0.74403494
vn 0.66849961 0.14955857 0.72851939
vn 0.87386613 0.46788866 0.13205371
vn 0.99691322 -0.07592818 0.01997342
vn 0.97307833 -0.22902775 -0.02578471
vn 0.91270509 -0.27971237 -0.29787651
vn 0.68353721 -0.23214618 -0.69201520
vn 0.57332044 -0.12538843 -0.80967982
vn 0.14069206 -0.03410265 -0.98946589
vn 0.06689318 0.16342208 -0.98428580
vn 0.05437408 -0.01380401 -0.99842521
vn 0.06725754 0.16904306 -0.98331117
vn -0.01210200 0.00356449 -0.99992041
vn -0.13614607 -0.66006780 -0.73876569
vn 0.03618343 -0.01594599 -0.99921794
vn 0.05575974 -0.01569294 -0.99832088
vn -0.25742599 0.09712513 -0.96140448
vn -0.59170905 0.24629633 -0.76760571
vn -0.77909575 0.32233147 -0.53769158
vn -0.88028502 0.36468445 -0.30348564
vn -0.37582824 0.15703670 -0.91328671
vn -0.84805788 0.34688937 -0.40058157
vn -0.92643522 0.37034297 -0.06755639
vn -0.92566764 0.37666000 -0.03559032
vn -0.83004807 -0.55769118 -0.00086855
vn -0.92831037 0.36426647 0.07449689
vn -0.83102593 -0.53833165 0.13998192
vn -0.73638686 -0.58018047 0.34803020
vn -0.59139429 -0.60437575 0.53383775
vn 0.00044576 -0.70709331 0.70712011
vn 0.64753572 -0.02719410 0.76154972
vn 0.99370451 -0.05631608 0.09684963
vn 0.94215485 -0.33161559 -0.04873757
vn 0.69398098 -0.18134504 0.69678144
vn 0.91941926 -0.36815249 -0.13831832
vn 0.91067791 -0.34771494 -0.22306964
vn 0.87215951 -0.33482314 -0.35669489
vn 0.73929259 -0.29739132 -0.60415633
vn 0.40402337 -0.16002481 -0.90064265
vn 0.22199215 -0.08385998 -0.97143553
vn 0.37371088 -0.14869536 -0.91554894
vn 0.24409799 -0.09859032 -0.96472593
vn 0.22040210 -0.08398241 -0.97178695
vn 0.20293632 -0.07627230 -0.97621687
vn 0.13772761 -0.05001090 -0.98920676
vn 0.07368269 -0.02432442 -0.99698505
vn -0.00849031 -0.70321325 -0.71092830
vn -0.57664272 -0.55047830 -0.60370259
vn 0.08032474 -0.70126682 -0.70835921
vn 0.00179754 -0.71204654 -0.70212997
vn -0.51544375 0.18262596 -0.83723682
vn -0.49991801 0.20730143 -0.84089720
vn -0.61435250 0.25372569 -0.74712400
vn -0.77325415 0.29782403 -0.55980253
vn -0.83133956 -0.53131450 -0.16303201
vn 0.01362997 -0.72552620 0.68805955
vn 0.08163203 -0.13159416 0.98793683
vn 0.92136531 -0.37553982 -0.10027864
vn 0.92430668 -0.38164825 -0.00132894
vn 0.92295066 -0.37723836 -0.07650683
vn 0.53296936 -0.23674064 0.81234077
vn 0.79587415 -0.40422838 0.45075909
vn 0.89540587 -0.38746214 0.21936595
vn 0.58462550 -0.80515497 0.09969202
vn 0.92359540 -0.38321151 0.01097655
vn 0.91852561 -0.37790896 -0.11617023
vn 0.81785370 -0.33515367 -0.46774709
vn 0.59404339 -0.24118419 -0.76742598
vn 0.54078402 -0.21866334 -0.81224318
vn 0.46006779 -0.18788398 -0.86777718
vn 0.34826922 -0.13966359 -0.92693184
vn 0.35206399 -0.72776109 -0.58857009
vn -0.50951461 0.21073539 -0.83425743
vn 0.09634518 -0.77070744 0.62986319
vn 0.38779602 -0.22181414 0.89465789
vn 0.91744419 -0.38118792 -0.11398210
vn 0.52329304 -0.23534995 0.81900843
vn 0.36657250 -0.77951188 0.50792306
vn 0.45669097 -0.85406056 0.24902595
vn 0.42709039 -0.21105840 0.87923157
vn 0.41003331 -0.20933611 0.88772241
vn 0.57107161 -0.80640297 -0.15359512
vn 0.73982916 -0.33445306 -0.58377561
vn 0.17750330 -0.79673544 0.57767225
vn -0.85045534 -0.51464599 -0.10892754
vn -0.81646154 0.31864767 -0.48151242
vn -0.63880495 -0.55817011 -0.52950388
vn -0.81408769 -0.53497024 0.22598246
vn -0.91998135 0.37111943 0.12611377
vn -0.92330574 0.37584165 0.07905421
vn -0.92373172 0.37672542 0.06926520
vn -0.92495343 0.37898460 0.02884144
vn -0.92442705 0.38028637 -0.02858156
vn -0.92309153 0.37856630 -0.06774646
vn -0.87125873 0.35796431 -0.33581211
vn -0.87547063 0.35537158 -0.32750910
vn -0.72777199 0.24359494 -0.64110017
vn -0.72355830 0.29652830 -0.62332524
vn -0.28625934 0.11138188 -0.95165628
vn -0.27393435 -0.60113872 -0.75072779
vn -0.69614297 -0.57768051 0.42622786
vn -0.72277362 0.27300003 0.63487737
vn -0.83859674 0.33429362 0.43012008
vn -0.87723754 0.35218589 0.32621986
vn -0.89670337 0.36361473 0.25240324
vn -0.82451098 0.33662914 0.45482135
vn 0.17273310 0.97297668 0.15323075
vn 0.17853220 0.93204103 -0.31531852
vn -0.92178622 0.37927928 -0.08035785
vn -0.91741152 0.37865473 -0.12237931
vn -0.83224084 0.34928147 -0.43055504
vn -0.81106830 0.33642085 -0.47852818
vn -0.78939731 0.32601360 -0.52016057
vn -0.28240068 0.11670897 -0.95217061
vn -0.64944542 0.27065261 -0.71061088
vn -0.55232537 0.22955860 -0.80139849
vn 0.02874985 -0.70142397 -0.71216421
vn -0.45737175 -0.58339904 0.67116067
vn -0.56619277 0.17865840 0.80467815
vn -0.49200971 0.19432280 0.84862542
vn -0.64303052 0.25532511 0.72202551
vn -0.70411469 0.28148227 0.65191275
vn -0.73924433 0.29798751 0.60392157
vn -0.75212816 0.30364632 0.58489499
vn 0.33119625 0.45641950 0.82582703
vn 0.21226924 0.78879598 0.57683852
vn 0.27245793 0.60615023 -0.74722725
vn -0.66939398 0.28099955 -0.68771429
vn -0.28153341 0.11704356 -0.95238634
vn -0.52667899 0.24224728 -0.81481623
vn -0.28066509 0.11848509 -0.95246438
vn 0.60727474 -0.59517377 -0.52629419
vn 0.05600591 -0.02503377 -0.99811655
vn -0.17826646 -0.66800368 0.72249024
vn -0.24935837 0.09513262 0.96372724
vn -0.30097443 0.12411028 0.94552157
vn -0.37682640 0.14830598 0.91433430
vn -0.40981483 0.16164543 0.89773190
vn -0.51864913 0.20734080 0.82946541
vn -0.45990659 0.19126767 0.86712318
vn 0.53477639 0.18763954 0.82389661
vn 0.49369901 0.19532915 -0.84741242
vn 0.57749750 -0.57933123 0.57521471
vn 0.70683432 -0.00440589 -0.70736542
vn -0.10577868 -0.67821496 0.72721066
vn -0.19433773 0.06835368 0.97855027
vn -0.17562349 0.06343562 0.98241148
vn -0.20630772 0.07638234 0.97550134
vn -0.15825447 0.06469536 0.98527663
vn 0.60502406 0.09814011 0.79013569
vn 0.59393524 0.11324509 0.79650265
vn 0.56683709 0.13257718 0.81309225
vn -0.39652911 0.15738003 0.90443142
vn -0.00078360 -0.70982061 0.70438206
vn 0.70665171 -0.00545791 0.70754051
vn -0.15009034 0.05234612 0.98728556
vn -0.03451731 -0.69660698 0.71662213
vn -0.08825496 0.02755175 0.99571681
vn -0.07314495 0.02163286 0.99708667
vn -0.03741311 0.01010422 0.99924880
vn 0.66466534 0.04386572 0.74585238
vn -0.00084838 -0.70983864 0.70436382
vn 0.70707966 -0.00530803 0.70711398
vn -0.00335739 -0.00615241 0.99997544
vn -0.00914596 -0.00451884 0.99994796
vn -0.00117404 -0.70971568 0.70448724
vn -0.00085571 -0.70983557 0.70436690
vn -0.00342006 -0.70994640 0.70424741
vn -0.00712956 -0.00685103 0.99995112
vn -0.03932839 0.00686137 0.99920278
vn -0.04015729 0.00794171 0.99916181
vn 0.69806607 0.00616879 0.71600678
vn 0.70659196 -0.00450072 0.70760691
vn -0.00147384 -0.70976378 0.70443822
vn 0.17344593 0.83174984 0.52736014
vn 0.16651807 0.81622456 -0.55321713
vn -0.65626172 0.28351659 0.69924166
vn 0.73413819 -0.15403837 0.66129668
vn 0.72965671 -0.14229754 -0.66884414
vn -0.64629595 0.26539069 -0.71545044
vn -0.67213110 0.25949064 0.69347270
vn -0.65843436 0.27334742 0.70124560
vn -0.65785197 0.27364580 0.70167568
vn 0.65066658 -0.28909680 0.70217949
vn 0.43799108 -0.66628767 -0.60351019
vn -0.67971952 -0.46422513 -0.56787005
vn -0.68449673 -0.47393405 0.55394110
vn 0.43133439 -0.67150498 0.60252112
vn 0.16447596 0.81860165 0.55030809
vn 0.73079737 -0.14418913 0.66719165
vn 0.16094139 0.83343970 -0.52865503
vn -0.65057751 0.26649487 0.71114653
vn 0.98039494 -0.19699594 0.00428573
vn 0.44121484 -0.66545330 0.60208086
vn 0.73054134 -0.13014676 -0.67035152
vn -0.65816250 0.26891258 -0.70321274
vn -0.65381433 0.26526546 0.70863323
vn 0.98035929 -0.19719770 0.00295488
vn -0.68570423 -0.46353980 0.56119566
vn 0.54855204 -0.83611532 0.00135169
vn 0.65220570 -0.28007797 -0.70440333
vn 0.66124174 -0.26436649 -0.70204681
vn 0.98412668 -0.17744713 -0.00268086
vn -0.66522975 0.25534989 -0.70161657
vn 0.98406445 -0.17779376 -0.00255860
vn -0.67833332 -0.47516251 -0.56043242
vn 0.43666858 -0.66848600 -0.60203573
vn -0.57799987 -0.57902599 -0.57501744
vn -0.00097599 -0.00316192 -0.99999452
vn 0.00227114 -0.01268669 -0.99991694
vn 0.00102634 -0.71436653 -0.69977097
vn -0.57861053 -0.57955369 0.57387052
vn -0.70675094 -0.00156566 -0.70746071
vn 0.00706834 -0.01567066 -0.99985222
vn 0.00938246 -0.71371414 -0.70037426
vn 0.00524136 -0.70941424 0.70477228
vn 0.00184552 -0.01021344 0.99994614
vn -0.70822662 -0.00542136 0.70596435
vn -0.70698147 0.00858009 -0.70718002
vn 0.01967167 -0.02329881 -0.99953499
vn 0.03687688 -0.04380533 -0.99835925
vn 0.10860039 -0.70857765 -0.69722569
vn 0.07677901 -0.71130104 0.69868148
vn 0.03933426 -0.03038546 0.99876401
vn 0.01319649 -0.01409303 0.99981360
vn -0.00054256 -0.00803531 0.99996757
vn -0.01560740 0.11658530 0.99305804
vn -0.70819244 -0.00521493 0.70600019
vn -0.88466177 0.08089828 -0.45916122
vn -0.51267851 0.16952318 -0.84167846
vn 0.06367663 -0.04543454 -0.99693580
vn 0.39101327 -0.75293173 -0.52934151
vn 0.37146517 -0.17039047 -0.91267777
vn 0.16307549 -0.74184430 0.65044095
vn 0.24033398 -0.10875830 0.96457825
vn 0.15388208 -0.07170696 0.98548385
vn 0.08607033 -0.04520106 0.99526316
vn 0.06929093 -0.03609945 0.99694313
vn 0.03388593 -0.01942371 0.99923694
vn 0.01052288 -0.00588509 0.99992731
vn 0.00905400 0.01342137 0.99986894
vn 0.17994610 0.10293408 0.97827602
vn 0.06726864 0.18816111 0.97983178
vn 0.03833072 0.35442180 0.93429971
vn -0.20074035 0.15321204 0.96758947
vn -0.07152347 0.02544363 0.99711434
vn -0.02603862 0.00281451 0.99965698
vn -0.01871580 -0.00146497 0.99982377
vn -0.71015320 -0.00274549 0.70404182
vn -0.91244607 0.12361443 -0.39007901
vn -0.89243902 0.26960413 -0.36175434
vn -0.65270675 0.30625305 -0.69295236
vn 0.79513789 -0.37448791 -0.47698485
vn 0.58520157 -0.80594097 -0.08943312
vn 0.39245824 -0.17453956 -0.90305729
vn 0.34684964 -0.73128523 0.58729656
vn 0.31385565 -0.13587349 0.93969837
vn 0.24820918 -0.10865546 0.96259347
vn 0.23049830 -0.07452219 0.97021491
vn 0.08888139 -0.04300142 0.99511355
vn 0.05378098 -0.02918596 0.99812614
vn 0.61968244 0.04985042 0.78326791
vn 0.53803069 0.47691609 0.69503526
vn 0.22440015 0.41613648 0.88117819
vn 0.14247244 0.31413566 0.93862686
vn 0.07444221 0.17890520 0.98104602
vn 0.10635462 0.26043832 0.95961481
vn 0.12557842 0.30990358 0.94243824
vn 0.18040907 0.44135884 0.87900793
vn 0.18099388 0.44366961 0.87772347
vn 0.18440828 0.47593937 0.85992750
vn 0.11744133 0.79019050 0.60150355
vn -0.21324881 0.76346947 0.60962228
vn -0.28185078 0.35585884 0.89102448
vn -0.66469596 0.40715541 0.62642138
vn -0.43742495 0.19610409 0.87761187
vn -0.30454734 0.12152977 0.94471235
vn -0.26999059 0.09901338 0.95775854
vn -0.16225676 0.05932918 0.98496335
vn -0.10705687 0.03188635 0.99374146
vn -0.10934309 0.03866886 0.99325163
vn -0.73130136 0.01357112 0.68191945
vn -0.97638394 0.20142232 -0.07812456
vn -0.91949431 0.38471684 0.08076610
vn -0.92234583 0.38622755 0.01031728
vn -0.90415577 0.42671076 0.02050039
vn -0.68710918 0.72620408 0.02255243
vn -0.50144582 0.58616692 -0.63636502
vn -0.98145980 0.19131097 -0.01169533
vn -0.97504237 0.21586907 0.05189343
vn 0.90134625 -0.37912412 -0.20937964
vn 0.68006011 -0.20649089 -0.70347691
vn 0.92513810 -0.37932116 -0.01532805
vn 0.92417193 -0.37925270 0.04553715
vn 0.92058731 -0.38289374 0.07688559
vn 0.91648670 -0.38888609 0.09391347
vn 0.56443111 -0.81282307 0.14400063
vn 0.46486309 -0.84446971 0.26603238
vn 0.73645255 -0.34273087 0.58324369
vn 0.44681052 -0.19239391 0.87369614
vn 0.35403686 -0.15129928 0.92291193
vn 0.33270742 -0.14094609 0.93243765
vn 0.36295472 -0.14928057 0.91977127
vn 0.65923954 -0.17626789 0.73098075
vn 0.88206551 0.42810544 0.19668801
vn 0.93207448 -0.10536018 0.34660698
vn 0.60836555 0.75990020 0.22900448
vn 0.48021681 0.86457765 0.14797736
vn 0.35617085 0.76067045 0.54269954
vn 0.21401246 0.51469864 0.83023128
vn 0.17034970 0.41024904 0.89592226
vn 0.11362217 0.27778498 0.95390016
vn 0.21403353 0.52839324 0.82157789
vn 0.29090001 0.83361334 0.46953806
vn 0.13643861 0.98687944 0.08633357
vn -0.25499364 0.95950730 0.11968289
vn -0.67503482 0.70760538 0.20886028
vn -0.88710042 0.44186711 0.13344025
vn -0.78712920 0.33416241 0.51842367
vn -0.48928783 0.19865020 0.84919699
vn -0.83169457 0.09730505 0.54664054
vn -0.82522967 0.08408915 0.55850247
vn -0.82451694 0.07681950 0.56059841
vn -0.78237693 0.04933100 0.62084845
vn -0.87992292 0.35723818 0.31323559
vn -0.91411209 0.39383734 0.09639101
vn -0.20316282 0.97908317 -0.01100115
vn -0.19531392 0.67158114 -0.71472459
vn -0.97119768 0.17506886 0.16163528
vn 0.64029242 0.07582282 -0.76437983
vn 0.98594118 -0.05960622 -0.15609961
vn 0.97369405 -0.22650885 -0.02477190
vn 0.94216328 -0.33514565 0.00239797
vn 0.92489601 -0.37761500 0.04443297
vn 0.92499999 -0.37530017 0.05936996
vn 0.84967336 -0.33459739 0.40755339
vn 0.80214513 -0.33773736 0.49243950
vn 0.51937981 -0.21695729 0.82654349
vn 0.43361868 -0.18132286 0.88266464
vn 0.53479326 -0.21966070 0.81593219
vn 0.75480865 -0.25110621 0.60597820
vn 0.98596140 -0.09194585 0.13937743
vn 0.88707800 0.45938497 -0.04536592
vn 0.54017479 0.83690094 -0.08836302
vn 0.93241251 -0.30232148 0.19801169
vn 0.44626629 0.88656870 -0.12182918
vn 0.37938605 0.92301268 -0.06413908
vn 0.37924867 0.92482180 0.02958167
vn 0.35076442 0.93524022 0.04785447
vn 0.35063596 0.85729513 0.37696086
vn 0.34939281 0.93579557 -0.04702457
vn 0.18486159 0.98108431 -0.05744360
vn -0.79360493 0.29654507 0.53127416
vn -0.86918653 0.13097229 0.47682390
vn 0.12288383 0.70905470 -0.69436374
vn -0.08838371 0.71023718 -0.69839205
vn 0.40838255 0.50767464 -0.75861067
vn 0.86575697 0.45409315 -0.21039079
vn 0.99531556 -0.08668317 -0.04281307
vn 0.67347243 -0.27715100 0.68528987
vn 0.27900705 0.55853200 -0.78115112
vn 0.25797983 0.56600072 -0.78300038
vn 0.38467578 0.89589979 -0.22223435
vn 0.37780398 0.91459817 -0.14413310
vn 0.25067251 0.61295880 -0.74929620
vn 0.25051373 0.61697258 -0.74604806
vn 0.37773266 0.92589445 -0.00612391
vn 0.37769015 0.92585982 0.01156428
vn 0.23376772 0.56316227 -0.79259126
vn 0.23507597 0.56751191 -0.78909411
vn 0.23955909 0.58000967 -0.77858861
vn -0.68241670 -0.46120653 -0.56709433
vn 0.43954492 -0.66449972 -0.60435121
vn -0.29537912 -0.95533998 0.00875799
vn -0.69678345 -0.44697434 0.56098731
vn -0.65973762 0.27985251 0.69744451
vn -0.64387376 0.27254778 -0.71494355
vn 0.64855404 -0.26720293 -0.71272733
vn 0.67051273 -0.25781781 0.69565987
vn 0.45090828 -0.65700797 0.60417071
vn 0.25550957 -0.96676570 0.00888441
vn -0.65401429 0.29799045 0.69531792
vn -0.43351078 0.66642452 -0.60658616
vn 0.65301835 -0.26176181 -0.71066714
vn 0.67262821 -0.22912476 0.70361434
vn 0.65639698 -0.25305148 -0.71070947
vn 0.67763734 0.47141855 -0.56442200
vn -0.63386548 0.35679064 0.68623247
vn -0.38011906 0.69468402 0.61067472
vn 0.67381465 0.48211603 0.55994460
vn -0.57735027 -0.57735027 -0.57735027
vn 0.51495537 -0.67622950 -0.52681556
vn -0.57735027 -0.57735027 0.57735027
vn -0.46107250 0.68894318 -0.55925793
vn 0.52636164 -0.27975772 0.80291907
vn 0.30894966 -0.68143263 0.66347545
vn 0.72376383 -0.15479872 -0.67246061
vn 0.97758969 -0.21050139 0.00275060
vn 0.71975302 -0.16211395 0.67503678
vn -0.46260485 0.68727331 0.56004656
vn -0.55610806 0.83110953 0.00087795
vn 0.26991776 0.65407381 -0.70663417
vn 0.70636237 -0.03519282 -0.70697501
vn 0.73963597 0.18973529 0.64570825
vn 0.26842051 0.65442459 0.70687969
vn 0.29138438 0.65111853 -0.70081368
vn 0.29087788 0.65125156 0.70090046
vn 0.73897332 0.19218466 -0.64574259
vn 0.50836466 0.56602826 0.64898181
vn 0.50683726 0.56590155 -0.65028565
vn 0.71559291 -0.43843253 0.54378645
vn 0.43283281 0.67503411 0.59748197
vn -0.63033668 -0.51994945 0.57647917
vn 0.63514632 -0.50419605 -0.58512861
vn 0.46469903 0.64390617 -0.60781548
vn -0.00254640 0.70795432 0.70625363
vn -0.68331793 0.23628436 0.69083016
vn -0.77848439 -0.62723603 0.02317382
vn -0.62508424 -0.53359596 -0.56968855
vn -0.09444165 0.72548116 -0.68173152
vn -0.13249750 0.73201705 0.66827798
vn -0.62566594 0.34713037 0.69860048
vn -0.94277323 0.33323571 0.01151524
vn -0.78031357 -0.62528908 0.01114866
vn -0.77212992 -0.63546429 0.00072155
vn -0.69926504 0.11943726 -0.70481426
vn -0.19380643 0.67298034 -0.71381827
vn -0.28980983 0.66512429 0.68820051
vn -0.19879135 0.67075730 -0.71453947
vn -0.47039008 0.60792914 -0.63965251
vn -0.94132231 0.33750324 0.00196680
vn -0.51883853 0.55352095 0.65147612
vn -0.69475984 0.26760163 -0.66760627
vn -0.93607201 0.35180836 0.00027987
vn -0.60042926 0.37328592 -0.70720741
vn 0.70082005 -0.44630774 -0.55647161
vn -0.61726403 -0.54134998 -0.57089869
vn 0.42976540 0.67202445 -0.60306289
vn 0.44110956 0.66476538 0.60291737
vn 0.68575253 -0.46149390 0.56282045
vn -0.76780352 -0.64068147 0.00223863
vn -0.70561998 0.24972850 -0.66312602
vn -0.02838457 0.71527064 -0.69827089
vn -0.03787094 0.71716658 0.69587204
vn -0.61729728 -0.53519341 0.57663861
vn -0.76793842 -0.64048010 0.00747121
vn -0.69402186 0.26756124 0.66838959
vn -0.93307568 0.35966994 0.00270583
vn -0.93421512 0.35670415 0.00206226
vn -0.60396063 0.36936096 -0.70626060
vn -0.13999447 0.71785241 -0.68197468
vn -0.19675162 0.98044061 0.00500122
vn -0.14212589 0.70987460 0.68983932
vn -0.69514300 0.12199880 0.70844372
vn -0.46809727 0.61273999 0.63673750
vn -0.61088484 0.79171240 0.00334566
vn -0.61986824 0.78470379 0.00182535
vn -0.47835713 0.60405438 -0.63741098
vn -0.21684297 0.67562816 -0.70463162
vn -0.20054283 0.67663970 0.70847815
vn 0.68875783 0.43014990 -0.58359551
vn 0.73063004 -0.05995175 -0.68013640
vn 0.29496999 0.66535655 -0.68577939
vn 0.53352763 0.53013335 0.65901965
vn 0.97341312 0.21762732 0.07145097
vn 0.99803075 0.00881632 0.06210388
vn 0.96819069 -0.24837831 0.03024917
vn 0.66716186 -0.23059950 -0.70832120
vn 0.94869744 -0.31534256 -0.02307033
vn 0.26375307 0.67256340 -0.69144254
vn 0.17861287 0.70674688 0.68454823
vn 0.28957132 0.63010243 0.72049940
vn 0.63554684 0.25091054 0.73015348
vn 0.70981354 0.11163775 0.69548670
vn 0.68139215 -0.02312120 0.73155325
vn 0.70128510 -0.12540265 0.70176448
vn 0.95815386 -0.28024073 0.05836356
vn 0.65401620 -0.21759200 0.72451124
vn 0.65141106 -0.23919851 0.72003312
vn 0.64404482 -0.25095596 0.72265301
vn 0.64352509 -0.28152821 0.71177056
vn 0.63119100 -0.29922929 0.71558350
vn 0.59732798 -0.43178244 0.67584259
vn 0.80452363 -0.59389747 0.00524659
vn 0.80419030 -0.59437054 0.00127472
vn 0.60860342 -0.31168865 -0.72969313
vn 0.87162813 -0.48991699 -0.01567600
vn 0.56737433 -0.47393595 -0.67340262
vn 0.14781890 0.73773952 -0.65870325
vn -0.04216992 0.99834980 0.03897925
vn 0.04420855 0.68984695 0.72260417
vn 0.47965706 -0.51132550 0.71307457
vn 0.53603840 -0.84418095 0.00462171
vn 0.77701715 -0.62944274 -0.00679526
vn 0.35636362 -0.63980882 -0.68091824
vn 0.49955998 -0.86622717 -0.00950402
vn 0.49575981 -0.86829980 -0.01666340
vn -0.07269344 0.73982598 -0.66885961
vn -0.61900918 0.51522540 0.59276506
vn -0.03408563 0.71330767 0.70002167
vn 0.37859088 -0.63323845 0.67503927
vn 0.37155854 -0.92817850 0.02071029
vn 0.23126839 -0.66331292 0.71170984
vn 0.16780449 -0.98581264 0.00388480
vn 0.16888675 -0.98561952 -0.00560654
vn 0.12227340 -0.72669167 -0.67599440
vn 0.17030301 -0.98533813 -0.01027839
vn -0.63582635 0.49702899 -0.59049728
vn -0.66366873 -0.44589274 0.60060259
vn 0.11746548 -0.72664548 0.67689601
vn -0.19294822 -0.98120798 0.00137276
vn -0.19239919 -0.98130634 -0.00451863
vn -0.14056937 -0.72843708 -0.67053685
vn -0.19254180 -0.98125677 -0.00792487
vn -0.66375367 -0.44310344 -0.60256984
vn -0.83003080 -0.55771686 -0.00087987
vn -0.26492634 -0.65375172 0.70881783
vn -0.13471582 -0.72844709 0.67172650
vn -0.25721418 -0.65561289 0.70993845
vn -0.26153432 -0.65383745 0.70999745
vn -0.83064936 -0.55679071 -0.00239510
vn -0.83056191 -0.55692044 -0.00255690
vn -0.82953657 -0.55843611 -0.00426498
vn -0.26579854 -0.65191433 -0.71018226
vn -0.75558314 -0.15323759 -0.63687704
vn -0.98740530 -0.15820146 -0.00175377
vn -0.52345960 0.61751645 -0.58708047
vn -0.50585631 -0.56352912 -0.65310361
vn -0.52814792 -0.54964642 0.64726238
vn -0.76478154 -0.11411064 0.63410406
vn -0.63204068 0.77493510 -0.00040694
vn 0.13069663 0.72713484 -0.67393866
vn -0.30906191 -0.63494322 -0.70804509
vn -0.29478085 -0.65366010 0.69701702
vn -0.32181151 -0.63392647 0.70325997
vn -0.49545925 0.63296220 0.59487729
vn -0.62587766 0.77990773 0.00459128
vn -0.62961146 0.77691016 0.00003203
vn 0.10658556 0.73147349 0.67348797
vn 0.21688551 0.68783957 0.69270297
vn 0.24577129 0.67828777 0.69247540
vn 0.26266381 0.67299244 0.69143973
vn 0.66286272 0.46400533 0.58763260
vn 0.66378350 0.42881360 -0.61278900
vn -0.28847526 -0.65079481 -0.70231627
vn -0.26716680 -0.65753958 0.70445980
vn 0.46250782 -0.68923544 0.55771051
vn 0.46362119 -0.68510367 -0.56186150
vn 0.14081918 0.73213116 -0.66644874
vn 0.14114848 0.73112842 0.66747909
vn 0.26442715 0.65857796 -0.70452349
vn -0.53490856 0.60959580 -0.58503487
vn -0.51728847 0.61776033 0.59227090
vn 0.66333426 0.44550123 0.60126226
vn 0.66340172 0.44768798 -0.59956120
vn -0.75060973 -0.17320166 -0.63764113
vn -0.98085574 -0.19453738 0.00878810
vn -0.64181636 0.76685598 0.00191373
vn -0.64811628 0.76142943 0.01305765
vn -0.74868119 -0.15428296 0.64472727
vn 0.46349219 -0.68790457 0.55853585
vn 0.46479233 -0.68370251 -0.56260018
vn -0.49738757 -0.57157152 -0.65261904
vn -0.66597253 -0.74596787 0.00353891
vn -0.50262673 -0.56330616 0.65578391
vn 0.55984637 -0.82858715 -0.00392198
vn -0.26541227 -0.65708328 0.70554794
vn -0.37431457 -0.92729338 -0.00394841
vn 0.55944913 -0.82884500 -0.00571260
vn -0.26354240 -0.65350179 -0.70956382
vn -0.28898549 -0.65395039 0.69916827
vn -0.30850908 -0.63786527 0.70565576
vn -0.28721016 -0.65211600 -0.70160890
vn -0.37429721 -0.92728905 -0.00605183
vn -0.66360060 -0.44472006 -0.60154660
vn -0.55982866 0.59556982 -0.57609762
vn -0.26536888 -0.65393872 -0.70847971
vn -0.82982898 -0.55801098 -0.00275661
vn -0.68967990 0.72411434 0.00024306
vn 0.09654444 0.71929271 0.68796596
vn 0.11505105 0.99329080 -0.01168916
vn 0.08397847 0.99613064 -0.02591069
vn 0.07957058 0.99635498 -0.03074548
vn 0.18632034 0.70989967 -0.67921071
vn -0.37609687 -0.92656881 -0.00462470
vn -0.26370576 -0.65431134 -0.70875662
vn -0.37288399 -0.92786406 -0.00508178
vn -0.37302346 -0.92780956 -0.00478807
vn -0.82973913 -0.55814692 -0.00223402
vn -0.69033525 0.72348858 0.00123165
vn 0.26607842 0.67933091 0.68389457
vn 0.36554289 0.93075556 0.00851432
vn 0.35629118 0.93437494 -0.00026450
vn 0.30873389 0.95109889 -0.00970978
vn -0.69070396 0.72313561 0.00170957
vn -0.70317764 0.69775948 0.13664885
vn -0.46362292 0.57558244 0.67361610
vn 0.27778416 0.96048038 -0.01770323
vn 0.29406179 0.63690858 -0.71265358
vn -0.37628549 -0.92649623 -0.00373707
vn -0.37348659 -0.92762713 -0.00395794
vn -0.26193357 -0.65490734 -0.70886330
vn -0.37245133 -0.92803459 -0.00563976
vn -0.18923153 -0.98191992 -0.00497046
vn -0.24136158 -0.97042590 -0.00426193
vn -0.33928865 -0.94067071 -0.00467242
vn -0.18929911 -0.98191697 -0.00221848
vn -0.82928740 -0.55882024 -0.00153179
vn 0.51524375 0.54137499 0.66440725
vn 0.65798888 0.75301832 0.00374782
vn 0.66237943 0.74916327 -0.00280821
vn 0.54832091 0.53467515 -0.64301373
vn -0.70710678 0.00000021 0.70710678
vn -0.37491134 -0.92705886 -0.00183377
vn -0.37087993 -0.92868028 -0.00101245
vn -0.25784414 -0.65671949 -0.70868604
vn -0.13512522 -0.72941534 -0.67059261
vn 0.09747340 -0.99522666 -0.00477901
vn -0.10568906 -0.99439299 -0.00352062
vn 0.17250913 -0.98500403 -0.00276784
vn -0.05520406 -0.71493629 0.69700690
vn -0.18964386 -0.98169402 0.01766523
vn -0.26219476 -0.65766253 0.70621095
vn -0.37650577 -0.92641370 -0.00103550
vn -0.82968233 -0.55823549 -0.00060166
vn 0.68735026 0.23995228 0.68554542
vn 0.92420290 0.38173898 0.01115112
vn 0.65155930 0.26003348 -0.71263811
vn -0.66359417 -0.44618046 0.60047130
vn -0.26516921 -0.65571835 0.70690787
vn 0.11938095 -0.72855253 -0.67450679
vn 0.18352577 -0.98300615 -0.00414684
vn 0.02680978 -0.99963565 -0.00313164
vn 0.20079390 -0.97963325 -0.00071488
vn 0.12713964 -0.73081137 0.67063421
vn 0.24389372 -0.96979205 -0.00438558
vn 0.54552912 -0.83788147 0.01877838
vn -0.22174619 -0.67280459 0.70580635
vn -0.26631860 -0.65524926 0.70691076
vn 0.71885308 -0.05944961 0.69261533
vn 0.99339108 -0.11472766 0.00342520
vn 0.97195263 0.23239409 -0.03607032
vn 0.71875626 0.12148290 -0.68456654
vn 0.23333685 -0.66749382 -0.70711096
vn 0.38355814 -0.63749886 -0.66819035
vn 0.32818101 -0.64329854 0.69171107
vn 0.48818680 -0.51157688 0.70708044
vn 0.64621185 -0.76312270 -0.00734865
vn 0.48343575 -0.51654736 -0.70673099
vn 0.59479130 -0.43643775 -0.67508918
vn 0.78414347 -0.62057763 -0.00155663
vn 0.57031057 -0.45134017 0.68632202
vn 0.65371452 -0.22176336 0.72351803
vn 0.94959345 -0.30588288 0.06861445
vn 0.70378684 -0.12321186 -0.69964485
vn 0.68507377 -0.02307913 -0.72810802
vn 0.64293055 -0.31376574 0.69870692
vn 0.89150230 -0.45224719 0.02638439
vn 0.92035412 -0.39055444 -0.02038450
vn 0.64301771 -0.27969660 -0.71295023
vn 0.64381979 -0.25019176 -0.72311836
vn 0.65055150 -0.24006269 -0.72052248
vn 0.65405208 -0.21813364 -0.72431594
vn 0.62890199 -0.29810437 -0.71806411
vn 0.88922266 -0.45717172 -0.01664559
vn 0.91234271 -0.40797962 -0.03440069
vn 0.16198879 0.84952951 0.50205502
vn 0.16971677 0.79673306 -0.58001091
vn -0.66871998 0.27739468 0.68983025
vn 0.54354256 -0.63236678 0.55197258
vn 0.53938201 -0.59959836 -0.59122657
vn -0.72682620 0.13179540 -0.67405760
vn -0.67204729 0.26953000 0.68971445
vn -0.60201141 -0.56464079 0.56459104
vn -0.61928196 -0.50019650 -0.60522171
vn -0.73698836 0.14903817 0.65926912
vn -0.71088130 -0.20128763 0.67389247
vn -0.98118251 -0.19307666 -0.00151037
vn -0.74179588 -0.66889136 0.04819990
vn -0.60719948 -0.66630267 0.43283893
vn -0.17375447 -0.77268730 0.61054380
vn -0.21776155 -0.46423345 0.85852619
vn -0.10632599 -0.22205014 0.96922057
vn -0.46016171 0.68911100 0.55980106
vn -0.98067515 -0.19554577 -0.00617230
vn -0.75034916 -0.66061509 -0.02374531
vn -0.17980086 -0.98344318 -0.02260913
vn -0.16265109 -0.97923915 0.12097651
vn 0.19009982 -0.86449976 0.46529799
vn 0.01085980 -0.36895112 0.92938535
vn -0.06434329 -0.29364315 0.95374716
vn -0.10076526 -0.22756084 0.96853623
vn 0.29185358 0.64941610 0.70219671
vn 0.40967820 0.91222925 0.00125531
vn -0.55503224 0.83182829 0.00095463
vn -0.72969612 -0.13982395 -0.66932266
vn -0.56800547 -0.49956337 -0.65406897
vn -0.34435684 -0.60429692 -0.71850094
vn -0.14140976 -0.74065558 -0.65683529
vn 0.27847931 -0.69229950 -0.66571066
vn 0.37670358 -0.92629982 -0.00794107
vn 0.35965426 -0.92861409 0.09123969
vn 0.35137727 -0.60626785 0.71342365
vn 0.03257627 -0.37206490 0.92763489
vn 0.50449842 0.56562791 0.65233919
vn 0.61728292 0.78672934 0.00432915
vn 0.66629899 0.74568240 0.00184603
vn 0.30734730 0.63656602 -0.70733396
vn 0.29174622 0.65031406 -0.70140985
vn -0.45997144 0.68980913 -0.55909716
vn 0.40410218 -0.57633038 -0.71031311
vn 0.57443301 -0.48891143 -0.65650006
vn 0.76213924 -0.64740478 -0.00329151
vn 0.76191971 -0.64767023 -0.00127787
vn 0.57305368 -0.49209596 0.65532514
vn 0.39663762 -0.57835684 0.71286882
vn 0.59632515 0.37798020 0.70818591
vn 0.73554931 0.19870714 0.64767483
vn 0.96560760 0.25998193 0.00337023
vn 0.96591883 0.25883332 0.00247584
vn 0.73794065 0.19780619 -0.64522578
vn 0.50528263 0.56700363 -0.65053543
vn 0.63962757 -0.30328812 -0.70632350
vn 0.90384599 -0.42785061 -0.00250625
vn 0.90386500 -0.42781484 -0.00159088
vn 0.64063833 -0.30530805 0.70453497
vn 0.97245772 -0.23303963 0.00430287
vn 0.72368315 -0.17371266 0.66791213
vn 0.72569893 -0.17562196 -0.66522026
vn 0.01666638 0.80566442 0.59213771
vn 0.05342335 0.81599722 0.57558187
vn -0.58749338 0.49992188 -0.63634082
vn -0.00623008 0.79083938 0.61199204
vn 0.11425165 0.80821378 0.57769978
vn 0.08534845 0.59816455 -0.79681542
vn -0.70710721 0.00001805 -0.70710635
vn -0.99996674 0.00765591 -0.00281253
vn -0.57791735 0.63073253 0.51786873
vn -0.02544345 0.78309741 0.62137837
vn -0.02006898 0.78459217 0.61968732
vn -0.01190038 0.78870458 0.61465719
vn 0.29100612 0.78220153 0.55088675
vn 0.13533116 0.56849888 -0.81147674
vn -0.66397913 -0.44161238 -0.60341547
vn -0.66395842 -0.44926306 0.59776410
vn 0.43558200 0.67082456 0.60021891
vn 0.41770984 0.49130964 -0.76428615
vn 0.23521019 0.57639364 -0.78258963
vn -0.26584468 -0.65060752 -0.71136240
vn -0.26952425 -0.65862882 0.70254164
vn 0.52513315 0.61334874 0.58994787
vn 0.92176729 0.36050905 -0.14275252
vn 0.50179955 0.36495048 -0.78422468
vn -0.26797437 -0.66071792 0.70117156
vn -0.26309160 -0.65027652 -0.71268734
vn 0.62871302 0.37837474 0.67937655
vn 0.95798768 0.27645557 0.07636698
vn 0.99250258 -0.10092013 -0.06894752
vn 0.70390544 -0.10401386 -0.70263664
vn 0.61851858 0.20030146 -0.75981188
vn -0.26665500 -0.66123958 0.70118281
vn -0.25984671 -0.65258930 -0.71176323
vn 0.72161438 -0.06386607 0.68934303
vn 0.99445843 -0.09437670 0.04631921
vn 0.95950822 -0.28168032 0.00040965
vn 0.67187115 -0.22153111 -0.70676243
vn -0.14540323 -0.73454884 0.66279401
vn -0.21417653 -0.68396238 -0.69736925
vn 0.67741286 -0.20201226 0.70732091
vn 0.94078238 -0.33841049 0.02017066
vn 0.65123858 -0.32326218 -0.68657838
vn -0.00100373 -0.70976246 0.70444037
vn -0.08404098 -0.72345370 -0.68523854
vn 0.65135358 -0.24496220 0.71814486
vn 0.63920942 -0.32188389 0.69842829
vn 0.89109766 -0.45363637 0.01260983
vn 0.79434572 -0.60734424 -0.01215932
vn 0.56774444 -0.44294439 -0.69387788
vn 0.12935905 -0.73356632 0.66719315
vn 0.12063215 -0.72647880 -0.67651788
vn 0.58675417 -0.37585605 0.71725293
vn 0.57691436 -0.44012597 0.68808354
vn 0.56247360 -0.82676799 -0.00883934
vn 0.54437368 -0.83862500 -0.01911535
vn 0.46836974 -0.53871000 -0.70030088
vn 0.27765766 -0.66370247 0.69455400
vn 0.33640125 -0.64179114 -0.68915770
vn 0.44953498 -0.59659267 0.66482741
vn -0.67918077 -0.43619075 0.59029747
vn -0.67442971 -0.39998332 -0.62061091
vn -0.30340696 -0.67534434 0.67220105
vn -0.47590954 0.67938085 0.55852643
vn -0.29304723 -0.61582499 -0.73135689
vn -0.47164635 0.67284955 -0.56993263
vn -0.27894033 -0.62772331 -0.72674324
vn -0.18962686 -0.69110626 -0.69743372
vn -0.23120134 -0.68997640 0.68591435
vn 0.25813148 0.66806492 0.69789497
vn -0.55699171 0.83040951 -0.01342698
vn 0.26483271 0.65279040 -0.70973822
vn -0.02176994 -0.71109394 -0.70275990
vn -0.02186269 -0.76925531 0.63856738
vn 0.27288883 0.65668594 0.70306135
vn 0.29205558 0.65470275 0.69718566
vn 0.29023615 0.64677385 -0.70529891
vn 0.05779559 -0.68841535 -0.72301035
vn 0.28717531 -0.69279249 0.66148991
vn 0.25404250 -0.69667991 -0.67089456
vn 0.31816600 0.63988986 0.69950794
vn 0.50246148 0.56427926 -0.65507356
vn 0.43544150 -0.59353856 0.67683283
vn 0.56525119 -0.48737990 -0.66554633
vn 0.52754938 0.55259166 0.64523958
vn 0.73332091 0.19591529 -0.65104350
vn 0.55318490 -0.49192654 0.67230555
vn 0.63109131 -0.29897667 -0.71577700
vn 0.63873802 -0.36290927 0.67846194
vn 0.75061335 0.16227112 0.64050581
vn 0.72336552 -0.17165829 -0.66878678
vn 0.64990604 -0.29489381 0.70047111
vn 0.71371778 -0.19204837 0.67359065
vn -0.82570502 -0.56408960 -0.00376045
vn -0.66161512 -0.45007715 0.59974661
vn -0.82629731 -0.56316362 -0.00891582
vn -0.36439266 -0.93113988 -0.01401826
vn -0.25942849 -0.66272333 0.70249174
vn -0.72599721 0.22454109 0.65000720
vn -0.82659855 -0.56270067 -0.01013845
vn -0.36162794 -0.93205376 -0.02238338
vn -0.35814605 -0.93345613 -0.01977549
vn -0.35936145 -0.93308991 -0.01423234
vn -0.82572068 -0.56393262 -0.01285917
vn -0.25617805 -0.66378256 0.70268451
vn -0.44513844 0.61418941 0.65163113
vn -0.80355453 0.59511826 0.01159174
vn -0.36365093 -0.93115656 -0.02656066
vn -0.25230194 -0.65065341 -0.71623590
vn -0.24894521 -0.65233203 -0.71588351
vn -0.35557748 -0.93430439 -0.02529761
vn -0.66116803 -0.44325290 -0.60529638
vn -0.35506090 -0.93456931 -0.02262669
vn -0.25368720 -0.66772834 0.69984403
vn -0.25413083 -0.66465916 0.70259926
vn -0.20653324 0.67101266 0.71209974
vn -0.79658205 0.60451373 0.00449369
vn -0.24044415 -0.65600085 -0.71543658
vn 0.56889764 -0.82202211 -0.02520177
vn 0.56763493 -0.82296024 -0.02295700
vn -0.72675669 0.20673266 -0.65504681
vn 0.56780930 -0.82288370 -0.02133080
vn 0.56740007 -0.82323586 -0.01843575
vn 0.46896039 -0.68713951 0.55490129
vn -0.10362560 0.72634246 0.67947654
vn -0.13796030 0.99042981 0.00396880
vn -0.79140718 0.61128935 0.00010836
vn 0.48079097 -0.66472727 -0.57181965
vn -0.79812315 0.60237056 -0.01221267
vn -0.45178521 0.61211719 -0.64900129
vn 0.66502646 0.44320383 0.60109082
vn 0.13707713 0.73004467 0.66951075
vn 0.19107424 0.98157465 0.00135402
vn -0.12842087 0.99171579 -0.00280545
vn -0.79058313 0.61234589 -0.00329078
vn 0.66496514 0.44342533 -0.60099529
vn -0.09988813 0.72572105 -0.68069914
vn 0.83199024 0.55479026 0.00007782
vn 0.27182224 0.65279771 0.70708403
vn 0.25910772 0.65708130 0.70788936
vn 0.37933891 0.92525779 0.00013607
vn 0.19447645 0.98090564 -0.00173971
vn 0.26609249 0.65531853 0.70693169
vn 0.37766768 0.92593833 0.00230794
vn -0.12999941 0.99148840 -0.00713552
vn 0.27110469 0.65318521 -0.70700164
vn 0.38437651 0.92317641 -0.00009887
vn 0.14370213 0.73030189 -0.66783894
vn 0.38433766 0.92319259 -0.00005197
vn 0.27163064 0.65295255 0.70701468
vn 0.27034085 0.65305767 0.70741184
vn 0.27118190 0.65313143 0.70702172
vn 0.38354405 0.92352256 -0.00018793
vn 0.38061799 0.92472307 -0.00414519
vn 0.19368469 0.98105546 -0.00405216
vn 0.26875938 0.65237462 -0.70864360
vn 0.26786159 0.65223826 -0.70910889
vn -0.72975194 -0.26081600 0.63201039
vn -0.66176057 -0.42588916 -0.61700193
vn -0.45799458 -0.62962641 0.62754406
vn -0.70756299 0.00166569 0.70664832
vn -0.70737635 0.00093983 -0.70683649
vn -0.24709915 -0.63291104 -0.73373403
vn -0.24563680 -0.63424050 -0.73307676
vn 0.47587487 -0.66066708 -0.58057051
vn -0.25317924 -0.68492939 0.68320714
vn -0.72736066 0.12140690 0.67543086
vn -0.98586740 0.16752145 0.00142860
vn -0.73045946 0.13131645 -0.67021262
vn 0.49368678 -0.67593541 0.54716057
vn -0.22400029 -0.69911187 0.67901875
vn 0.66511211 0.44107741 -0.60255838
vn -0.66245318 0.28662412 0.69209999
vn -0.91918287 0.39376894 0.00699052
vn -0.92568824 0.37828644 -0.00080350
vn -0.92352977 0.38352065 -0.00216314
vn -0.66258316 0.24519329 -0.70771732
vn 0.66823586 0.43852564 0.60096264
vn 0.27125579 0.65041128 -0.70949662
vn 0.27898182 0.65437101 0.70282837
vn -0.49472969 0.58964462 0.63840564
vn -0.63886669 0.76924899 0.01026423
vn -0.63138169 0.77547195 0.00064902
vn -0.90619669 0.42285524 -0.00099980
vn -0.90600552 0.42325911 -0.00239054
vn -0.65168307 0.32441178 -0.68561373
vn 0.27105356 0.65054023 -0.70945569
vn 0.27083532 0.65080629 -0.70929500
vn 0.27021787 0.65180528 -0.70861285
vn 0.27090586 0.65494537 0.70544778
vn -0.19655489 0.68536748 0.70116873
vn -0.62448767 0.78102868 -0.00305821
vn -0.58733828 0.39306300 -0.70748514
vn 0.26994551 0.65187759 -0.70865015
vn 0.26958033 0.65224848 -0.70844786
vn 0.26619128 0.65484926 -0.70732923
vn 0.26987499 0.65524674 0.70556304
vn -0.09009558 0.72784681 0.67979542
vn -0.18061955 0.98354714 -0.00340701
vn -0.10671121 0.72784281 -0.67739026
vn -0.20572331 0.67393828 -0.70956684
vn -0.45099120 0.61786184 -0.64409137
vn 0.25807192 0.65843155 -0.70701257
vn 0.14333328 0.73274716 0.66523467
vn 0.26804183 0.65642206 0.70516924
vn 0.13490799 0.73041320 -0.66954940
vn 0.16663363 0.81489347 0.55514131
vn 0.21558243 0.81597006 -0.53639264
vn -0.64588408 0.32391662 -0.69131164
vn -0.66125736 0.27582513 -0.69760964
vn -0.64772272 0.26599908 0.71393260
vn 0.54603865 -0.61100722 0.57315964
vn 0.68669896 -0.72686771 -0.01038590
vn 0.68853483 -0.72510149 -0.01214980
vn 0.69054991 -0.72315840 -0.01351863
vn 0.69066058 -0.72303595 -0.01438687
vn 0.57139308 -0.57768456 -0.58291552
vn -0.64791278 0.26495563 0.71414813
vn -0.69318392 0.21983967 -0.68641574
vn -0.72965216 0.13829901 0.66968733
vn -0.64798032 0.26443565 0.71427956
vn -0.60972626 -0.52889375 0.59034337
vn -0.74698275 -0.66471114 0.01326173
vn -0.72680480 -0.68681932 -0.00583089
vn -0.72552815 -0.68810755 -0.01081192
vn -0.58635542 -0.56059686 -0.58473796
vn -0.72735178 0.08541114 -0.68092901
vn 0.31049654 -0.77955854 -0.54394887
vn -0.52659602 -0.48120017 -0.70081597
vn 0.23941196 0.78981673 -0.56468703
vn 0.36776302 -0.92988551 0.00795657
vn -0.66368901 -0.35463114 -0.65859976
vn -0.65765192 -0.36692927 0.65791858
vn -0.65753906 0.30825107 -0.68747630
vn 0.27823300 0.95867219 -0.05944767
vn 0.36797087 -0.92977239 0.01098843
vn -0.68973283 -0.16984761 -0.70386108
vn -0.89453058 -0.44700281 0.00187735
vn -0.68279980 -0.18478164 0.70685230
vn -0.76359997 0.03463575 0.64476000
vn -0.99903051 0.04401841 -0.00064949
vn 0.30970717 -0.77516854 0.55063164
vn -0.91412328 0.40538599 -0.00639017
vn -0.61536905 0.78820414 -0.00742708
vn -0.59807968 0.80099826 -0.02650442
vn -0.75541922 0.04114505 -0.65394869
vn -0.99867852 0.05123107 -0.00407379
vn 0.60390584 0.79689851 -0.01582732
vn -0.99883520 0.04821208 -0.00196098
vn -0.99879297 0.04906386 -0.00231256
vn -0.65109251 0.32183951 0.68738481
vn -0.90284716 0.42995541 0.00231464
vn -0.91409570 0.40548470 -0.00334938
vn 0.25338882 0.78931796 0.55925957
vn 0.60683179 0.79480104 -0.00681771
vn -0.60409324 0.79688972 0.00617521
vn 0.59501080 0.80358706 0.01449086
vn -0.58347554 0.38894072 0.71293858
vn 0.32010197 0.94636550 0.04389838
vn -0.67253228 -0.43446758 0.59911456
vn -0.67975233 -0.40165911 -0.61368293
vn -0.31590080 -0.62478363 -0.71403929
vn -0.29500282 -0.64408522 -0.70578153
vn -0.27148951 -0.66178844 0.69880577
vn -0.46175047 0.68749955 0.56047379
vn -0.46028902 0.68899297 -0.55984168
vn -0.28275315 -0.65001603 -0.70535793
vn -0.13142560 -0.74052693 -0.65905021
vn -0.10504019 -0.73823827 0.66631135
vn 0.27018855 0.65328980 0.70725567
vn -0.55531337 0.83164040 0.00114013
vn -0.55494335 0.83188809 -0.00028797
vn 0.38387299 0.92338471 -0.00148515
vn 0.27157608 0.65205264 -0.70786565
vn 0.06063011 -0.71446891 -0.69703527
vn 0.24609268 -0.71529017 0.65406296
vn 0.38347084 0.92355233 0.00109455
vn 0.38334944 0.92360280 0.00103148
vn -0.55529352 0.83165396 0.00089330
vn 0.27124142 0.65236942 0.70770208
vn 0.38373398 0.92344272 0.00133588
vn 0.38363531 0.92348458 -0.00041363
vn 0.38317522 0.92367527 0.00086907
vn 0.38356809 0.92351245 0.00053189
vn 0.38436375 0.92318118 0.00100418
vn 0.40126885 0.91596009 -0.00064507
vn 0.66515090 0.44229370 -0.60162327
vn 0.26852197 -0.70432517 -0.65713165
vn 0.54060474 -0.51498954 0.66523101
vn 0.27132220 0.65233393 0.70770382
vn 0.27151447 0.65215133 0.70779837
vn 0.28187909 0.65109361 0.70471362
vn 0.83214512 0.55455710 0.00096360
vn 0.40157193 0.91582747 0.00016713
vn 0.72102999 -0.12072356 -0.68230607
vn 0.55238602 -0.50426337 -0.66376814
vn 0.95771507 -0.28758280 0.00883010
vn 0.96277091 -0.26397177 0.05823295
vn 0.96218104 -0.24932538 0.10974744
vn 0.71454947 -0.11942071 0.68931687
vn 0.66992359 0.43257370 0.60339239
vn 0.97749488 -0.20264370 -0.05864543
vn 0.61145160 -0.26448294 -0.74577189
vn 0.60672950 -0.30866945 -0.73253156
vn 0.96633470 -0.25526146 -0.03223088
vn 0.61352345 -0.29636218 -0.73195521
vn 0.30732121 0.69768968 0.64713429
vn 0.40540952 0.91384654 0.02297011
vn -0.57735027 0.57735027 0.57735027
vn 0.51802947 0.21090803 0.82895312
vn 0.85798481 0.35139644 0.37467668
vn 0.88772610 0.36629874 0.27886846
vn 0.80481470 0.55057251 0.22168268
vn 0.79853181 0.59981235 0.05071574
vn 0.39852068 0.91712480 -0.00796065
vn -0.57735027 0.57735027 -0.57735027
vn -0.61053431 -0.40197434 0.68239614
vn 0.58981702 0.12532715 0.79775246
vn 0.63295163 0.03811880 0.77325235
vn 0.98450828 -0.07731498 0.15737164
vn 0.95929920 0.27416269 0.06767467
vn 0.94857262 0.29003349 -0.12684858
vn 0.79924828 0.59444180 -0.08855014
vn 0.40507422 0.91394033 -0.02505886
vn 0.40363113 0.63392611 -0.65971175
vn -0.50608904 -0.49753208 -0.70451097
vn -0.69834085 -0.65635936 0.28550384
vn 0.30720102 -0.82590318 0.47277000
vn 0.03013023 -0.39919831 0.91636940
vn 0.62342680 -0.09589564 0.77597877
vn 0.98052142 -0.19567279 0.01702637
vn 0.95954069 -0.25097335 0.12764809
vn 0.98381264 -0.17351445 -0.04478207
vn 0.97415859 -0.03520125 -0.22310518
vn 0.90564697 0.29429208 -0.30527975
vn 0.17654366 -0.06807784 -0.98193571
vn 0.89836584 0.23563377 -0.37069603
vn 0.91218719 0.10824628 -0.39521800
vn 0.81130243 0.04199407 -0.58311652
vn 0.77220661 -0.10784148 -0.62615267
vn 0.55423358 -0.21687576 -0.80361063
vn 0.16825846 -0.10229292 -0.98042095
vn 0.59870466 -0.42254150 -0.68044942
vn 0.41400676 -0.64667013 -0.64063730
vn 0.30520861 -0.83430200 -0.45911641
vn 0.01789218 -0.94342339 -0.33110749
vn 0.07035815 -0.98399037 -0.16374579
vn -0.73600256 -0.64970083 -0.19023422
vn -0.70869177 -0.68581171 0.16558465
vn 0.04107634 -0.96051679 0.27517311
vn 0.47319780 -0.85973627 0.19219101
vn 0.55536675 -0.38567238 0.73676631
vn 0.33355214 -0.44338852 0.83195528
vn 0.12129586 -0.37446490 0.91927328
vn 0.66472632 -0.20934551 0.71715645
vn 0.93123129 -0.36393557 0.01895226
vn 0.93913282 -0.33777626 -0.06274342
vn 0.92676730 -0.34746876 -0.14271594
vn 0.94390675 -0.21041884 -0.25448763
vn 0.16595085 -0.08127528 -0.98277904
vn 0.86466056 -0.27109198 -0.42293174
vn 0.87959405 -0.38902490 -0.27381369
vn 0.84126578 -0.43830611 -0.31648010
vn 0.73328052 -0.59023987 -0.33751529
vn 0.40506911 -0.86214486 -0.30434398
vn 0.52885387 -0.84090928 -0.11482671
vn 0.08969489 -0.99369813 0.06722239
vn -0.71313022 -0.70056365 0.02560982
vn -0.71715926 -0.68539120 -0.12618041
vn 0.54567374 -0.83701592 0.04055271
vn 0.79084579 -0.60099773 0.11560562
vn 0.83932238 -0.52776971 0.13037283
vn 0.58677319 -0.28735584 0.75704943
vn 0.65119977 -0.25745603 0.71390143
vn 0.92652281 -0.37540758 0.02499268
vn 0.91452399 -0.40289180 0.03638779
vn 0.91703493 -0.39877946 0.00467806
vn 0.91819250 -0.39596062 -0.01173504
vn 0.91395358 -0.40491516 -0.02706577
vn 0.87579445 -0.47699763 -0.07387379
vn 0.83675476 -0.54486561 -0.05443293
vn 0.66827737 -0.70349969 -0.24185440
vn 0.84796053 -0.52988023 0.01377974
vn 0.89343930 -0.44774682 0.03590275
vn 0.89975349 -0.42316992 0.10663434
vn 0.63634663 -0.27523040 0.72063249
vn 0.91391815 -0.40589499 -0.00169337
vn 0.91256438 -0.40883677 -0.00887357
vn -0.46140069 0.68621519 0.56233274
vn 0.29129256 0.65047788 0.70144648
vn -0.55473852 0.83201135 0.00472185
vn -0.57735027 -0.57735027 0.57735027
vn 0.50466205 0.56516092 0.65261731
vn 0.66511868 0.74672508 0.00433683
vn 0.66667638 0.74534402 0.00221383
vn 0.40866198 0.91268496 0.00124730
vn -0.55503060 0.83182975 0.00055491
vn -0.57735027 -0.57735027 -0.57735027
vn 0.37936183 -0.67938501 0.62810875
vn 0.59781303 0.37642459 0.70775992
vn 0.96696833 0.25489299 0.00134467
vn 0.66405609 0.74768275 0.00014608
vn 0.40860505 0.91271129 0.00005518
vn -0.55500355 0.83184782 -0.00051060
vn 0.38461638 -0.68186829 -0.62219440
vn -0.46660796 0.67267453 -0.57426996
vn 0.54267840 -0.83964077 0.02243944
vn 0.72073642 -0.18497480 0.66807435
vn 0.73801313 0.19228663 0.64680945
vn 0.70621130 -0.03163750 -0.70729391
vn 0.73753542 0.19737526 -0.64582080
vn 0.50443946 0.56768938 -0.65059173
vn 0.97051047 -0.24102837 0.00384015
vn 0.97029891 -0.24189124 0.00294305
vn 0.97041471 -0.24144198 0.00103112
vn 0.72238080 -0.18815917 -0.66540371
vn 0.29167886 0.65081562 -0.70097252
vn -0.55039885 0.83468258 -0.01913362
vn 0.60551368 -0.32528828 -0.72631998
vn 0.52384776 -0.85147158 -0.02407650
vn 0.26584786 0.64217482 -0.71898290
vn 0.53638734 -0.84395509 -0.00533153
vn -0.72056221 -0.28912299 0.63023646
vn -0.92894289 -0.37010729 -0.00925732
vn -0.49263210 -0.77468965 0.39644617
vn -0.46218995 0.68752483 0.56008040
vn -0.92929438 -0.36913437 -0.01231956
vn -0.39246647 -0.62304388 -0.67659914
vn -0.23427778 -0.62140170 -0.74764554
vn -0.27802632 -0.89424251 0.35075875
vn -0.92933070 -0.36901290 -0.01318796
vn -0.92928136 -0.36911461 -0.01380446
vn -0.70587382 -0.29790253 -0.64264784
vn 0.26885310 0.65406838 0.70704495
vn -0.46003412 0.68964219 -0.55925151
vn -0.11125186 -0.28827327 -0.95106338
vn -0.00719915 -0.47039110 -0.88242868
vn -0.03453315 -0.90264110 0.42900642
vn 0.27085016 0.65325059 0.70703879
vn 0.27157819 0.65306158 -0.70693412
vn 0.31682730 -0.65100683 -0.68979024
vn 0.06403896 -0.89837334 0.43453925
vn 0.27143583 0.65279552 0.70723447
vn 0.27172990 0.65306988 -0.70686816
vn 0.55254866 -0.50853238 -0.66036717
vn 0.73684426 -0.67603044 0.00658732
vn 0.48626854 -0.87380421 0.00301797
vn 0.34860805 -0.63075010 0.69327248
vn 0.27153251 0.65270601 0.70727998
vn 0.27218432 0.65305863 -0.70670370
vn 0.27169525 0.65260670 0.70730912
vn 0.75608641 -0.21679665 -0.61752130
vn 0.55484134 -0.49830909 0.66621253
vn 0.39334759 -0.58539584 0.70893539
vn 0.27198956 0.65237083 0.70741359
vn 0.66510872 0.44293945 0.60119467
vn 0.38503165 0.92290293 0.00089763
vn 0.27355018 0.65270783 -0.70650038
vn 0.71699216 -0.11339920 0.68779566
vn 0.59561611 -0.28983393 0.74915802
vn 0.60369220 -0.31134457 0.73390755
vn 0.66577578 0.44181059 -0.60128696
vn -0.68092606 -0.41504489 0.60338830
vn -0.85654921 -0.51594095 -0.01133058
vn -0.19038678 -0.73703429 0.64848541
vn -0.46355113 0.68448399 0.56267398
vn -0.85497553 -0.51844609 -0.01518211
vn -0.23463503 -0.97132957 -0.03827886
vn 0.39563705 -0.68323918 0.61372270
vn -0.67683139 -0.40634390 -0.61382726
vn 0.26930788 0.65252799 0.70829407
vn -0.55431975 0.83230026 0.00242807
vn -0.22947492 -0.97034028 -0.07603295
vn 0.38597932 -0.69005789 -0.61224184
vn 0.63666487 -0.36565543 -0.67893590
vn 0.72143604 -0.33822414 -0.60426358
vn 0.72299277 -0.15136574 0.67406963
vn -0.12179861 -0.71781158 -0.68550100
vn -0.46055901 0.68889409 -0.55974131
vn 0.29091719 0.64853470 0.70339884
vn 0.40768018 0.91311967 0.00305714
vn 0.40808554 0.91293615 -0.00371073
vn 0.27090549 0.65297235 -0.70727457
vn 0.72085367 -0.14954707 -0.67676115
vn 0.97991147 -0.19942883 -0.00128498
vn 0.96888885 0.24747112 -0.00352728
vn 0.70624937 -0.02867191 0.70738232
vn 0.30699610 0.63320879 0.71049280
vn 0.66821554 0.74396139 0.00307264
vn 0.66891272 0.74333599 -0.00271545
vn 0.50716051 0.56526900 -0.65058372
vn 0.28983636 0.64854355 -0.70383673
vn 0.73831454 0.18838107 -0.64761425
vn 0.96694139 0.25496483 0.00415851
vn 0.59991112 0.37124022 -0.70872233
vn 0.73438134 0.19754003 0.64935506
vn 0.50061945 0.56569904 0.65525931
vn 0.59419564 0.37875237 0.70956196
vn 0.69522004 0.45308254 0.55801909
vn 0.64601958 -0.29868347 0.70245775
vn 0.90753083 -0.41997974 -0.00219098
vn 0.69453757 0.45243448 -0.55939307
vn -0.67024887 0.51345797 0.53584266
vn 0.63684135 -0.30899179 0.70636901
vn 0.57596218 -0.49156039 0.65317375
vn 0.64315902 -0.30186640 -0.70372094
vn -0.49264235 0.56388254 -0.66282727
vn -0.77147875 0.62362265 -0.12615597
vn -0.79379891 -0.58576779 -0.16358300
vn -0.80182610 -0.59388784 -0.06612213
vn -0.71298996 -0.16210150 0.68217917
vn 0.75904219 -0.65101437 -0.00593692
vn 0.27592784 -0.70559794 0.65268321
vn 0.63025511 -0.31985083 -0.70744183
vn -0.61886439 -0.20629449 -0.75792443
vn -0.74178501 0.63042499 -0.22873417
vn -0.77026690 -0.53776049 -0.34278646
vn -0.22958310 -0.82247418 -0.52041121
vn -0.32363031 -0.92203225 -0.21241459
vn -0.20252722 -0.97672270 -0.07067874
vn -0.62482191 -0.48005513 0.61574723
vn -0.35608199 -0.62676955 0.69308409
vn 0.56392160 -0.49525580 -0.66084349
vn 0.36431790 -0.93104254 -0.02079057
vn -0.14842649 -0.76438630 0.62744176
vn -0.37862762 -0.35909563 -0.85304833
vn -0.14300619 -0.35789674 -0.92274544
vn -0.00809202 -0.29632106 -0.95505411
vn 0.10785459 -0.36480215 -0.92481716
vn 0.18211639 -0.84854659 -0.49679200
vn 0.30577563 -0.94449514 -0.12012578
vn 0.39934565 -0.57759749 -0.71197205
vn 0.37343271 -0.57389907 -0.72882636
vn -0.60310788 -0.64800749 -0.46513136
vn 0.06927722 -0.89709364 -0.43637561
vn -0.55915453 -0.42439648 0.71220351
vn -0.57735027 0.57735027 -0.57735027
vn 0.23720545 -0.86298440 -0.44608463
vn 0.24190303 -0.67481714 0.69721213
vn 0.32639702 -0.38874256 0.86159399
vn 0.34531616 -0.19395554 0.91822546
vn 0.11600615 -0.09554953 0.98864193
vn -0.57735027 0.57735027 0.57735027
vn 0.32160402 0.74516067 -0.58421438
vn 0.37880872 -0.79997455 -0.46534361
vn 0.61614108 -0.59230444 0.51917783
vn 0.60252669 -0.36108826 0.71174212
vn 0.17153265 -0.04269339 0.98425293
vn 0.12436463 -0.07405985 0.98946884
vn 0.58152152 -0.25257446 0.77332972
vn 0.49937917 -0.07187821 0.86339676
vn 0.27071654 0.66433022 0.69669069
vn 0.75440162 0.45311983 -0.47493222
vn 0.62655413 -0.49684550 -0.60047854
vn 0.68161080 -0.33457017 -0.65074536
vn 0.86599593 -0.30836161 0.39365489
vn 0.83264620 -0.12048081 0.54054110
vn 0.78300123 0.07894081 0.61699062
vn 0.75529909 0.34331192 0.55826536
vn 0.93404927 0.11175063 0.33921050
vn 0.81300791 0.21787947 -0.53995062
vn 0.66738410 -0.30479646 -0.67948332
vn 0.67491955 -0.26606909 -0.68825202
vn 0.76133160 -0.17196226 -0.62514253
vn 0.78028996 -0.10530868 -0.61648817
vn 0.81819868 0.04879540 -0.57286118
vt 0.82282932 0.39764308
vt 0.80768717 0.36663811
vt 0.80970074 0.37569095
vt 0.81509712 0.39764308
vt 0.82137952 0.39764308
vt 0.80776773 0.36640499
vt 0.65465510 0.03595732
vt 0.65481619 0.03568535
vt 0.65771574 0.04217386
vt 0.65900443 0.04532097
vt 0.81348628 0.39220362
vt 0.66585061 0.06206676
vt 0.79761930 0.39220362
vt 0.79761930 0.39764308
vt 0.81775510 0.39764308
vt 0.80929801 0.37918775
vt 0.80672066 0.36815339
vt 0.81066725 0.37448650
vt 0.67350221 0.08537877
vt 0.76902646 0.28454100
vt 0.63459984 0.00409756
vt 0.63468038 0.00405872
vt 0.63451930 0.00417526
vt 0.64587589 0.02352426
vt 0.67108591 0.07970619
vt 0.77844999 0.39764308
vt 0.66689768 0.09462585
vt 0.81380845 0.39764308
vt 0.81211704 0.39220362
vt 0.79077312 0.34270446
vt 0.78875955 0.33291342
vt 0.65546054 0.04994452
vt 0.63653289 0.01377206
vt 0.63468038 0.02010515
vt 0.62928400 0.00910966
vt 0.61647763 0.00386447
vt 0.62364598 0.00254345
vt 0.62477357 0.00071734
vt 0.65296370 0.05460692
vt 0.62147130 0.00300969
vt 0.62880073 0.00526319
vt 0.63041159 0.00596252
vt 0.63854646 0.01373321
vt 0.65884335 0.10348441
vt 0.16865742 0.39764308
vt 0.80398219 0.39764308
vt 0.79761930 0.39220362
vt 0.77844999 0.34270446
vt 0.75525355 0.27665377
vt 0.67414656 0.10022073
vt 0.69242986 0.13546074
vt 0.71039099 0.17046759
vt 0.63661343 0.02904144
vt 0.62477357 0.02904144
vt 0.62364598 0.01377206
vt 0.65570217 0.06560241
vt 0.60560429 0.02904144
vt 0.60665136 0.01237334
vt 0.61373916 0.00386447
vt 0.60665136 0.00254345
vt 0.61051744 0.00300969
vt 0.60560429 0.00075619
vt 0.11992879 0.39764308
vt 0.79761930 0.39764308
vt 0.77844999 0.35921713
vt 0.74003091 0.27665377
vt 0.66319268 0.11160479
vt 0.64072112 0.04555409
vt 0.65860172 0.07857944
vt 0.67648231 0.11160479
vt 0.64402340 0.07857944
vt 0.62477357 0.04555409
vt 0.58643501 0.02904144
vt 0.62477357 0.06206676
vt 0.04880918 0.22711577
vt 0.02955933 0.22711577
vt 0.58643501 0.01750198
vt 0.55945304 0.02193126
vt 0.56637975 0.01711344
vt 0.57225941 0.01944464
vt 0.47681572 0.05258654
vt 0.09471878 0.18527070
vt 0.42269069 0.07014827
vt 0.55397610 0.01952234
vt 0.59537531 0.00409756
vt 0.59569747 0.00421411
vt 0.57354810 0.01579242
vt 0.59537531 0.00405872
vt 0.11566004 0.39200935
vt 0.08803372 0.39764308
vt 0.78473239 0.39764308
vt 0.77844999 0.37569095
vt 0.75920017 0.32619178
vt 0.68244250 0.16114279
vt 0.74003091 0.29316644
vt 0.06797841 0.21060309
vt 0.29841253 0.12811744
vt 0.75920017 0.34270446
vt 0.10639756 0.37569095
vt 0.06797841 0.29316644
vt 0.04880918 0.24362845
vt 0.04880918 0.26014111
vt 0.06797841 0.30967912
vt 0.04880918 0.27665377
vt 0.02955933 0.24362845
vt 0.01506159 0.22711577
vt 0.01659187 0.21693618
vt 0.02955933 0.21394447
vt 0.10639756 0.18363886
vt 0.23148114 0.13650976
vt 0.05380284 0.20123944
vt 0.04099650 0.20322095
vt 0.13611801 0.16988478
vt 0.03535844 0.20096747
vt 0.26764502 0.11914233
vt 0.58579068 0.00736124
vt 0.07667711 0.18558155
vt 0.35237647 0.08891442
vt 0.26675905 0.11887033
vt 0.17252351 0.15247850
vt 0.26780612 0.11925888
vt 0.14981032 0.16362939
vt 0.01514208 0.25726595
vt 0.07659655 0.38602594
vt 0.08054321 0.39764308
vt 0.00829590 0.24763033
vt 0.12556682 0.39764308
vt 0.10639756 0.19416814
vt 0.11267989 0.39764308
vt 0.10639756 0.39220362
vt 0.08714770 0.34270446
vt 0.08714770 0.35921713
vt 0.06797841 0.32619178
vt 0.03463354 0.27665377
vt 0.01715565 0.24362845
vt 0.00491309 0.22731004
vt 0.00008049 0.21802409
vt 0.01022899 0.21444956
vt 0.02915660 0.20559100
vt 0.02480729 0.20399803
vt 0.11944557 0.17058414
vt 0.16221397 0.15554791
vt 0.07756306 0.18589237
vt 0.02972045 0.20570757
vt 0.00604072 0.24362845
vt 0.07627438 0.38676415
vt 0.08304000 0.39764308
vt 0.05823271 0.35132990
vt 0.10639756 0.39764308
vt 0.09528256 0.39764308
vt 0.03713040 0.28970849
vt 0.08988617 0.39220362
vt 0.01933034 0.25345834
vt 0.00008049 0.22190940
vt 0.01047059 0.24362845
vt 0.00000000 0.21794639
vt 0.01039004 0.21134130
vt 0.01014843 0.21413874
vt 0.01602810 0.21153557
vt 0.00169140 0.22696035
vt 0.00169140 0.23069027
vt 0.00668506 0.24362845
vt 0.07788523 0.38357818
vt 0.01949146 0.26942705
vt 0.08489252 0.39764308
vt 0.09125541 0.39764308
vt 0.05750781 0.33641022
vt 0.07563004 0.37254383
vt 0.03978831 0.30070400
vt 0.00000000 0.22241452
vt 0.01739733 0.25944175
vt 0.00048322 0.21849033
vt 0.00048322 0.22058841
vt 0.82345786 0.39764307
vt 0.80810803 0.36564791
vt 0.82241306 0.39764307
vt 0.82016282 0.39764307
vt 0.80778654 0.36623177
vt 0.67269237 0.07072412
vt 0.73071617 0.20177972
vt 0.75177191 0.24751491
vt 0.80722400 0.36743839
vt 0.67261202 0.07087981
vt 0.80963495 0.37845376
vt 0.81429620 0.39764307
vt 0.81518022 0.39764307
vt 0.80987608 0.37569018
vt 0.81365323 0.39223270
vt 0.67486224 0.07882021
vt 0.67196909 0.06943964
vt 0.63524212 0.00346418
vt 0.64022477 0.01253340
vt 0.64810057 0.02907592
vt 0.75072715 0.24969464
vt 0.77122031 0.29640291
vt 0.67333530 0.08574860
vt 0.81260850 0.39223270
vt 0.75297738 0.26012614
vt 0.77411348 0.30967584
vt 0.79766051 0.39223270
vt 0.79766051 0.39764307
vt 0.80473270 0.39764307
vt 0.79766051 0.39764307
vt 0.67486224 0.08890143
vt 0.63789418 0.01525804
vt 0.63379554 0.00463191
vt 0.62640193 0.00124557
vt 0.62479462 0.00000000
vt 0.63516175 0.00346418
vt 0.63459919 0.00404809
vt 0.65533345 0.05001679
vt 0.63692978 0.01253340
vt 0.65814625 0.06208309
vt 0.64400194 0.06208309
vt 0.70162392 0.17764711
vt 0.74003857 0.26012614
vt 0.77845322 0.34268301
vt 0.73545774 0.22711896
vt 0.64086770 0.02907592
vt 0.75924588 0.30967584
vt 0.62479462 0.02907592
vt 0.70162392 0.19415073
vt 0.77845322 0.35918660
vt 0.77845322 0.37569018
vt 0.77845322 0.39764307
vt 0.54796532 0.39764307
vt 0.56717264 0.39223270
vt 0.56717264 0.37569018
vt 0.54796532 0.39223270
vt 0.52875799 0.39764307
vt 0.16534576 0.39764307
vt 0.62608046 0.00700624
vt 0.61651698 0.00408700
vt 0.61458821 0.00408700
vt 0.60470327 0.00151804
vt 0.62479462 0.00260786
vt 0.60381924 0.00128448
vt 0.60904300 0.00229649
vt 0.62479462 0.01253340
vt 0.68241659 0.14463994
vt 0.72083123 0.22711896
vt 0.60558729 0.02907592
vt 0.62479462 0.04557947
vt 0.64400194 0.07858667
vt 0.68241659 0.16114353
vt 0.74003857 0.29317224
vt 0.04873563 0.26012614
vt 0.10635759 0.37569018
vt 0.12556489 0.39764307
vt 0.12829732 0.39764307
vt 0.61290053 0.00463191
vt 0.59489870 0.00389234
vt 0.59489870 0.00389234
vt 0.59626491 0.00439837
vt 0.45980450 0.05320853
vt 0.41865742 0.06877795
vt 0.47113602 0.05134020
vt 0.56717264 0.01794378
vt 0.58637997 0.01444063
vt 0.60381924 0.01097645
vt 0.58637997 0.02907592
vt 0.35605279 0.11159384
vt 0.22160152 0.16114353
vt 0.08715024 0.21061537
vt 0.24080884 0.16114353
vt 0.66320927 0.12809742
vt 0.04873563 0.24362254
vt 0.02960864 0.22711896
vt 0.02960864 0.24362254
vt 0.04873563 0.27666865
vt 0.06794290 0.30967584
vt 0.10635759 0.39223270
vt 0.10635759 0.39764307
vt 0.09044521 0.39764307
vt 0.01441959 0.25681763
vt 0.49034334 0.04721430
vt 0.49982646 0.03728876
vt 0.02960864 0.20761826
vt 0.49982646 0.03728876
vt 0.26837417 0.11941749
vt 0.45795609 0.05258574
vt 0.26966002 0.11988458
vt 0.09237397 0.18438091
vt 0.18760697 0.15102343
vt 0.24080884 0.13339102
vt 0.43280173 0.06640359
vt 0.20239419 0.14857122
vt 0.47113602 0.06208309
vt 0.56717264 0.02907592
vt 0.43280173 0.07858667
vt 0.20239419 0.16114353
vt 0.16397954 0.17764711
vt 0.04873563 0.22711896
vt 0.03121598 0.21030400
vt 0.01490177 0.21555866
vt 0.01281231 0.22711896
vt 0.06794290 0.21061537
vt 0.04873563 0.21061537
vt 0.01498213 0.24362254
vt 0.04873563 0.29317224
vt 0.06794290 0.32617943
vt 0.08715024 0.35918660
vt 0.08715024 0.37569018
vt 0.08915935 0.39764307
vt 0.08473930 0.39764307
vt 0.00501687 0.24362254
vt 0.00662414 0.24588012
vt 0.26837417 0.11941749
vt 0.17346269 0.15285281
vt 0.01192829 0.21485806
vt 0.03033196 0.20458224
vt 0.17346269 0.15285281
vt 0.02776024 0.20508824
vt 0.03868995 0.20220788
vt 0.04873563 0.20049524
vt 0.10635759 0.18204549
vt 0.24080884 0.14463994
vt 0.37526012 0.09509026
vt 0.10635759 0.19415073
vt 0.06794290 0.19722569
vt 0.01152645 0.21334002
vt 0.00429355 0.22711896
vt 0.01779491 0.25635057
vt 0.03627900 0.29317224
vt 0.05403971 0.32617943
vt 0.03250177 0.27666865
vt 0.07155935 0.35918660
vt 0.07726534 0.38452583
vt 0.08273012 0.39764307
vt 0.07525616 0.37569018
vt 0.08305160 0.39764307
vt 0.00501687 0.24362254
vt 0.00244515 0.22711896
vt 0.00292734 0.22992148
vt 0.07678315 0.38565462
vt 0.08273012 0.39764307
vt 0.03724338 0.20174081
vt 0.01032095 0.21692098
vt 0.01128532 0.21334002
vt 0.00300769 0.22711896
vt 0.00557941 0.24362254
vt 0.00726704 0.24362254
vt 0.00919586 0.24362254
vt 0.03852917 0.30266959
vt 0.05661143 0.33820679
vt 0.01642869 0.25926982
vt 0.05532557 0.34089253
vt 0.07678315 0.38569355
vt 0.00252550 0.22711896
vt 0.39444037 1.00000000
vt 0.40548447 0.99540095
vt 0.40692110 0.99593160
vt 0.40647215 0.99563681
vt 0.39390162 0.99728775
vt 0.37899657 0.99728775
vt 0.37576415 0.99882079
vt 0.37684162 0.99652124
vt 0.38986110 0.99652124
vt 0.59574837 0.92865584
vt 0.92294121 0.81338492
vt 0.59655647 0.92895066
vt 0.59655647 0.92895066
vt 0.44229815 0.97818401
vt 0.96433416 0.79787788
vt 0.96020386 0.79628589
vt 0.86493720 0.82971744
vt 0.38707763 0.99528299
vt 0.38321668 0.99528299
vt 0.39991751 0.99280661
vt 0.36938910 0.99145048
vt 0.36615668 0.99428066
vt 0.36723415 0.99404483
vt 0.49392710 0.95961095
vt 0.82686649 0.84634474
vt 0.92186372 0.81297217
vt 0.97457015 0.79475288
vt 0.92294121 0.81338492
vt 0.42954805 0.97977600
vt 0.71525815 0.88036586
vt 0.99989080 0.78089681
vt 0.99037312 0.78467039
vt 0.97061944 0.79392741
vt 0.98444699 0.78248877
vt 0.94736394 0.79829063
vt 0.90588119 0.81397456
vt 0.41365531 0.98207553
vt 0.39390162 0.98696936
vt 0.39444037 0.96998829
vt 0.37522542 0.96998829
vt 0.37612330 0.98567219
vt 0.36498941 0.97965807
vt 0.36310384 0.98319578
vt 0.36157741 0.98602596
vt 0.36112847 0.98573117
vt 0.36112847 0.98579013
vt 0.97043985 0.78926941
vt 0.96289751 0.79734723
vt 0.98534488 0.78307840
vt 0.98965478 0.78732365
vt 0.89366985 0.81562550
vt 0.93209975 0.80053117
vt 0.74004004 0.86721733
vt 0.99998056 0.78095576
vt 0.99989080 0.77671048
vt 0.99629921 0.77152182
vt 0.98624278 0.77193454
vt 0.97043985 0.77193454
vt 0.97043985 0.78573169
vt 0.41365531 0.96998829
vt 0.89366985 0.80495334
vt 0.66318027 0.88744133
vt 0.56719531 0.92046010
vt 0.12561067 0.42529631
vt 0.37522542 0.95347889
vt 0.95122488 0.77193454
vt 0.95122488 0.73891577
vt 0.93209975 0.68944657
vt 0.83602499 0.49133388
vt 0.35888372 0.95347889
vt 0.36301404 0.96998829
vt 0.29845541 0.80495334
vt 0.12561067 0.44180571
vt 0.27924046 0.77193454
vt 0.34658256 0.94498833
vt 0.28444825 0.80495334
vt 0.28705214 0.81739434
vt 0.34496636 0.94846712
vt 0.32682889 0.91303090
vt 0.35367593 0.96998829
vt 0.15416373 0.54958845
vt 0.15416373 0.54958845
vt 0.09427416 0.42246613
vt 0.11591342 0.46668771
vt 0.09535161 0.42016661
vt 0.09292731 0.40878691
vt 0.12875331 0.39764308
vt 0.99360552 0.77193454
vt 0.99962141 0.78054301
vt 0.99998056 0.77600294
vt 0.99863375 0.76774824
vt 0.99136078 0.75542517
vt 0.98175333 0.74304312
vt 0.98426743 0.75542517
vt 0.97043985 0.75542517
vt 0.93209975 0.78844394
vt 0.95122488 0.72240639
vt 0.70161015 0.87099091
vt 0.12561067 0.40878691
vt 0.10639574 0.39764308
vt 0.79759513 0.40878691
vt 0.85523995 0.52435266
vt 0.10639574 0.40878691
vt 0.26873509 0.78219395
vt 0.21171879 0.66521314
vt 0.25068740 0.74681670
vt 0.11043624 0.44180571
vt 0.11600319 0.46651083
vt 0.09427416 0.42252508
vt 0.11546447 0.46769007
vt 0.08269132 0.39764308
vt 0.08798887 0.40878691
vt 0.08305047 0.39764308
vt 0.08475647 0.39764308
vt 0.09050297 0.39764308
vt 0.16511806 0.39764308
vt 0.99333616 0.76597940
vt 0.99962141 0.77806663
vt 0.99414426 0.75542517
vt 0.99279742 0.75542517
vt 0.98085543 0.72895118
vt 0.98363888 0.73809030
vt 0.97905963 0.73201721
vt 0.96155070 0.69616825
vt 0.96343626 0.70589699
vt 0.95122488 0.70589699
vt 0.90749743 0.59039022
vt 0.81681006 0.42529631
vt 0.85523995 0.50784326
vt 0.89366985 0.59039022
vt 0.83602499 0.47482449
vt 0.81681006 0.44180571
vt 0.12561067 0.39764308
vt 0.08915616 0.39764308
vt 0.79759513 0.39764308
vt 0.77846994 0.39764308
vt 0.09301711 0.40878691
vt 0.15236793 0.53732432
vt 0.13414066 0.50188809
vt 0.09544141 0.42016661
vt 0.08278108 0.39764308
vt 0.54798036 0.39764308
vt 0.85407270 0.51179373
vt 0.94215614 0.64711178
vt 0.86475764 0.48319711
vt 0.90345689 0.56521340
vt 0.92859795 0.63113303
vt 0.82830310 0.41297324
vt 0.84662017 0.44805570
vt 0.82345449 0.39764308
vt 0.84724867 0.44675853
vt 0.84662017 0.44805570
vt 0.84572227 0.44976559
vt 0.86628404 0.49616877
vt 0.90489353 0.57830299
vt 0.83009889 0.42529631
vt 0.85137901 0.47482449
vt 0.81429592 0.39764308
vt 0.11357888 0.45554388
vt 0.79759513 0.39764308
vt 0.86359035 0.51745409
vt 0.82902140 0.41138125
vt 0.92509616 0.62441137
vt 0.81519382 0.39764308
vt 0.82013226 0.39764308
vt 0.86852879 0.52570879
vt 0.86538615 0.52040220
vt 0.82237700 0.39764308
vt 0.82758479 0.41432937
vt 0.80468848 0.39764308
vt 0.08051185 0.39764308
vt 0.09470748 0.42152398
vt 0.08803750 0.39764308
vt 0.08301308 0.39764308
vt 0.11493679 0.46868762
vt 0.15366207 0.55059130
vt 0.19238738 0.63244898
vt 0.23109072 0.71426063
vt 0.23109072 0.71426063
vt 0.13213828 0.50586638
vt 0.15405700 0.54980908
vt 0.11539755 0.46767532
vt 0.09159190 0.40877829
vt 0.13330110 0.50342766
vt 0.12856194 0.40923844
vt 0.12373500 0.39764308
vt 0.08487803 0.39764308
vt 0.09611167 0.41862514
vt 0.11645069 0.46583479
vt 0.15482493 0.54838266
vt 0.19319916 0.63102257
vt 0.28829007 0.83076635
vt 0.30465781 0.86771501
vt 0.30465781 0.86633462
vt 0.22808485 0.70703654
vt 0.23170506 0.71329435
vt 0.28866306 0.82993807
vt 0.24976224 0.74849454
vt 0.21081753 0.66691295
vt 0.12860582 0.40933045
vt 0.22878695 0.70229718
vt 0.20833825 0.65637589
vt 0.16579526 0.39764308
vt 0.09119696 0.39764308
vt 0.09396150 0.40877829
vt 0.11412498 0.45483761
vt 0.13442011 0.50131106
vt 0.17275046 0.58399696
vt 0.21119052 0.66626876
vt 0.24971835 0.74849454
vt 0.30465781 0.85897249
vt 0.30465781 0.86384991
vt 0.30465781 0.85648778
vt 0.28657870 0.82142563
vt 0.16838428 0.49160225
vt 0.30417511 0.85446318
vt 0.30439453 0.77209938
vt 0.30465781 0.39764308
vt 0.17540528 0.41563427
vt 0.09525598 0.39764308
vt 0.27916275 0.77191529
vt 0.29836084 0.82142563
vt 0.18804312 0.60686558
vt 0.13226990 0.49132616
vt 0.19080765 0.61997937
vt 0.30362661 0.85446318
vt 0.30465781 0.85579757
vt 0.30465781 0.77260550
vt 0.30465781 0.39764308
vt 0.30465781 0.67395297
vt 0.10635796 0.39764308
vt 0.10635796 0.40877829
vt 0.20234842 0.60686558
vt 0.24076656 0.68936744
vt 0.29836084 0.80495287
vt 0.30465781 0.82685520
vt 0.30465781 0.84300587
vt 0.30465781 0.85446318
vt 0.22654900 0.68936744
vt 0.26626164 0.39764308
vt 0.30465781 0.63985712
vt 0.12555607 0.44176984
vt 0.11265496 0.39764308
vt 0.14475414 0.47480739
vt 0.27916275 0.75539654
vt 0.29836084 0.78843408
vt 0.30465781 0.81033641
vt 0.24704159 0.39764308
vt 0.30465781 0.77191529
vt 0.29836084 0.77191529
vt 0.27916275 0.73887775
vt 0.20234842 0.39764308
vt 0.20864541 0.39764308
vt 0.12555607 0.39764308
vt 0.12555607 0.40877829
vt 0.12555607 0.42529708
vt 0.20234842 0.59034681
vt 0.30465781 0.79381766
vt 0.30465781 0.77729887
vt 0.18317229 0.39764308
vt 0.30465781 0.77257082
vt 0.30465781 0.76567053
vt 0.30440985 0.77209365
vt 0.30465781 0.67394811
vt 0.30465781 0.68393151
vt 0.30106239 0.75814630
vt 0.12855318 0.40924143
vt 0.12858862 0.40931483
vt 0.16824445 0.49131078
vt 0.17539989 0.41562786
vt 0.16468449 0.39767977
vt 0.12924395 0.39767977
vt 0.12371797 0.39767977
vt 0.16578258 0.39767977
vt 0.30188995 0.75987429
vt 0.30188995 0.68002645
vt 0.30188995 0.76541828
vt 0.13597777 0.41179104
vt 0.30188995 0.67790246
vt 0.16468683 0.39764307
vt 0.30188995 0.67876646
vt 0.26526175 0.68848643
vt 0.13002567 0.39929907
vt 0.30188995 0.67757845
vt 0.12924563 0.39764307
vt 0.16494118 0.39764307
vt 0.17450522 0.41603904
vt 0.29251245 0.65709450
vt 0.30188995 0.67793845
vt 0.13221321 0.40606705
vt 0.30188995 0.67768646
vt 0.12866908 0.39764307
vt 0.16509378 0.39764307
vt 0.30465783 0.39764308
vt 0.81697581 0.50816270
vt 0.83603371 0.50328079
vt 0.33685213 0.39764308
vt 0.30465783 0.39764308
vt 0.30465783 0.66720744
vt 0.85699743 0.50763333
vt 0.77845155 0.39764308
vt 0.78471345 0.39764308
vt 0.79764560 0.42528769
vt 0.30465783 0.64526821
vt 0.30465783 0.78913781
vt 0.85754198 0.50786861
vt 0.79764560 0.40875975
vt 0.79764560 0.39764308
vt 0.79764560 0.39764308
vt 0.79764560 0.40875975
vt 0.83603371 0.49134067
vt 0.85522780 0.54086569
vt 0.39443429 0.97000415
vt 0.30465783 0.77731534
vt 0.30465783 0.85442616
vt 0.35454876 0.97000415
vt 0.86591384 0.51427981
vt 0.81513805 0.39764308
vt 0.87149510 0.52116156
vt 0.80404366 0.39764308
vt 0.81683969 0.42528769
vt 0.83603371 0.47481272
vt 0.81683969 0.44181563
vt 0.85522780 0.52433774
vt 0.95126616 0.73890696
vt 0.95126616 0.75537608
vt 0.95126616 0.77190405
vt 0.97046017 0.77190405
vt 0.41362834 0.97000415
vt 0.39443429 0.98653208
vt 0.37524024 0.97000415
vt 0.37524024 0.95353501
vt 0.37524024 0.93700704
vt 0.31758998 0.82142906
vt 0.30465783 0.79378445
vt 0.30465783 0.85648477
vt 0.30676783 0.86548397
vt 0.36087872 0.98629681
vt 0.82820636 0.41322995
vt 0.82282932 0.39764308
vt 0.87292443 0.52386719
vt 0.81384485 0.39764308
vt 0.83603371 0.45828476
vt 0.85522780 0.50780979
vt 0.97046017 0.75537608
vt 0.95126616 0.72237902
vt 0.93207207 0.68944075
vt 0.98829299 0.77190405
vt 0.98584263 0.78425590
vt 0.97018793 0.78925545
vt 0.95126616 0.78843198
vt 0.93207207 0.78843198
vt 0.56724887 0.92047911
vt 0.43282241 0.97000415
vt 0.89368396 0.81789996
vt 0.47127858 0.96618094
vt 0.41185868 0.98682616
vt 0.39443429 0.99611947
vt 0.37986859 0.99647241
vt 0.37415121 0.98753199
vt 0.36312484 0.98270888
vt 0.36006196 0.97000415
vt 0.35604618 0.93700704
vt 0.31758998 0.85442616
vt 0.33685213 0.88748203
vt 0.31758998 0.83795702
vt 0.35604618 0.92047911
vt 0.30465783 0.81031241
vt 0.30465783 0.86630746
vt 0.34393078 0.95053527
vt 0.35318749 0.97000415
vt 0.36115099 0.98617917
vt 0.36611965 0.99441374
vt 0.36605159 0.99453138
vt 0.30465783 0.86760144
vt 0.30465783 0.86766025
vt 0.84624333 0.44875621
vt 0.99258098 0.75537608
vt 0.90328097 0.56562820
vt 0.90328097 0.56562820
vt 0.84637945 0.44852094
vt 0.82861476 0.41234765
vt 0.82133189 0.39764308
vt 0.81772451 0.39764308
vt 0.82738961 0.41493568
vt 0.82977185 0.42528769
vt 0.85134814 0.47481272
vt 0.95126616 0.70585107
vt 0.97046017 0.73890696
vt 0.98584263 0.75537608
vt 1.00000000 0.78102088
vt 0.99789000 0.77160994
vt 0.99121971 0.78602043
vt 0.97570114 0.79507846
vt 0.96351764 0.79754882
vt 0.95126616 0.79960746
vt 0.93207207 0.80290128
vt 0.66321916 0.88748203
vt 0.43282241 0.98135606
vt 0.40430357 0.99488429
vt 0.39443429 0.99853102
vt 0.37646538 0.99800167
vt 0.36686836 0.99382555
vt 0.36149129 0.98559098
vt 0.34495175 0.94853546
vt 0.34243336 0.93700704
vt 0.30465783 0.85583778
vt 0.30465783 0.85442616
vt 0.30465783 0.84295657
vt 0.30465783 0.82684035
vt 0.32705091 0.91259745
vt 0.35366395 0.97000415
vt 0.37571669 0.99811928
vt 0.37238154 0.99629588
vt 0.30465783 0.86383707
vt 0.99475904 0.77266868
vt 0.99938739 0.77960923
vt 0.99829836 0.76908078
vt 0.99339777 0.75537608
vt 0.94200945 0.64750330
vt 0.98060173 0.72955485
vt 0.98012531 0.73049594
vt 0.84583497 0.44969728
vt 0.84767266 0.45828476
vt 0.86890865 0.50780979
vt 0.96453861 0.70585107
vt 0.98203106 0.73890696
vt 1.00000000 0.77696240
vt 0.99986388 0.78090324
vt 0.98965426 0.78725564
vt 0.99264904 0.75537608
vt 0.97495241 0.79478438
vt 0.92376827 0.81360624
vt 0.92376827 0.81360624
vt 0.40546066 0.99529598
vt 0.82684506 0.84630920
vt 0.40559680 0.99535484
vt 0.39599977 0.99782520
vt 0.30635943 0.86636626
vt 0.30465783 0.85895516
vt 0.39143948 0.99700176
vt 0.37564861 0.99700176
vt 0.98761232 0.78325596
vt 0.99938739 0.78025625
vt 0.99986388 0.77731534
vt 0.96208831 0.69508732
vt 0.97522465 0.78878490
vt 0.96991569 0.79096118
vt 0.96256473 0.79725474
vt 0.96535540 0.79819584
vt 0.40573292 0.99200218
vt 0.39770136 0.99482543
vt 0.50075031 0.96200485
vt 0.50075031 0.96200485
vt 0.85386649 0.83242809
vt 0.73897442 0.87342445
vt 0.48591235 0.96353411
vt 0.06246383 0.26335636
vt 0.10136960 0.26335636
vt 0.06294733 0.26335636
vt 0.05373814 0.26917948
vt 0.06915428 0.30092404
vt 0.11428946 0.36936873
vt 0.13895973 0.34163332
vt 0.14328886 0.33424597
vt 0.11156830 0.26917948
vt 0.10064996 0.26335636
vt 0.10956678 0.38121215
vt 0.12828877 0.39764308
vt 0.15708577 0.37952962
vt 0.16389991 0.38558935
vt 0.16287668 0.39222745
vt 0.16527172 0.39764308
vt 0.11561629 0.39203028
vt 0.11988916 0.39764308
vt 0.16861133 0.39764308
vt 0.90046325 0.67100518
vt 0.95438428 0.67100518
vt 0.90046325 0.67100518
vt 0.90046325 0.81413093
vt 0.94510923 0.67447999
vt 0.94284279 0.67100518
vt 0.99247669 0.75542343
vt 0.99244029 0.75542343
vt 0.99238569 0.75542343
vt 0.90046325 0.81410291
vt 0.90046325 0.81411690
vt 0.90319389 0.81316414
vt 0.99335962 0.77049963
vt 0.99344152 0.77192878
vt 0.90066351 0.81403283
vt 0.97051326 0.78921878
vt 0.97051326 0.78921878
vt 0.99344152 0.77192878
vt 0.98540436 0.78306780
vt 0.98533153 0.78306780
vt 0.13132283 0.23412989
vt 0.11157819 0.26917471
vt 0.00362737 0.23412989
vt 0.11493363 0.23412989
vt 0.10341487 0.26917471
vt 0.05374649 0.26917471
vt 0.00601878 0.24365608
vt 0.00358980 0.23412989
vt 0.00351470 0.23412989
vt 0.06661745 0.26917471
vt 0.04684777 0.26913354
vt 0.00827245 0.24765247
vt 0.00588104 0.24365608
vt 0.00348967 0.23412989
vt 0.00341454 0.23412989
vt 0.00387781 0.23608863
vt 0.02953206 0.26021798
vt 0.02953206 0.26382331
vt 0.02151901 0.25819061
vt 0.01473296 0.25645141
vt 0.00573081 0.24365608
vt 0.01512110 0.25727813
vt 0.00548041 0.24365608
vt 0.00549291 0.24365608
vt 0.01047602 0.25057517
vt 0.11708380 0.23423433
vt 0.00354873 0.23423433
vt 0.10135398 0.26335353
vt 0.10064199 0.26335353
vt 0.11466980 0.23423433
vt 0.00344860 0.23423433
vt 0.00499489 0.24365850
vt 0.06245212 0.26335353
vt 0.06293050 0.26335353
vt 0.00353761 0.23423433
vt 0.00348198 0.23423433
vt 0.00547323 0.24365850
vt 0.00543989 0.24365850
vt 0.00535088 0.24365850
vt 0.00657455 0.24588484
vt 0.02953519 0.26110722
vt 0.02953519 0.26027198
vt 0.02953519 0.26021783
vt 0.00388248 0.23608722
vt 0.01472871 0.25645214
vt 0.01471758 0.25648349
vt 0.01441722 0.25685409
vt 0.01440609 0.25684553
vt 0.02698775 0.26042022
vt 0.02152567 0.25819102
vt 0.67490633 0.08889641
vt 0.67486901 0.07877956
vt 0.66342356 0.09363604
vt 0.65563569 0.08819215
vt 0.67432163 0.08818262
vt 0.67357518 0.07310727
vt 0.67357518 0.06918615
vt 0.67271677 0.07069941
vt 0.67357518 0.06918615
vt 0.66000236 0.09482567
vt 0.64404095 0.09277948
vt 0.64932824 0.09071423
vt 0.65821091 0.08298620
vt 0.66008944 0.07856066
vt 0.65976601 0.06962396
vt 0.65944253 0.06205773
vt 0.66251540 0.06205773
vt 0.65364517 0.04645894
vt 0.65186615 0.04198582
vt 0.64870622 0.03497158
vt 0.64600659 0.02904233
vt 0.64182650 0.02140950
vt 0.63819382 0.01485208
vt 0.63816894 0.01473787
vt 0.63815649 0.01463319
vt 0.67198278 0.06939554
vt 0.65323463 0.03792194
vt 0.63796989 0.01525181
vt 0.64340647 0.10023147
vt 0.62484494 0.09577739
vt 0.63364052 0.09336953
vt 0.63360320 0.01106421
vt 0.62888818 0.00637220
vt 0.63801965 0.01512810
vt 0.62611390 0.00700033
vt 0.62704695 0.00680999
vt 0.62673593 0.00687661
vt 0.62474542 0.10074542
vt 0.54781211 0.08336689
vt 0.62484494 0.09383589
vt 0.62789292 0.00660063
vt 0.62815417 0.00648642
vt 0.62269271 0.00499220
vt 0.61928396 0.00351702
vt 0.61744273 0.00389771
vt 0.61650968 0.00405948
vt 0.61713171 0.00395481
vt 0.54781211 0.08411876
vt 0.54781211 0.02646316
vt 0.61828870 0.00370737
vt 0.61308848 0.00351702
vt 0.61412106 0.00389771
vt 0.61459381 0.00405948
vt 0.61428279 0.00395481
vt 0.54781211 0.02736730
vt 0.54781211 0.02646316
vt 0.58644050 0.01296767
vt 0.61349903 0.00370737
vt 0.60831126 0.00542998
vt 0.60390725 0.00693374
vt 0.54781211 0.02650121
vt 0.54781211 0.02715791
vt 0.54781211 0.02723404
vt 0.55038734 0.02646316
vt 0.00219756 0.22713386
vt 0.00176836 0.22713386
vt 0.00353273 0.23412989
vt 0.01144864 0.21458160
vt 0.01016113 0.21415704
vt 0.00167300 0.22696773
vt 0.00343737 0.23412989
vt 0.11497525 0.23412989
vt 0.02117662 0.21046520
vt 0.02966475 0.20572118
vt 0.01602652 0.21153584
vt 0.00362813 0.23412989
vt 0.00353273 0.23412989
vt 0.00343737 0.23412989
vt 0.13133162 0.23412989
vt 0.14554208 0.23065957
vt 0.16399661 0.22523257
vt 0.20224090 0.21280951
vt 0.48883464 0.11477274
vt 0.48883464 0.10303269
vt 0.02956939 0.20699488
vt 0.14978615 0.16357885
vt 0.48883464 0.04555078
vt 0.48883464 0.04686138
vt 0.11710001 0.23423430
vt 0.11469559 0.23423430
vt 0.15541047 0.22117689
vt 0.00355787 0.23423430
vt 0.00355787 0.23423430
vt 0.54781211 0.08338259
vt 0.54781211 0.08413512
vt 0.00248924 0.22713611
vt 0.00195492 0.22713611
vt 0.00345101 0.23423430
vt 0.00350444 0.23423430
vt 0.00222208 0.22713611
vt 0.54781211 0.02645474
vt 0.54781211 0.02736998
vt 0.01189319 0.21487190
vt 0.01125201 0.21460752
vt 0.01146574 0.21458718
vt 0.54781211 0.02716659
vt 0.49037315 0.04632559
vt 0.49037315 0.04648831
vt 0.54781211 0.02724795
vt 0.49357904 0.04610186
vt 0.02957904 0.20700088
vt 0.02119028 0.21045844
vt 0.02957904 0.20763137
vt 0.49037315 0.04709846
vt 0.48883464 0.04687006
vt 0.48883464 0.10301111
vt 0.49042259 0.04631385
vt 0.48883464 0.04683104
vt 0.48883464 0.10301111
vt 0.62483964 0.09732186
vt 0.62483964 0.09701936
vt 0.62483964 0.09537017
vt 0.62483964 0.09489200
vt 0.64403459 0.09278415
vt 0.49042259 0.04627479
vt 0.58643227 0.01296882
vt 0.60328893 0.00680140
vt 0.60314933 0.00676234
vt 0.48883464 0.04636261
vt 0.48883464 0.10300134
vt 0.64403459 0.09343796
vt 0.64403459 0.09378928
vt 0.64403459 0.09387710
vt 0.64403459 0.09354529
vt 0.48883464 0.10296232
vt 0.48883464 0.10268908
vt 0.48886954 0.10267934
vt 0.64403459 0.09330134
vt 0.64933938 0.09070555
vt 0.49042259 0.04580640
vt 0.60280034 0.00663549
vt 0.60389968 0.00693802
vt 0.60358558 0.00689896
vt 0.61318306 0.00359082
vt 0.61288641 0.00350297
vt 0.61274681 0.00346395
vt 0.61239781 0.00332733
vt 0.48883464 0.04631385
vt 0.65541195 0.08791460
vt 0.65570861 0.08797317
vt 0.65567372 0.08817810
vt 0.65562135 0.08818784
vt 0.48883464 0.04689935
vt 0.58643227 0.01225644
vt 0.60278288 0.00658670
vt 0.60829707 0.00543518
vt 0.61349716 0.00370790
vt 0.61841805 0.00359082
vt 0.61306091 0.00354206
vt 0.61955230 0.00332733
vt 0.61243271 0.00333713
vt 0.61238036 0.00333713
vt 0.60278288 0.00658670
vt 0.49042259 0.04571857
vt 0.48883464 0.04627479
vt 0.66195570 0.07856589
vt 0.66432889 0.07856589
vt 0.65820396 0.08298652
vt 0.48883464 0.04627479
vt 0.58643227 0.01225644
vt 0.61829590 0.00370790
vt 0.61901135 0.00350297
vt 0.61861000 0.00354206
vt 0.61974425 0.00333713
vt 0.61974425 0.00333713
vt 0.61918585 0.00346395
vt 0.62934173 0.00629395
vt 0.61232801 0.00335661
vt 0.49042259 0.04571857
vt 0.66420673 0.06205439
vt 0.66710344 0.06205439
vt 0.66043754 0.07856589
vt 0.66008855 0.07856589
vt 0.62269329 0.00498630
vt 0.62789337 0.00659647
vt 0.62930682 0.00628418
vt 0.62939408 0.00634274
vt 0.62862627 0.00656718
vt 0.63359951 0.01106590
vt 0.63818886 0.01485220
vt 0.63855531 0.01454968
vt 0.63855531 0.01454968
vt 0.65865764 0.04548436
vt 0.65869257 0.04555267
vt 0.65944291 0.06205439
vt 0.65975701 0.06962706
vt 0.65466161 0.03596000
vt 0.65466161 0.03595023
vt 0.65926840 0.04555267
vt 0.64600643 0.02904117
vt 0.64869372 0.03497439
vt 0.65185216 0.04198104
vt 0.65364952 0.04646021
vt 0.64181844 0.02140997
vt 0.65443476 0.03625275
vt 0.65413811 0.03664310
vt 0.35385934 0.89131395
vt 0.35385934 0.86926153
vt 0.31892939 0.82049994
vt 0.35385934 0.66261810
vt 0.35385934 0.67719284
vt 0.30465781 0.76569355
vt 0.31836586 0.81931338
vt 0.30465781 0.66718530
vt 0.30465781 0.68397648
vt 0.30465781 0.78917881
vt 0.73320250 0.54899207
vt 0.73320250 0.54918770
vt 0.76590532 0.48036321
vt 0.76700051 0.48134139
vt 0.77848723 0.47883726
vt 0.77970977 0.49241434
vt 0.77998994 0.52942854
vt 0.73320250 0.87386401
vt 0.73320250 0.54934421
vt 0.76613455 0.48048059
vt 0.77848723 0.47441589
vt 0.77848723 0.47425939
vt 0.79392174 0.47915028
vt 0.83609923 0.51029541
vt 0.82463795 0.51166486
vt 0.82010437 0.51334731
vt 0.97050169 0.78895830
vt 0.97050169 0.78911481
vt 0.73320250 0.87390315
vt 0.73320250 0.54997025
vt 0.76651659 0.48079360
vt 0.76913993 0.47950241
vt 0.77848723 0.47496368
vt 0.79720730 0.47723305
vt 0.79715638 0.47699828
vt 0.79690168 0.47695915
vt 0.85430988 0.51162573
vt 0.84287408 0.51072581
vt 0.98507024 0.78289360
vt 0.98507024 0.78293272
vt 0.98519757 0.78301101
vt 0.98211578 0.78426307
vt 0.97050169 0.78907567
vt 0.73320250 0.87394227
vt 0.86182340 0.51612534
vt 0.86383550 0.51733828
vt 0.86388642 0.51729915
vt 0.86391190 0.51726002
vt 0.86388642 0.51726002
vt 0.86037165 0.51518629
vt 0.98805015 0.77886352
vt 0.99314407 0.77193802
vt 0.99316952 0.77193802
vt 0.99329688 0.77193802
vt 0.99337328 0.77193802
vt 0.98522305 0.78297186
vt 0.86849641 0.52559409
vt 0.86852185 0.52555496
vt 0.86854733 0.52551583
vt 0.86859829 0.52551583
vt 0.99248184 0.75542641
vt 0.99243092 0.75542641
vt 0.99258373 0.75542641
vt 0.58642691 0.11715846
vt 0.60563898 0.11671141
vt 0.48887069 0.10268533
vt 0.57683890 0.11710258
vt 0.62483303 0.11502381
vt 0.62483303 0.09732076
vt 0.48883464 0.04690510
vt 0.48883464 0.10289767
vt 0.48883464 0.11475559
vt 0.53879323 0.11646554
vt 0.54803882 0.11670025
vt 0.55771694 0.11690140
vt 0.64328815 0.11211803
vt 0.64393696 0.09345381
vt 0.48883464 0.04627922
vt 0.48883464 0.04555279
vt 0.65280407 0.10703287
vt 0.65539931 0.08791044
vt 0.64404510 0.09343146
vt 0.49042063 0.04572043
vt 0.49042063 0.04499397
vt 0.65885966 0.10345648
vt 0.67295332 0.08693811
vt 0.65545340 0.08785456
vt 0.57359484 0.01577949
vt 0.58651702 0.01222545
vt 0.66693377 0.09458260
vt 0.67295332 0.08693811
vt 0.67295332 0.08643518
vt 0.66421236 0.06204879
vt 0.66195955 0.07856716
vt 0.58684143 0.01117488
vt 0.60277339 0.00658150
vt 0.67113304 0.07969595
vt 0.67295332 0.08643518
vt 0.66599660 0.06204879
vt 0.65866142 0.04548572
vt 0.61052310 0.00299393
vt 0.61232535 0.00336275
vt 0.66587044 0.06204879
vt 0.65949045 0.04555279
vt 0.65466041 0.03595245
vt 0.61499270 0.00298277
vt 0.61243350 0.00334043
vt 0.65777831 0.04214405
vt 0.65487667 0.03568423
vt 0.65498481 0.03552777
vt 0.63856623 0.01418127
vt 0.63854821 0.01455009
vt 0.62149885 0.00298277
vt 0.61975066 0.00334043
vt 0.64586539 0.02352455
vt 0.63856623 0.01373425
vt 0.63027585 0.00588858
vt 0.62989737 0.00592211
vt 0.62939274 0.00633563
vt 0.62879799 0.00526272
vt 0.62930263 0.00627975
vt 0.63047409 0.00595562
vt 0.73317706 0.53818867
vt 0.73317706 0.54896628
vt 0.76109083 0.52591819
vt 0.73317706 0.87520776
vt 0.77999022 0.52945004
vt 0.73317706 0.87386058
vt 0.82009383 0.51332002
vt 0.82462662 0.51164513
vt 0.81702076 0.50814968
vt 0.73899028 0.87342363
vt 0.73317706 0.87389698
vt 0.73427824 0.87349645
vt 0.83609944 0.51029792
vt 0.83609944 0.50323422
vt 0.85389767 0.83242499
vt 0.96993183 0.79095300
vt 0.97049520 0.78895039
vt 0.84288579 0.51073486
vt 0.85707318 0.50760352
vt 0.85433303 0.51164513
vt 0.97525851 0.78876834
vt 0.98509232 0.78290618
vt 0.85755973 0.50785839
vt 0.86393635 0.51725241
vt 0.98765322 0.78323388
vt 0.99315915 0.77191010
vt 0.86593386 0.51423030
vt 0.86859719 0.52551767
vt 0.87154221 0.52118477
vt 0.99477250 0.77271115
vt 0.99244211 0.75541599
vt 0.87295073 0.52384278
vt 0.99259575 0.75541599
vt 0.36692819 0.67303522
vt 0.36692819 0.67303522
vt 0.36692819 0.67337458
vt 0.54800886 0.61160925
vt 0.54800886 0.61156683
vt 0.36692819 0.99357023
vt 0.36692819 0.67367154
vt 0.54855545 0.61203345
vt 0.56720367 0.60550059
vt 0.56720367 0.60520364
vt 0.36692819 0.67384124
vt 0.56720367 0.60516122
vt 0.36731403 0.99403686
vt 0.36692819 0.99420654
vt 0.53958501 0.61551200
vt 0.56720367 0.60999723
vt 0.57411638 0.60770649
vt 0.56720367 0.60592480
vt 0.36692819 0.67723492
vt 0.63662008 0.58280521
vt 0.63594487 0.58259311
vt 0.57029027 0.60414310
vt 0.36933960 0.99458832
vt 0.36692819 0.99433380
vt 0.66941523 0.57682382
vt 0.69539413 0.56443681
vt 0.69539413 0.56405501
vt 0.36692819 0.99369749
vt 0.69539413 0.56388533
vt 0.69539413 0.56363081
vt 0.69539413 0.56324901
vt 0.37689534 0.99653972
vt 0.37634877 0.99662456
vt 0.36692819 0.99454593
vt 0.69539413 0.56893346
vt 0.36692819 0.99420654
vt 0.36721757 0.99407928
vt 0.69539413 0.88747465
vt 0.39007771 0.99653972
vt 0.39014201 0.99662456
vt 0.37599509 0.99658211
vt 0.36692819 0.99454593
vt 0.69539413 0.88751710
vt 0.37679889 0.99649732
vt 0.69539413 0.88751710
vt 0.52665986 0.94792496
vt 0.39210329 0.99586099
vt 0.39975549 0.99327326
vt 0.38994909 0.99658211
vt 0.39965904 0.99327326
vt 0.39969119 0.99327326
vt 0.37644521 0.99653972
vt 0.49386471 0.95963324
vt 0.66304911 0.89909810
vt 0.38982049 0.99649732
vt 0.52665986 0.94792496
vt 0.46714631 0.96922042
vt 0.41065506 0.98937053
vt 0.44209981 0.97817132
vt 0.44209981 0.97817132
vt 0.39949827 0.99314603
vt 0.38988479 0.99653972
vt 0.40856517 0.98987957
vt 0.39943397 0.99310358
vt 0.35386414 0.66263447
vt 0.35386414 0.67723244
vt 0.35791124 0.65814278
vt 0.35386414 0.89130604
vt 0.35386414 0.86925188
vt 0.54801324 0.61156402
vt 0.56720909 0.60514093
vt 0.73317704 0.54998306
vt 0.66452497 0.55847234
vt 0.35449535 0.97000034
vt 0.35419831 0.97000034
vt 0.35419831 0.97000034
vt 0.73317704 0.53816993
vt 0.72077585 0.54117936
vt 0.73317704 0.87392323
vt 0.36088159 0.98630513
vt 0.36080733 0.98639496
vt 0.36084446 0.98643989
vt 0.36091872 0.98599072
vt 0.35564636 0.97336911
vt 0.73317704 0.87518090
vt 0.71201333 0.88151417
vt 0.71802828 0.88088533
vt 0.36604256 0.99452491
vt 0.36593118 0.99465967
vt 0.36555989 0.99483936
vt 0.36177268 0.98814674
vt 0.36177268 0.98805688
vt 0.36099298 0.98576613
vt 0.58053850 0.92863193
vt 0.49399011 0.95962456
vt 0.44212048 0.97817519
vt 0.48585880 0.96357724
vt 0.37235454 0.99632162
vt 0.36555989 0.99483936
vt 0.36589404 0.99227908
vt 0.42849403 0.98302619
vt 0.41360519 0.98832640
vt 0.39968170 0.99326724
vt 0.40101836 0.99367149
vt 0.37565905 0.99704026
vt 0.37640163 0.99668094
vt 0.37692144 0.99654621
vt 0.36934707 0.99456984
vt 0.36730496 0.99403083
vt 0.39210732 0.99587244
vt 0.39140186 0.99704026
vt 0.39771384 0.99483936
vt 0.39006521 0.99654621
vt 0.36692820 0.89680645
vt 0.36692184 0.89937685
vt 0.35936062 0.88805384
vt 0.34139321 0.85277740
vt 0.36600533 0.89487867
vt 0.36692184 0.67300502
vt 0.36692184 0.67338173
vt 0.36692184 0.67353683
vt 0.36692184 0.67366978
vt 0.36692184 0.67384705
vt 0.36692184 0.67721515
vt 0.36517155 0.89312813
vt 0.30334530 0.77070211
vt 0.30191324 0.75991089
vt 0.30584661 0.76819818
vt 0.30191324 0.68007360
vt 0.30191324 0.67792422
vt 0.30191324 0.67761401
vt 0.30191324 0.67794639
vt 0.30191324 0.67878842
vt 0.30191324 0.76542837
vt 0.36692694 0.94667029
vt 0.36235289 0.95079788
vt 0.36692694 0.99370602
vt 0.36692694 0.94790857
vt 0.35935804 0.95373879
vt 0.35878004 0.95539920
vt 0.36112324 0.98583547
vt 0.36692694 0.99420789
vt 0.36692694 0.94794140
vt 0.35776386 0.95890297
vt 0.35877879 0.95538043
vt 0.35779632 0.95849958
vt 0.35417477 0.97004745
vt 0.35417728 0.97004745
vt 0.36692694 0.94794609
vt 0.36111575 0.98599494
vt 0.36637391 0.99446118
vt 0.36682458 0.99425011
vt 0.35487512 0.97004745
vt 0.35462918 0.97004745
vt 0.36692694 0.99427824
vt 0.35428962 0.97004745
vt 0.35433332 0.97004745
vt 0.36098967 0.98580261
vt 0.36101089 0.98605123
vt 0.36111450 0.98621070
vt 0.36692694 0.99360282
vt 0.36692694 0.99458782
vt 0.36672096 0.99430640
vt 0.36692694 0.99435331
vt 0.36588205 0.99229889
vt 0.36692694 0.99421259
vt 0.69539414 0.56513645
vt 0.69539414 0.56894048
vt 0.70430283 0.56491485
vt 0.82444335 0.51457589
vt 0.82393651 0.51468670
vt 0.69539414 0.88744611
vt 0.69539414 0.88751997
vt 0.82830313 0.51309859
vt 0.83608117 0.51025480
vt 0.83608117 0.51091958
vt 0.70167115 0.88523015
vt 0.69539414 0.88748304
vt 0.69539414 0.88755690
vt 0.87448404 0.82358987
vt 0.88937733 0.81823466
vt 0.84247517 0.51051333
vt 0.85407401 0.51191675
vt 0.74007402 0.87156516
vt 0.71492697 0.88053974
vt 0.69539414 0.88751997
vt 0.79767833 0.85091988
vt 0.75724808 0.86543437
vt 0.74007402 0.87160206
vt 0.70167115 0.88530404
vt 0.74007402 0.87160206
vt 0.87448404 0.82358987
vt 0.89368547 0.81672043
vt 0.89452369 0.81638803
vt 0.85407401 0.51176902
vt 0.86366497 0.51749355
vt 0.80904322 0.84685733
vt 0.87448404 0.82344212
vt 0.89356852 0.81660964
vt 0.89452369 0.81638803
vt 0.89368547 0.81672043
vt 0.89452369 0.57721336
vt 0.86366497 0.51745662
vt 0.89452369 0.55841473
vt 0.89452369 0.56059376
vt 0.89452369 0.56413926
vt 0.89452369 0.56857116
vt 0.89452369 0.81624031
vt 0.89452369 0.56436086
vt 0.88649227 0.56107387
vt 0.86541942 0.52041123
vt 0.89452369 0.55974430
vt 0.86851893 0.52569256
vt 0.95354950 0.69212498
vt 0.95826923 0.69212498
vt 0.89454320 0.69212498
vt 0.98277701 0.65122881
vt 0.98447920 0.65320292
vt 0.98770950 0.65777806
vt 0.98320257 0.66652820
vt 0.98520457 0.66779536
vt 0.95825954 0.69212498
vt 0.89454320 0.69212498
vt 0.89454320 0.56856945
vt 0.98575585 0.64198516
vt 0.98588157 0.64145161
vt 0.99193599 0.63986432
vt 0.99334805 0.65636417
vt 0.99248727 0.65636417
vt 0.98439215 0.66727516
vt 0.95767925 0.69212498
vt 0.95271774 0.69212498
vt 0.89454320 0.57721287
vt 0.89454320 0.56414104
vt 0.94502885 0.56380758
vt 0.93210761 0.56986330
vt 0.98400528 0.62336445
vt 0.99282578 0.63986432
vt 0.98437281 0.62336445
vt 0.99281610 0.63986432
vt 0.99085276 0.63986432
vt 0.98626843 0.65667097
vt 0.92863552 0.63108751
vt 0.98321222 0.65137554
vt 0.98380220 0.63830370
vt 0.98018503 0.63175445
vt 0.98018503 0.63103416
vt 0.96697366 0.60685126
vt 0.90399234 0.59001794
vt 0.96350154 0.59522000
vt 0.95130568 0.58398889
vt 0.94182755 0.56554159
vt 0.93389685 0.56259376
vt 0.93210761 0.55667142
vt 0.89454320 0.56436779
vt 0.89454320 0.56057963
vt 0.93210761 0.55945919
vt 0.94768851 0.56164671
vt 0.96207015 0.58030743
vt 0.95300790 0.57359811
vt 0.95136371 0.57306456
vt 0.98370547 0.62191055
vt 0.98520457 0.62336445
vt 0.98512721 0.62336445
vt 0.98043649 0.61448095
vt 0.98213868 0.62465831
vt 0.92510540 0.62437819
vt 0.97920819 0.62004314
vt 0.97578444 0.60813177
vt 0.96546487 0.58996458
vt 0.96201212 0.58048083
vt 0.94517389 0.56319399
vt 0.94864602 0.56025950
vt 0.93210761 0.55585776
vt 0.89454320 0.55840543
vt 0.89454320 0.55973930
vt 0.94875240 0.56000607
vt 0.95729239 0.57038351
vt 0.96220555 0.58005400
vt 0.96704134 0.58891083
vt 0.98049453 0.61432088
vt 0.98052354 0.61425419
vt 0.97646147 0.60601093
vt 0.96874357 0.59035140
vt 0.98057189 0.61421417
vt 0.96846308 0.59035140
vt 0.96261178 0.57912029
vt 0.95824021 0.57029013
vt 0.95477781 0.57086370
vt 0.95835628 0.57026346
vt 0.96276651 0.57864010
vt 0.96815359 0.59035140
vt 0.97709980 0.60745150
vt 0.96269879 0.57852006
vt 0.96266013 0.57854673
vt 0.89454320 0.81625687
vt 0.97051034 0.78922357
vt 0.89454320 0.81626906
vt 0.89454320 0.69212500
vt 0.98532895 0.78306745
vt 0.98532895 0.78307961
vt 0.98539691 0.78309177
vt 0.97051034 0.78926005
vt 0.89454320 0.81640288
vt 0.89454320 0.69212500
vt 0.95355540 0.69212500
vt 0.98603784 0.78210633
vt 0.99374816 0.77193537
vt 0.98549402 0.78307961
vt 0.97051034 0.78927221
vt 0.89454320 0.81640288
vt 0.95272028 0.69212500
vt 0.89454320 0.81637855
vt 0.95827483 0.69212500
vt 0.99247604 0.75542582
vt 0.99344715 0.77193537
vt 0.99337916 0.76601042
vt 0.99368017 0.77193537
vt 0.98542606 0.78309177
vt 0.99257315 0.75542582
vt 0.99274797 0.75542582
vt 0.99280621 0.75542582
vt 0.99281593 0.75542582
vt 0.97051034 0.78927221
vt 0.89454320 0.81639072
vt 0.98455210 0.74211597
vt 0.95768244 0.69212500
vt 0.89502875 0.81620822
vt 0.95826511 0.69212500
vt 0.69539414 0.56420344
vt 0.69539414 0.56424232
vt 0.77353961 0.49285244
vt 0.69539414 0.88744094
vt 0.69539414 0.56443674
vt 0.76886251 0.49954037
vt 0.77847765 0.49600199
vt 0.77743383 0.49090827
vt 0.69539414 0.56455339
vt 0.69539414 0.56486446
vt 0.69539414 0.56513664
vt 0.69926829 0.88608004
vt 0.69539414 0.88747985
vt 0.82394372 0.51466602
vt 0.83606802 0.51093320
vt 0.79180632 0.49036391
vt 0.70167709 0.88522460
vt 0.79602175 0.85151270
vt 0.85407380 0.51190529
vt 0.79859113 0.49024724
vt 0.74007737 0.87149877
vt 0.81864438 0.84342497
vt 0.86366885 0.51746561
vt 0.86374914 0.51742674
vt 0.85413403 0.51190529
vt 0.85395334 0.51194418
vt 0.80902924 0.84684670
vt 0.87330405 0.82386662
vt 0.84000238 0.83576495
vt 0.90044319 0.57400205
vt 0.86354839 0.51758226
vt 0.85642238 0.51334398
vt 0.87940634 0.82165028
vt 0.90044319 0.81410693
vt 0.89353795 0.81659544
vt 0.89357810 0.81659544
vt 0.90044319 0.58628920
vt 0.86848645 0.52586443
vt 0.86726199 0.52372583
vt 0.90044319 0.81410693
vt 0.69542328 0.56324935
vt 0.69542328 0.56366077
vt 0.75251925 0.53722653
vt 0.69542328 0.88745452
vt 0.69542328 0.56403792
vt 0.75508668 0.53722653
vt 0.87447181 0.53722653
vt 0.69542328 0.56417506
vt 0.69758225 0.88670022
vt 0.69542328 0.88748879
vt 0.75978388 0.53722653
vt 0.87438428 0.53722653
vt 0.93495212 0.62218639
vt 0.93536058 0.62280354
vt 0.99257322 0.75542045
vt 0.76141770 0.53722653
vt 0.69542328 0.88745452
vt 0.97048758 0.78908895
vt 0.97048758 0.78922610
vt 0.97048758 0.78922610
vt 0.69927441 0.88608308
vt 0.99236900 0.75542045
vt 0.99257322 0.75542045
vt 0.99344849 0.77191184
vt 0.99321508 0.76841471
vt 0.98209933 0.78425469
vt 0.98542530 0.78308897
vt 0.98542530 0.78305470
vt 0.98539612 0.78305470
vt 0.97048758 0.78919180
vt 0.99341933 0.77191184
vt 0.99339014 0.77191184
vt 0.99134786 0.77479185
vt 0.99336096 0.77191184
vt 0.98522109 0.78295182
vt 0.98697159 0.78062041
vt 0.87447700 0.53722654
vt 0.86850757 0.52556565
vt 0.86850757 0.52557784
vt 0.87438150 0.53722654
vt 0.75250964 0.53722654
vt 0.86484235 0.51906773
vt 0.86385143 0.51731220
vt 0.86849565 0.52583386
vt 0.76139215 0.53722654
vt 0.75507648 0.53722654
vt 0.76746903 0.48169559
vt 0.76662137 0.48088487
vt 0.76580953 0.48309758
vt 0.86383948 0.51732439
vt 0.79719679 0.47720313
vt 0.86726594 0.52370649
vt 0.76868678 0.49830001
vt 0.75978040 0.53722654
vt 0.76936729 0.48520666
vt 0.78216575 0.47969623
vt 0.77685297 0.47791631
vt 0.77848859 0.47510624
vt 0.76651391 0.48079344
vt 0.76914047 0.47950117
vt 0.86355296 0.51758041
vt 0.79720871 0.47726409
vt 0.77848859 0.47495385
vt 0.77353396 0.49283226
vt 0.77742603 0.49089386
vt 0.79180041 0.49036354
vt 0.79861750 0.49024772
vt 0.79367481 0.47969623
vt 0.79679087 0.47764201
vt 0.85643739 0.51332568
vt 0.85395409 0.51190540
vt 0.90047159 0.57399105
vt 0.93211108 0.56985225
vt 0.90047159 0.58627870
vt 0.90047159 0.67099526
vt 0.95136735 0.57306031
vt 0.95130884 0.57943683
vt 0.95130884 0.59034819
vt 0.95084894 0.60808164
vt 0.92560592 0.61045798
vt 0.90047159 0.67099526
vt 0.95438582 0.67099526
vt 0.95301456 0.57359499
vt 0.96137595 0.58158544
vt 0.96417699 0.59034819
vt 0.93536367 0.62278525
vt 0.93497066 0.62215156
vt 0.97092464 0.60823016
vt 0.97050657 0.62334963
vt 0.94283874 0.67099526
vt 0.98277272 0.65122214
vt 0.96206994 0.58030815
vt 0.96703661 0.58891249
vt 0.98033121 0.61465619
vt 0.98177771 0.62334963
vt 0.98212055 0.63704329
vt 0.98003857 0.64804377
vt 0.98581626 0.64146924
vt 0.98575774 0.64198411
vt 0.97710372 0.60744795
vt 0.98049844 0.61431953
vt 0.98370083 0.62190402
vt 0.98401023 0.62334963
vt 0.98588315 0.64144943
f 1/1/1 2/2/2 3/3/3
f 1/1/1 3/3/3 4/4/4
f 1/1/1 4/4/4 14/14/14
f 1/1/1 14/14/14 26/26/26
f 1/1/1 26/26/26 45/45/45
f 1/1/1 45/45/45 63/63/63
f 1/1/1 63/63/63 90/90/90
f 1/1/1 90/90/90 125/125/125
f 1/1/1 125/125/125 147/147/147
f 1/1/1 147/147/147 165/165/165
f 1/1/1 165/165/165 166/166/166
f 1/1/1 166/166/166 150/150/150
f 1/1/1 150/150/150 149/149/149
f 1/1/1 149/149/149 129/129/129
f 1/1/1 129/129/129 127/127/127
f 1/1/1 127/127/127 91/91/91
f 1/1/1 91/91/91 64/64/64
f 1/1/1 64/64/64 46/46/46
f 1/1/1 46/46/46 28/28/28
f 1/1/1 28/28/28 15/15/15
f 1/1/1 15/15/15 5/5/5
f 1/1/1 5/5/5 6/6/6
f 1/1/1 6/6/6 7/7/7
f 1/1/1 7/7/7 8/8/8
f 1/1/1 8/8/8 2/2/2
f 2/2/2 8/8/8 9/9/9
f 2/2/2 9/9/9 10/10/10
f 2/2/2 10/10/10 3/3/3
f 3/3/3 11/11/11 4/4/4
f 3/3/3 10/10/10 12/12/12
f 3/3/3 12/12/12 11/11/11
f 4/4/4 13/13/13 14/14/14
f 4/4/4 11/11/11 12/12/12
f 4/4/4 12/12/12 13/13/13
f 5/5/5 15/15/15 16/16/16
f 5/5/5 16/16/16 17/17/17
f 5/5/5 17/17/17 18/18/18
f 5/5/5 18/18/18 6/6/6
f 6/6/6 18/18/18 17/17/17
f 6/6/6 17/17/17 19/19/19
f 6/6/6 19/19/19 20/20/20
f 6/6/6 20/20/20 7/7/7
f 7/7/7 19/19/19 21/21/21
f 7/7/7 21/21/21 8/8/8
f 7/7/7 20/20/20 19/19/19
f 8/8/8 21/21/21 22/22/22
f 8/8/8 22/22/22 23/23/23
f 8/8/8 23/23/23 24/24/24
f 8/8/8 24/24/24 43/43/43
f 8/8/8 43/43/43 42/42/42
f 8/8/8 42/42/42 41/41/41
f 8/8/8 41/41/41 40/40/40
f 8/8/8 40/40/40 61/61/61
f 8/8/8 61/61/61 87/87/87
f 8/8/8 87/87/87 122/122/122
f 8/8/8 122/122/122 144/144/144
f 8/8/8 144/144/144 159/159/159
f 8/8/8 159/159/159 158/158/158
f 8/8/8 158/158/158 160/160/160
f 8/8/8 160/160/160 145/145/145
f 8/8/8 145/145/145 126/126/126
f 8/8/8 126/126/126 123/123/123
f 8/8/8 123/123/123 89/89/89
f 8/8/8 89/89/89 63/63/63
f 8/8/8 63/63/63 45/45/45
f 8/8/8 45/45/45 44/44/44
f 8/8/8 44/44/44 27/27/27
f 8/8/8 27/27/27 25/25/25
f 8/8/8 25/25/25 12/12/12
f 8/8/8 12/12/12 10/10/10
f 8/8/8 10/10/10 9/9/9
f 12/12/12 25/25/25 13/13/13
f 13/13/13 25/25/25 14/14/14
f 14/14/14 25/25/25 27/27/27
f 14/14/14 27/27/27 26/26/26
f 15/15/15 28/28/28 16/16/16
f 16/16/16 28/28/28 29/29/29
f 16/16/16 29/29/29 30/30/30
f 16/16/16 30/30/30 31/31/31
f 16/16/16 31/31/31 17/17/17
f 17/17/17 31/31/31 19/19/19
f 19/19/19 32/32/32 21/21/21
f 19/19/19 31/31/31 32/32/32
f 21/21/21 33/33/33 34/34/34
f 21/21/21 34/34/34 35/35/35
f 21/21/21 35/35/35 36/36/36
f 21/21/21 36/36/36 37/37/37
f 21/21/21 37/37/37 38/38/38
f 21/21/21 38/38/38 22/22/22
f 21/21/21 32/32/32 39/39/39
f 21/21/21 39/39/39 33/33/33
f 22/22/22 38/38/38 23/23/23
f 23/23/23 38/38/38 40/40/40
f 23/23/23 40/40/40 41/41/41
f 23/23/23 41/41/41 42/42/42
f 23/23/23 42/42/42 43/43/43
f 23/23/23 43/43/43 24/24/24
f 26/26/26 27/27/27 44/44/44
f 26/26/26 44/44/44 45/45/45
f 28/28/28 46/46/46 29/29/29
f 29/29/29 46/46/46 47/47/47
f 29/29/29 47/47/47 48/48/48
f 29/29/29 48/48/48 49/49/49
f 29/29/29 49/49/49 50/50/50
f 29/29/29 50/50/50 30/30/30
f 30/30/30 50/50/50 31/31/31
f 31/31/31 51/51/51 52/52/52
f 31/31/31 52/52/52 32/32/32
f 31/31/31 50/50/50 51/51/51
f 32/32/32 52/52/52 51/51/51
f 32/32/32 51/51/51 39/39/39
f 33/33/33 39/39/39 34/34/34
f 34/34/34 53/53/53 54/54/54
f 34/34/34 54/54/54 55/55/55
f 34/34/34 55/55/55 36/36/36
f 34/34/34 36/36/36 35/35/35
f 34/34/34 39/39/39 50/50/50
f 34/34/34 50/50/50 56/56/56
f 34/34/34 56/56/56 53/53/53
f 36/36/36 55/55/55 54/54/54
f 36/36/36 54/54/54 57/57/57
f 36/36/36 57/57/57 58/58/58
f 36/36/36 58/58/58 59/59/59
f 36/36/36 59/59/59 60/60/60
f 36/36/36 60/60/60 37/37/37
f 37/37/37 60/60/60 38/38/38
f 38/38/38 61/61/61 40/40/40
f 38/38/38 60/60/60 62/62/62
f 38/38/38 62/62/62 61/61/61
f 39/39/39 51/51/51 50/50/50
f 46/46/46 64/64/64 47/47/47
f 47/47/47 64/64/64 65/65/65
f 47/47/47 65/65/65 66/66/66
f 47/47/47 66/66/66 67/67/67
f 47/47/47 67/67/67 48/48/48
f 48/48/48 67/67/67 68/68/68
f 48/48/48 68/68/68 69/69/69
f 48/48/48 69/69/69 70/70/70
f 48/48/48 70/70/70 49/49/49
f 49/49/49 70/70/70 50/50/50
f 50/50/50 70/70/70 56/56/56
f 53/53/53 68/68/68 54/54/54
f 53/53/53 56/56/56 68/68/68
f 54/54/54 68/68/68 67/67/67
f 54/54/54 67/67/67 71/71/71
f 54/54/54 71/71/71 72/72/72
f 54/54/54 72/72/72 57/57/57
f 56/56/56 70/70/70 69/69/69
f 56/56/56 69/69/69 68/68/68
f 57/57/57 73/73/73 58/58/58
f 57/57/57 72/72/72 74/74/74
f 57/57/57 74/74/74 75/75/75
f 57/57/57 75/75/75 76/76/76
f 57/57/57 76/76/76 73/73/73
f 58/58/58 73/73/73 77/77/77
f 58/58/58 77/77/77 59/59/59
f 59/59/59 78/78/78 79/79/79
f 59/59/59 79/79/79 60/60/60
f 59/59/59 77/77/77 80/80/80
f 59/59/59 80/80/80 81/81/81
f 59/59/59 81/81/81 82/82/82
f 59/59/59 82/82/82 83/83/83
f 59/59/59 83/83/83 78/78/78
f 60/60/60 79/79/79 84/84/84
f 60/60/60 84/84/84 85/85/85
f 60/60/60 85/85/85 62/62/62
f 61/61/61 62/62/62 86/86/86
f 61/61/61 86/86/86 87/87/87
f 62/62/62 85/85/85 88/88/88
f 62/62/62 88/88/88 86/86/86
f 63/63/63 89/89/89 90/90/90
f 64/64/64 91/91/91 92/92/92
f 64/64/64 92/92/92 65/65/65
f 65/65/65 92/92/92 93/93/93
f 65/65/65 93/93/93 72/72/72
f 65/65/65 72/72/72 94/94/94
f 65/65/65 94/94/94 66/66/66
f 66/66/66 94/94/94 71/71/71
f 66/66/66 71/71/71 67/67/67
f 71/71/71 94/94/94 72/72/72
f 72/72/72 93/93/93 95/95/95
f 72/72/72 95/95/95 74/74/74
f 73/73/73 76/76/76 96/96/96
f 73/73/73 96/96/96 97/97/97
f 73/73/73 97/97/97 77/77/77
f 74/74/74 95/95/95 98/98/98
f 74/74/74 98/98/98 75/75/75
f 75/75/75 99/99/99 100/100/100
f 75/75/75 100/100/100 101/101/101
f 75/75/75 101/101/101 76/76/76
f 75/75/75 98/98/98 99/99/99
f 76/76/76 101/101/101 102/102/102
f 76/76/76 102/102/102 103/103/103
f 76/76/76 103/103/103 104/104/104
f 76/76/76 104/104/104 105/105/105
f 76/76/76 105/105/105 106/106/106
f 76/76/76 106/106/106 107/107/107
f 76/76/76 107/107/107 108/108/108
f 76/76/76 108/108/108 96/96/96
f 77/77/77 81/81/81 80/80/80
f 77/77/77 97/97/97 109/109/109
f 77/77/77 109/109/109 81/81/81
f 78/78/78 83/83/83 110/110/110
f 78/78/78 110/110/110 79/79/79
f 79/79/79 110/110/110 84/84/84
f 81/81/81 109/109/109 82/82/82
f 82/82/82 109/109/109 111/111/111
f 82/82/82 111/111/111 112/112/112
f 82/82/82 112/112/112 113/113/113
f 82/82/82 113/113/113 110/110/110
f 82/82/82 110/110/110 83/83/83
f 84/84/84 110/110/110 114/114/114
f 84/84/84 114/114/114 115/115/115
f 84/84/84 115/115/115 85/85/85
f 85/85/85 116/116/116 88/88/88
f 85/85/85 115/115/115 117/117/117
f 85/85/85 117/117/117 118/118/118
f 85/85/85 118/118/118 116/116/116
f 86/86/86 88/88/88 116/116/116
f 86/86/86 116/116/116 118/118/118
f 86/86/86 118/118/118 119/119/119
f 86/86/86 119/119/119 120/120/120
f 86/86/86 120/120/120 121/121/121
f 86/86/86 121/121/121 122/122/122
f 86/86/86 122/122/122 87/87/87
f 89/89/89 123/123/123 90/90/90
f 90/90/90 124/124/124 125/125/125
f 90/90/90 123/123/123 126/126/126
f 90/90/90 126/126/126 124/124/124
f 91/91/91 98/98/98 92/92/92
f 91/91/91 127/127/127 98/98/98
f 92/92/92 98/98/98 95/95/95
f 92/92/92 95/95/95 93/93/93
f 96/96/96 108/108/108 128/128/128
f 96/96/96 128/128/128 97/97/97
f 97/97/97 128/128/128 109/109/109
f 98/98/98 127/127/127 99/99/99
f 99/99/99 127/127/127 129/129/129
f 99/99/99 129/129/129 130/130/130
f 99/99/99 130/130/130 131/131/131
f 99/99/99 131/131/131 100/100/100
f 100/100/100 102/102/102 101/101/101
f 100/100/100 131/131/131 102/102/102
f 102/102/102 131/131/131 103/103/103
f 103/103/103 131/131/131 130/130/130
f 103/103/103 130/130/130 104/104/104
f 104/104/104 130/130/130 132/132/132
f 104/104/104 132/132/132 105/105/105
f 105/105/105 132/132/132 133/133/133
f 105/105/105 133/133/133 134/134/134
f 105/105/105 134/134/134 135/135/135
f 105/105/105 135/135/135 106/106/106
f 106/106/106 135/135/135 136/136/136
f 106/106/106 136/136/136 137/137/137
f 106/106/106 137/137/137 107/107/107
f 107/107/107 137/137/137 138/138/138
f 107/107/107 138/138/138 139/139/139
f 107/107/107 139/139/139 112/112/112
f 107/107/107 112/112/112 111/111/111
f 107/107/107 111/111/111 108/108/108
f 108/108/108 111/111/111 109/109/109
f 108/108/108 109/109/109 128/128/128
f 110/110/110 113/113/113 114/114/114
f 112/112/112 139/139/139 114/114/114
f 112/112/112 114/114/114 113/113/113
f 114/114/114 139/139/139 138/138/138
f 114/114/114 138/138/138 137/137/137
f 114/114/114 137/137/137 140/140/140
f 114/114/114 140/140/140 117/117/117
f 114/114/114 117/117/117 115/115/115
f 117/117/117 140/140/140 141/141/141
f 117/117/117 141/141/141 142/142/142
f 117/117/117 142/142/142 119/119/119
f 117/117/117 119/119/119 118/118/118
f 119/119/119 142/142/142 120/120/120
f 120/120/120 142/142/142 141/141/141
f 120/120/120 141/141/141 143/143/143
f 120/120/120 143/143/143 144/144/144
f 120/120/120 144/144/144 122/122/122
f 120/120/120 122/122/122 121/121/121
f 124/124/124 126/126/126 145/145/145
f 124/124/124 145/145/145 125/125/125
f 125/125/125 146/146/146 147/147/147
f 125/125/125 145/145/145 148/148/148
f 125/125/125 148/148/148 146/146/146
f 129/129/129 149/149/149 130/130/130
f 130/130/130 149/149/149 132/132/132
f 132/132/132 149/149/149 150/150/150
f 132/132/132 150/150/150 133/133/133
f 133/133/133 150/150/150 134/134/134
f 134/134/134 151/151/151 135/135/135
f 134/134/134 150/150/150 152/152/152
f 134/134/134 152/152/152 151/151/151
f 135/135/135 153/153/153 136/136/136
f 135/135/135 151/151/151 153/153/153
f 136/136/136 154/154/154 137/137/137
f 136/136/136 153/153/153 155/155/155
f 136/136/136 155/155/155 154/154/154
f 137/137/137 154/154/154 170/170/170
f 137/137/137 170/170/170 156/156/156
f 137/137/137 156/156/156 157/157/157
f 137/137/137 157/157/157 140/140/140
f 140/140/140 157/157/157 158/158/158
f 140/140/140 158/158/158 159/159/159
f 140/140/140 159/159/159 144/144/144
f 140/140/140 144/144/144 143/143/143
f 140/140/140 143/143/143 141/141/141
f 145/145/145 160/160/160 161/161/161
f 145/145/145 161/161/161 162/162/162
f 145/145/145 162/162/162 148/148/148
f 146/146/146 163/163/163 147/147/147
f 146/146/146 148/148/148 164/164/164
f 146/146/146 164/164/164 163/163/163
f 147/147/147 163/163/163 165/165/165
f 148/148/148 162/162/162 164/164/164
f 150/150/150 166/166/166 152/152/152
f 151/151/151 167/167/167 153/153/153
f 151/151/151 152/152/152 168/168/168
f 151/151/151 168/168/168 167/167/167
f 152/152/152 166/166/166 168/168/168
f 153/153/153 167/167/167 163/163/163
f 153/153/153 163/163/163 169/169/169
f 153/153/153 169/169/169 155/155/155
f 154/154/154 155/155/155 164/164/164
f 154/154/154 164/164/164 162/162/162
f 154/154/154 162/162/162 161/161/161
f 154/154/154 161/161/161 170/170/170
f 155/155/155 171/171/171 164/164/164
f 155/155/155 169/169/169 171/171/171
f 156/156/156 170/170/170 173/173/173
f 156/156/156 173/173/173 172/172/172
f 156/156/156 172/172/172 157/157/157
f 157/157/157 172/172/172 158/158/158
f 158/158/158 172/172/172 160/160/160
f 160/160/160 172/172/172 173/173/173
f 160/160/160 173/173/173 170/170/170
f 160/160/160 170/170/170 161/161/161
f 163/163/163 168/168/168 166/166/166
f 163/163/163 166/166/166 165/165/165
f 163/163/163 164/164/164 171/171/171
f 163/163/163 171/171/171 169/169/169
f 163/163/163 167/167/167 168/168/168
f 174/174/174 175/175/175 176/176/176
f 174/174/174 176/176/176 185/185/185
f 174/174/174 185/185/185 201/201/201
f 174/174/174 201/201/201 225/225/225
f 174/174/174 225/225/225 249/249/249
f 174/174/174 249/249/249 273/273/273
f 174/174/174 273/273/273 304/304/304
f 174/174/174 304/304/304 329/329/329
f 174/174/174 329/329/329 336/336/336
f 174/174/174 336/336/336 331/331/331
f 174/174/174 331/331/331 305/305/305
f 174/174/174 305/305/305 274/274/274
f 174/174/174 274/274/274 250/250/250
f 174/174/174 250/250/250 231/231/231
f 174/174/174 231/231/231 230/230/230
f 174/174/174 230/230/230 226/226/226
f 174/174/174 226/226/226 203/203/203
f 174/174/174 203/203/203 202/202/202
f 174/174/174 202/202/202 186/186/186
f 174/174/174 186/186/186 177/177/177
f 174/174/174 177/177/177 178/178/178
f 174/174/174 178/178/178 179/179/179
f 174/174/174 179/179/179 175/175/175
f 175/175/175 180/180/180 181/181/181
f 175/175/175 181/181/181 182/182/182
f 175/175/175 182/182/182 176/176/176
f 175/175/175 179/179/179 183/183/183
f 175/175/175 183/183/183 180/180/180
f 176/176/176 184/184/184 185/185/185
f 176/176/176 182/182/182 184/184/184
f 177/177/177 186/186/186 187/187/187
f 177/177/177 187/187/187 178/178/178
f 178/178/178 187/187/187 179/179/179
f 179/179/179 187/187/187 188/188/188
f 179/179/179 188/188/188 186/186/186
f 179/179/179 186/186/186 189/189/189
f 179/179/179 189/189/189 204/204/204
f 179/179/179 204/204/204 231/231/231
f 179/179/179 231/231/231 250/250/250
f 179/179/179 250/250/250 275/275/275
f 179/179/179 275/275/275 307/307/307
f 179/179/179 307/307/307 306/306/306
f 179/179/179 306/306/306 334/334/334
f 179/179/179 334/334/334 349/349/349
f 179/179/179 349/349/349 338/338/338
f 179/179/179 338/338/338 310/310/310
f 179/179/179 310/310/310 278/278/278
f 179/179/179 278/278/278 276/276/276
f 179/179/179 276/276/276 251/251/251
f 179/179/179 251/251/251 234/234/234
f 179/179/179 234/234/234 233/233/233
f 179/179/179 233/233/233 232/232/232
f 179/179/179 232/232/232 205/205/205
f 179/179/179 205/205/205 190/190/190
f 179/179/179 190/190/190 191/191/191
f 179/179/179 191/191/191 192/192/192
f 179/179/179 192/192/192 183/183/183
f 180/180/180 183/183/183 193/193/193
f 180/180/180 193/193/193 181/181/181
f 181/181/181 193/193/193 182/182/182
f 182/182/182 194/194/194 195/195/195
f 182/182/182 195/195/195 184/184/184
f 182/182/182 193/193/193 196/196/196
f 182/182/182 196/196/196 194/194/194
f 183/183/183 192/192/192 193/193/193
f 184/184/184 197/197/197 185/185/185
f 184/184/184 195/195/195 198/198/198
f 184/184/184 198/198/198 199/199/199
f 184/184/184 199/199/199 197/197/197
f 185/185/185 197/197/197 200/200/200
f 185/185/185 200/200/200 201/201/201
f 186/186/186 188/188/188 187/187/187
f 186/186/186 202/202/202 189/189/189
f 189/189/189 202/202/202 203/203/203
f 189/189/189 203/203/203 204/204/204
f 190/190/190 205/205/205 191/191/191
f 191/191/191 205/205/205 206/206/206
f 191/191/191 206/206/206 207/207/207
f 191/191/191 207/207/207 208/208/208
f 191/191/191 208/208/208 209/209/209
f 191/191/191 209/209/209 192/192/192
f 192/192/192 209/209/209 210/210/210
f 192/192/192 210/210/210 193/193/193
f 193/193/193 210/210/210 196/196/196
f 194/194/194 196/196/196 211/211/211
f 194/194/194 211/211/211 212/212/212
f 194/194/194 212/212/212 213/213/213
f 194/194/194 213/213/213 195/195/195
f 195/195/195 213/213/213 198/198/198
f 196/196/196 210/210/210 211/211/211
f 197/197/197 199/199/199 214/214/214
f 197/197/197 214/214/214 215/215/215
f 197/197/197 215/215/215 216/216/216
f 197/197/197 216/216/216 217/217/217
f 197/197/197 217/217/217 200/200/200
f 198/198/198 218/218/218 199/199/199
f 198/198/198 213/213/213 219/219/219
f 198/198/198 219/219/219 218/218/218
f 199/199/199 218/218/218 219/219/219
f 199/199/199 219/219/219 214/214/214
f 200/200/200 217/217/217 220/220/220
f 200/200/200 220/220/220 221/221/221
f 200/200/200 221/221/221 222/222/222
f 200/200/200 222/222/222 223/223/223
f 200/200/200 223/223/223 201/201/201
f 201/201/201 223/223/223 224/224/224
f 201/201/201 224/224/224 225/225/225
f 203/203/203 226/226/226 227/227/227
f 203/203/203 227/227/227 228/228/228
f 203/203/203 228/228/228 204/204/204
f 204/204/204 228/228/228 226/226/226
f 204/204/204 226/226/226 229/229/229
f 204/204/204 229/229/229 230/230/230
f 204/204/204 230/230/230 231/231/231
f 205/205/205 232/232/232 206/206/206
f 206/206/206 232/232/232 207/207/207
f 207/207/207 232/232/232 233/233/233
f 207/207/207 233/233/233 234/234/234
f 207/207/207 234/234/234 235/235/235
f 207/207/207 235/235/235 208/208/208
f 208/208/208 236/236/236 210/210/210
f 208/208/208 210/210/210 209/209/209
f 208/208/208 235/235/235 237/237/237
f 208/208/208 237/237/237 238/238/238
f 208/208/208 238/238/238 236/236/236
f 210/210/210 212/212/212 211/211/211
f 210/210/210 236/236/236 239/239/239
f 210/210/210 239/239/239 212/212/212
f 212/212/212 239/239/239 219/219/219
f 212/212/212 219/219/219 213/213/213
f 214/214/214 219/219/219 221/221/221
f 214/214/214 221/221/221 240/240/240
f 214/214/214 240/240/240 216/216/216
f 214/214/214 216/216/216 215/215/215
f 216/216/216 240/240/240 217/217/217
f 217/217/217 240/240/240 241/241/241
f 217/217/217 241/241/241 220/220/220
f 219/219/219 239/239/239 221/221/221
f 220/220/220 241/241/241 221/221/221
f 221/221/221 239/239/239 242/242/242
f 221/221/221 242/242/242 243/243/243
f 221/221/221 243/243/243 244/244/244
f 221/221/221 244/244/244 245/245/245
f 221/221/221 245/245/245 222/222/222
f 221/221/221 241/241/241 240/240/240
f 222/222/222 245/245/245 223/223/223
f 223/223/223 246/246/246 224/224/224
f 223/223/223 245/245/245 246/246/246
f 224/224/224 246/246/246 247/247/247
f 224/224/224 247/247/247 248/248/248
f 224/224/224 248/248/248 249/249/249
f 224/224/224 249/249/249 225/225/225
f 226/226/226 230/230/230 229/229/229
f 226/226/226 228/228/228 227/227/227
f 234/234/234 251/251/251 235/235/235
f 235/235/235 251/251/251 252/252/252
f 235/235/235 252/252/252 237/237/237
f 236/236/236 238/238/238 239/239/239
f 237/237/237 252/252/252 253/253/253
f 237/237/237 253/253/253 254/254/254
f 237/237/237 254/254/254 238/238/238
f 238/238/238 254/254/254 255/255/255
f 238/238/238 255/255/255 256/256/256
f 238/238/238 256/256/256 257/257/257
f 238/238/238 257/257/257 258/258/258
f 238/238/238 258/258/258 259/259/259
f 238/238/238 259/259/259 260/260/260
f 238/238/238 260/260/260 239/239/239
f 239/239/239 260/260/260 261/261/261
f 239/239/239 261/261/261 242/242/242
f 242/242/242 261/261/261 262/262/262
f 242/242/242 262/262/262 263/263/263
f 242/242/242 263/263/263 264/264/264
f 242/242/242 264/264/264 265/265/265
f 242/242/242 265/265/265 243/243/243
f 243/243/243 266/266/266 245/245/245
f 243/243/243 245/245/245 244/244/244
f 243/243/243 265/265/265 267/267/267
f 243/243/243 267/267/267 266/266/266
f 245/245/245 266/266/266 246/246/246
f 246/246/246 266/266/266 247/247/247
f 247/247/247 267/267/267 268/268/268
f 247/247/247 268/268/268 269/269/269
f 247/247/247 269/269/269 270/270/270
f 247/247/247 270/270/270 271/271/271
f 247/247/247 271/271/271 272/272/272
f 247/247/247 272/272/272 248/248/248
f 247/247/247 266/266/266 267/267/267
f 248/248/248 272/272/272 249/249/249
f 249/249/249 272/272/272 273/273/273
f 250/250/250 274/274/274 275/275/275
f 251/251/251 276/276/276 252/252/252
f 252/252/252 277/277/277 279/279/279
f 252/252/252 279/279/279 253/253/253
f 252/252/252 276/276/276 278/278/278
f 252/252/252 278/278/278 277/277/277
f 253/253/253 279/279/279 280/280/280
f 253/253/253 280/280/280 281/281/281
f 253/253/253 281/281/281 254/254/254
f 254/254/254 281/281/281 282/282/282
f 254/254/254 282/282/282 255/255/255
f 255/255/255 282/282/282 283/283/283
f 255/255/255 283/283/283 256/256/256
f 256/256/256 283/283/283 284/284/284
f 256/256/256 284/284/284 285/285/285
f 256/256/256 285/285/285 257/257/257
f 257/257/257 286/286/286 258/258/258
f 257/257/257 285/285/285 286/286/286
f 258/258/258 286/286/286 259/259/259
f 259/259/259 286/286/286 287/287/287
f 259/259/259 287/287/287 288/288/288
f 259/259/259 288/288/288 289/289/289
f 259/259/259 289/289/289 260/260/260
f 260/260/260 289/289/289 261/261/261
f 261/261/261 289/289/289 290/290/290
f 261/261/261 290/290/290 291/291/291
f 261/261/261 291/291/291 262/262/262
f 262/262/262 291/291/291 292/292/292
f 262/262/262 292/292/292 263/263/263
f 263/263/263 292/292/292 268/268/268
f 263/263/263 268/268/268 264/264/264
f 264/264/264 268/268/268 293/293/293
f 264/264/264 293/293/293 267/267/267
f 264/264/264 267/267/267 265/265/265
f 267/267/267 293/293/293 268/268/268
f 268/268/268 294/294/294 295/295/295
f 268/268/268 295/295/295 296/296/296
f 268/268/268 296/296/296 269/269/269
f 268/268/268 292/292/292 297/297/297
f 268/268/268 297/297/297 298/298/298
f 268/268/268 298/298/298 294/294/294
f 269/269/269 296/296/296 299/299/299
f 269/269/269 299/299/299 300/300/300
f 269/269/269 300/300/300 301/301/301
f 269/269/269 301/301/301 270/270/270
f 270/270/270 301/301/301 302/302/302
f 270/270/270 302/302/302 272/272/272
f 270/270/270 272/272/272 271/271/271
f 272/272/272 302/302/302 273/273/273
f 273/273/273 302/302/302 301/301/301
f 273/273/273 301/301/301 303/303/303
f 273/273/273 303/303/303 304/304/304
f 274/274/274 305/305/305 306/306/306
f 274/274/274 306/306/306 307/307/307
f 274/274/274 307/307/307 275/275/275
f 277/277/277 278/278/278 308/308/308
f 277/277/277 308/308/308 309/309/309
f 277/277/277 309/309/309 312/312/312
f 277/277/277 312/312/312 279/279/279
f 278/278/278 310/310/310 311/311/311
f 278/278/278 311/311/311 309/309/309
f 278/278/278 309/309/309 308/308/308
f 279/279/279 312/312/312 280/280/280
f 280/280/280 312/312/312 313/313/313
f 280/280/280 313/313/313 282/282/282
f 280/280/280 282/282/282 281/281/281
f 282/282/282 313/313/313 314/314/314
f 282/282/282 314/314/314 283/283/283
f 283/283/283 314/314/314 315/315/315
f 283/283/283 315/315/315 316/316/316
f 283/283/283 316/316/316 285/285/285
f 283/283/283 285/285/285 284/284/284
f 285/285/285 316/316/316 286/286/286
f 286/286/286 316/316/316 287/287/287
f 287/287/287 316/316/316 317/317/317
f 287/287/287 317/317/317 318/318/318
f 287/287/287 318/318/318 288/288/288
f 288/288/288 318/318/318 317/317/317
f 288/288/288 317/317/317 289/289/289
f 289/289/289 317/317/317 290/290/290
f 290/290/290 317/317/317 291/291/291
f 291/291/291 317/317/317 319/319/319
f 291/291/291 319/319/319 297/297/297
f 291/291/291 297/297/297 292/292/292
f 294/294/294 298/298/298 320/320/320
f 294/294/294 320/320/320 315/315/315
f 294/294/294 315/315/315 295/295/295
f 295/295/295 321/321/321 322/322/322
f 295/295/295 322/322/322 296/296/296
f 295/295/295 315/315/315 314/314/314
f 295/295/295 314/314/314 321/321/321
f 296/296/296 322/322/322 299/299/299
f 297/297/297 319/319/319 298/298/298
f 298/298/298 319/319/319 320/320/320
f 299/299/299 322/322/322 323/323/323
f 299/299/299 323/323/323 324/324/324
f 299/299/299 324/324/324 325/325/325
f 299/299/299 325/325/325 326/326/326
f 299/299/299 326/326/326 300/300/300
f 300/300/300 325/325/325 327/327/327
f 300/300/300 327/327/327 303/303/303
f 300/300/300 303/303/303 301/301/301
f 300/300/300 326/326/326 325/325/325
f 303/303/303 327/327/327 304/304/304
f 304/304/304 328/328/328 329/329/329
f 304/304/304 327/327/327 325/325/325
f 304/304/304 325/325/325 330/330/330
f 304/304/304 330/330/330 328/328/328
f 305/305/305 331/331/331 306/306/306
f 306/306/306 332/332/332 333/333/333
f 306/306/306 333/333/333 334/334/334
f 306/306/306 331/331/331 335/335/335
f 306/306/306 335/335/335 336/336/336
f 306/306/306 336/336/336 329/329/329
f 306/306/306 329/329/329 332/332/332
f 309/309/309 311/311/311 337/337/337
f 309/309/309 337/337/337 313/313/313
f 309/309/309 313/313/313 312/312/312
f 310/310/310 338/338/338 339/339/339
f 310/310/310 339/339/339 311/311/311
f 311/311/311 339/339/339 313/313/313
f 311/311/311 313/313/313 337/337/337
f 313/313/313 339/339/339 321/321/321
f 313/313/313 321/321/321 314/314/314
f 315/315/315 320/320/320 316/316/316
f 316/316/316 320/320/320 317/317/317
f 317/317/317 320/320/320 319/319/319
f 321/321/321 339/339/339 333/333/333
f 321/321/321 333/333/333 340/340/340
f 321/321/321 340/340/340 322/322/322
f 322/322/322 340/340/340 341/341/341
f 322/322/322 341/341/341 342/342/342
f 322/322/322 342/342/342 343/343/343
f 322/322/322 343/343/343 323/323/323
f 323/323/323 343/343/343 344/344/344
f 323/323/323 344/344/344 328/328/328
f 323/323/323 328/328/328 345/345/345
f 323/323/323 345/345/345 324/324/324
f 324/324/324 345/345/345 330/330/330
f 324/324/324 330/330/330 325/325/325
f 328/328/328 330/330/330 345/345/345
f 328/328/328 344/344/344 346/346/346
f 328/328/328 346/346/346 347/347/347
f 328/328/328 347/347/347 348/348/348
f 328/328/328 348/348/348 329/329/329
f 329/329/329 348/348/348 332/332/332
f 331/331/331 336/336/336 335/335/335
f 332/332/332 341/341/341 340/340/340
f 332/332/332 340/340/340 333/333/333
f 332/332/332 348/348/348 341/341/341
f 333/333/333 349/349/349 334/334/334
f 333/333/333 339/339/339 349/349/349
f 338/338/338 349/349/349 339/339/339
f 341/341/341 348/348/348 347/347/347
f 341/341/341 347/347/347 342/342/342
f 342/342/342 347/347/347 346/346/346
f 342/342/342 346/346/346 343/343/343
f 343/343/343 346/346/346 344/344/344
f 350/350/350 351/351/351 352/352/352
f 350/350/350 352/352/352 353/353/353
f 350/350/350 353/353/353 354/354/354
f 350/350/350 354/354/354 355/355/355
f 350/350/350 355/355/355 356/356/356
f 350/350/350 356/356/356 357/357/357
f 350/350/350 357/357/357 358/358/358
f 350/350/350 358/358/358 351/351/351
f 351/351/351 358/358/358 359/359/359
f 351/351/351 359/359/359 352/352/352
f 352/352/352 359/359/359 360/360/360
f 352/352/352 360/360/360 361/361/361
f 352/352/352 361/361/361 362/362/362
f 352/352/352 362/362/362 353/353/353
f 353/353/353 363/363/363 354/354/354
f 353/353/353 362/362/362 364/364/364
f 353/353/353 364/364/364 365/365/365
f 353/353/353 365/365/365 366/366/366
f 353/353/353 366/366/366 363/363/363
f 354/354/354 367/367/367 368/368/368
f 354/354/354 368/368/368 355/355/355
f 354/354/354 363/363/363 369/369/369
f 354/354/354 369/369/369 367/367/367
f 355/355/355 368/368/368 370/370/370
f 355/355/355 370/370/370 371/371/371
f 355/355/355 371/371/371 356/356/356
f 356/356/356 371/371/371 372/372/372
f 356/356/356 372/372/372 357/357/357
f 357/357/357 372/372/372 395/395/395
f 357/357/357 395/395/395 436/436/436
f 357/357/357 436/436/436 465/465/465
f 357/357/357 465/465/465 492/492/492
f 357/357/357 492/492/492 510/510/510
f 357/357/357 510/510/510 516/516/516
f 357/357/357 516/516/516 515/515/515
f 357/357/357 515/515/515 512/512/512
f 357/357/357 512/512/512 496/496/496
f 357/357/357 496/496/496 469/469/469
f 357/357/357 469/469/469 466/466/466
f 357/357/357 466/466/466 437/437/437
f 357/357/357 437/437/437 398/398/398
f 357/357/357 398/398/398 396/396/396
f 357/357/357 396/396/396 373/373/373
f 357/357/357 373/373/373 358/358/358
f 358/358/358 373/373/373 374/374/374
f 358/358/358 374/374/374 359/359/359
f 359/359/359 374/374/374 375/375/375
f 359/359/359 375/375/375 376/376/376
f 359/359/359 376/376/376 360/360/360
f 360/360/360 376/376/376 377/377/377
f 360/360/360 377/377/377 362/362/362
f 360/360/360 362/362/362 361/361/361
f 362/362/362 377/377/377 364/364/364
f 363/363/363 378/378/378 367/367/367
f 363/363/363 367/367/367 369/369/369
f 363/363/363 366/366/366 379/379/379
f 363/363/363 379/379/379 378/378/378
f 364/364/364 377/377/377 376/376/376
f 364/364/364 376/376/376 380/380/380
f 364/364/364 380/380/380 381/381/381
f 364/364/364 381/381/381 382/382/382
f 364/364/364 382/382/382 365/365/365
f 365/365/365 382/382/382 381/381/381
f 365/365/365 381/381/381 383/383/383
f 365/365/365 383/383/383 384/384/384
f 365/365/365 384/384/384 366/366/366
f 366/366/366 384/384/384 385/385/385
f 366/366/366 385/385/385 379/379/379
f 367/367/367 378/378/378 386/386/386
f 367/367/367 386/386/386 387/387/387
f 367/367/367 387/387/387 368/368/368
f 368/368/368 387/387/387 388/388/388
f 368/368/368 388/388/388 389/389/389
f 368/368/368 389/389/389 390/390/390
f 368/368/368 390/390/390 391/391/391
f 368/368/368 391/391/391 370/370/370
f 370/370/370 391/391/391 392/392/392
f 370/370/370 392/392/392 371/371/371
f 371/371/371 392/392/392 393/393/393
f 371/371/371 393/393/393 394/394/394
f 371/371/371 394/394/394 395/395/395
f 371/371/371 395/395/395 372/372/372
f 373/373/373 396/396/396 374/374/374
f 374/374/374 396/396/396 375/375/375
f 375/375/375 396/396/396 397/397/397
f 375/375/375 397/397/397 376/376/376
f 376/376/376 397/397/397 396/396/396
f 376/376/376 396/396/396 398/398/398
f 376/376/376 398/398/398 399/399/399
f 376/376/376 399/399/399 380/380/380
f 378/378/378 379/379/379 400/400/400
f 378/378/378 400/400/400 401/401/401
f 378/378/378 401/401/401 402/402/402
f 378/378/378 402/402/402 386/386/386
f 379/379/379 385/385/385 384/384/384
f 379/379/379 384/384/384 400/400/400
f 380/380/380 403/403/403 439/439/439
f 380/380/380 439/439/439 404/404/404
f 380/380/380 404/404/404 405/405/405
f 380/380/380 405/405/405 406/406/406
f 380/380/380 406/406/406 383/383/383
f 380/380/380 383/383/383 381/381/381
f 380/380/380 399/399/399 403/403/403
f 383/383/383 406/406/406 407/407/407
f 383/383/383 407/407/407 408/408/408
f 383/383/383 408/408/408 384/384/384
f 384/384/384 408/408/408 401/401/401
f 384/384/384 401/401/401 400/400/400
f 386/386/386 409/409/409 387/387/387
f 386/386/386 402/402/402 410/410/410
f 386/386/386 410/410/410 411/411/411
f 386/386/386 411/411/411 412/412/412
f 386/386/386 412/412/412 409/409/409
f 387/387/387 409/409/409 388/388/388
f 388/388/388 413/413/413 414/414/414
f 388/388/388 414/414/414 389/389/389
f 388/388/388 409/409/409 407/407/407
f 388/388/388 407/407/407 415/415/415
f 388/388/388 415/415/415 416/416/416
f 388/388/388 416/416/416 417/417/417
f 388/388/388 417/417/417 418/418/418
f 388/388/388 418/418/418 413/413/413
f 389/389/389 419/419/419 420/420/420
f 389/389/389 420/420/420 391/391/391
f 389/389/389 391/391/391 390/390/390
f 389/389/389 414/414/414 421/421/421
f 389/389/389 421/421/421 422/422/422
f 389/389/389 422/422/422 423/423/423
f 389/389/389 423/423/423 419/419/419
f 391/391/391 424/424/424 392/392/392
f 391/391/391 420/420/420 425/425/425
f 391/391/391 425/425/425 426/426/426
f 391/391/391 426/426/426 424/424/424
f 392/392/392 424/424/424 427/427/427
f 392/392/392 427/427/427 393/393/393
f 393/393/393 427/427/427 428/428/428
f 393/393/393 428/428/428 429/429/429
f 393/393/393 429/429/429 394/394/394
f 394/394/394 429/429/429 395/395/395
f 395/395/395 429/429/429 430/430/430
f 395/395/395 430/430/430 431/431/431
f 395/395/395 431/431/431 432/432/432
f 395/395/395 432/432/432 433/433/433
f 395/395/395 433/433/433 434/434/434
f 395/395/395 434/434/434 435/435/435
f 395/395/395 435/435/435 436/436/436
f 398/398/398 437/437/437 438/438/438
f 398/398/398 438/438/438 399/399/399
f 399/399/399 438/438/438 403/403/403
f 401/401/401 408/408/408 410/410/410
f 401/401/401 410/410/410 402/402/402
f 403/403/403 438/438/438 467/467/467
f 403/403/403 467/467/467 439/439/439
f 404/404/404 439/439/439 440/440/440
f 404/404/404 440/440/440 441/441/441
f 404/404/404 441/441/441 405/405/405
f 405/405/405 441/441/441 442/442/442
f 405/405/405 442/442/442 443/443/443
f 405/405/405 443/443/443 406/406/406
f 406/406/406 443/443/443 444/444/444
f 406/406/406 444/444/444 407/407/407
f 407/407/407 445/445/445 408/408/408
f 407/407/407 444/444/444 446/446/446
f 407/407/407 446/446/446 416/416/416
f 407/407/407 416/416/416 415/415/415
f 407/407/407 409/409/409 445/445/445
f 408/408/408 445/445/445 410/410/410
f 409/409/409 412/412/412 447/447/447
f 409/409/409 447/447/447 445/445/445
f 410/410/410 445/445/445 447/447/447
f 410/410/410 447/447/447 412/412/412
f 410/410/410 412/412/412 411/411/411
f 413/413/413 448/448/448 449/449/449
f 413/413/413 449/449/449 422/422/422
f 413/413/413 422/422/422 421/421/421
f 413/413/413 421/421/421 414/414/414
f 413/413/413 418/418/418 450/450/450
f 413/413/413 450/450/450 448/448/448
f 416/416/416 446/446/446 417/417/417
f 417/417/417 446/446/446 451/451/451
f 417/417/417 451/451/451 418/418/418
f 418/418/418 451/451/451 450/450/450
f 419/419/419 423/423/423 420/420/420
f 420/420/420 423/423/423 452/452/452
f 420/420/420 452/452/452 425/425/425
f 422/422/422 449/449/449 452/452/452
f 422/422/422 452/452/452 423/423/423
f 424/424/424 426/426/426 453/453/453
f 424/424/424 453/453/453 454/454/454
f 424/424/424 454/454/454 455/455/455
f 424/424/424 455/455/455 427/427/427
f 425/425/425 452/452/452 456/456/456
f 425/425/425 456/456/456 426/426/426
f 426/426/426 456/456/456 453/453/453
f 427/427/427 455/455/455 428/428/428
f 428/428/428 455/455/455 457/457/457
f 428/428/428 457/457/457 458/458/458
f 428/428/428 458/458/458 459/459/459
f 428/428/428 459/459/459 430/430/430
f 428/428/428 430/430/430 429/429/429
f 430/430/430 459/459/459 431/431/431
f 431/431/431 459/459/459 432/432/432
f 432/432/432 459/459/459 458/458/458
f 432/432/432 458/458/458 460/460/460
f 432/432/432 460/460/460 461/461/461
f 432/432/432 461/461/461 433/433/433
f 433/433/433 461/461/461 462/462/462
f 433/433/433 462/462/462 434/434/434
f 434/434/434 462/462/462 463/463/463
f 434/434/434 463/463/463 435/435/435
f 435/435/435 463/463/463 464/464/464
f 435/435/435 464/464/464 436/436/436
f 436/436/436 464/464/464 463/463/463
f 436/436/436 463/463/463 462/462/462
f 436/436/436 462/462/462 460/460/460
f 436/436/436 460/460/460 490/490/490
f 436/436/436 490/490/490 483/483/483
f 436/436/436 483/483/483 449/449/449
f 436/436/436 449/449/449 482/482/482
f 436/436/436 482/482/482 485/485/485
f 436/436/436 485/485/485 484/484/484
f 436/436/436 484/484/484 507/507/507
f 436/436/436 507/507/507 517/517/517
f 436/436/436 517/517/517 499/499/499
f 436/436/436 499/499/499 514/514/514
f 436/436/436 514/514/514 513/513/513
f 436/436/436 513/513/513 519/519/519
f 436/436/436 519/519/519 509/509/509
f 436/436/436 509/509/509 491/491/491
f 436/436/436 491/491/491 465/465/465
f 437/437/437 466/466/466 467/467/467
f 437/437/437 467/467/467 438/438/438
f 439/439/439 467/467/467 440/440/440
f 440/440/440 468/468/468 441/441/441
f 440/440/440 467/467/467 469/469/469
f 440/440/440 469/469/469 468/468/468
f 441/441/441 468/468/468 470/470/470
f 441/441/441 470/470/470 471/471/471
f 441/441/441 471/471/471 472/472/472
f 441/441/441 472/472/472 442/442/442
f 442/442/442 472/472/472 473/473/473
f 442/442/442 473/473/473 474/474/474
f 442/442/442 474/474/474 443/443/443
f 443/443/443 475/475/475 444/444/444
f 443/443/443 474/474/474 476/476/476
f 443/443/443 476/476/476 477/477/477
f 443/443/443 477/477/477 478/478/478
f 443/443/443 478/478/478 479/479/479
f 443/443/443 479/479/479 475/475/475
f 444/444/444 475/475/475 479/479/479
f 444/444/444 479/479/479 480/480/480
f 444/444/444 480/480/480 446/446/446
f 446/446/446 480/480/480 481/481/481
f 446/446/446 481/481/481 451/451/451
f 448/448/448 482/482/482 449/449/449
f 448/448/448 450/450/450 482/482/482
f 449/449/449 483/483/483 452/452/452
f 450/450/450 451/451/451 481/481/481
f 450/450/450 481/481/481 484/484/484
f 450/450/450 484/484/484 485/485/485
f 450/450/450 485/485/485 482/482/482
f 452/452/452 483/483/483 486/486/486
f 452/452/452 486/486/486 456/456/456
f 453/453/453 456/456/456 486/486/486
f 453/453/453 486/486/486 487/487/487
f 453/453/453 487/487/487 488/488/488
f 453/453/453 488/488/488 454/454/454
f 454/454/454 488/488/488 457/457/457
f 454/454/454 457/457/457 455/455/455
f 457/457/457 488/488/488 489/489/489
f 457/457/457 489/489/489 490/490/490
f 457/457/457 490/490/490 458/458/458
f 458/458/458 490/490/490 460/460/460
f 460/460/460 462/462/462 461/461/461
f 465/465/465 491/491/491 492/492/492
f 466/466/466 469/469/469 467/467/467
f 468/468/468 493/493/493 470/470/470
f 468/468/468 469/469/469 494/494/494
f 468/468/468 494/494/494 495/495/495
f 468/468/468 495/495/495 493/493/493
f 469/469/469 496/496/496 497/497/497
f 469/469/469 497/497/497 498/498/498
f 469/469/469 498/498/498 499/499/499
f 469/469/469 499/499/499 500/500/500
f 469/469/469 500/500/500 494/494/494
f 470/470/470 473/473/473 471/471/471
f 470/470/470 493/493/493 501/501/501
f 470/470/470 501/501/501 502/502/502
f 470/470/470 502/502/502 473/473/473
f 471/471/471 473/473/473 472/472/472
f 473/473/473 503/503/503 504/504/504
f 473/473/473 504/504/504 476/476/476
f 473/473/473 476/476/476 474/474/474
f 473/473/473 502/502/502 503/503/503
f 476/476/476 504/504/504 505/505/505
f 476/476/476 505/505/505 506/506/506
f 476/476/476 506/506/506 477/477/477
f 477/477/477 507/507/507 484/484/484
f 477/477/477 484/484/484 480/480/480
f 477/477/477 480/480/480 478/478/478
f 477/477/477 506/506/506 507/507/507
f 478/478/478 480/480/480 479/479/479
f 480/480/480 484/484/484 481/481/481
f 483/483/483 490/490/490 489/489/489
f 483/483/483 489/489/489 486/486/486
f 486/486/486 489/489/489 508/508/508
f 486/486/486 508/508/508 487/487/487
f 487/487/487 508/508/508 488/488/488
f 488/488/488 508/508/508 489/489/489
f 491/491/491 509/509/509 492/492/492
f 492/492/492 509/509/509 510/510/510
f 493/493/493 495/495/495 501/501/501
f 494/494/494 500/500/500 511/511/511
f 494/494/494 511/511/511 495/495/495
f 495/495/495 511/511/511 501/501/501
f 496/496/496 512/512/512 497/497/497
f 497/497/497 513/513/513 514/514/514
f 497/497/497 514/514/514 499/499/499
f 497/497/497 499/499/499 498/498/498
f 497/497/497 512/512/512 515/515/515
f 497/497/497 515/515/515 516/516/516
f 497/497/497 516/516/516 510/510/510
f 497/497/497 510/510/510 513/513/513
f 499/499/499 517/517/517 500/500/500
f 500/500/500 517/517/517 511/511/511
f 501/501/501 511/511/511 502/502/502
f 502/502/502 511/511/511 517/517/517
f 502/502/502 517/517/517 518/518/518
f 502/502/502 518/518/518 503/503/503
f 503/503/503 518/518/518 505/505/505
f 503/503/503 505/505/505 504/504/504
f 505/505/505 518/518/518 507/507/507
f 505/505/505 507/507/507 506/506/506
f 507/507/507 518/518/518 517/517/517
f 509/509/509 519/519/519 510/510/510
f 510/510/510 519/519/519 513/513/513
f 520/520/520 521/521/521 522/522/522
f 520/520/520 522/522/522 535/535/535
f 520/520/520 535/535/535 552/552/552
f 520/520/520 552/552/552 567/567/567
f 520/520/520 567/567/567 578/578/578
f 520/520/520 578/578/578 589/589/589
f 520/520/520 589/589/589 597/597/597
f 520/520/520 597/597/597 602/602/602
f 520/520/520 602/602/602 601/601/601
f 520/520/520 601/601/601 609/609/609
f 520/520/520 609/609/609 603/603/603
f 520/520/520 603/603/603 592/592/592
f 520/520/520 592/592/592 580/580/580
f 520/520/520 580/580/580 569/569/569
f 520/520/520 569/569/569 553/553/553
f 520/520/520 553/553/553 536/536/536
f 520/520/520 536/536/536 523/523/523
f 520/520/520 523/523/523 524/524/524
f 520/520/520 524/524/524 525/525/525
f 520/520/520 525/525/525 526/526/526
f 520/520/520 526/526/526 527/527/527
f 520/520/520 527/527/527 528/528/528
f 520/520/520 528/528/528 529/529/529
f 520/520/520 529/529/529 530/530/530
f 520/520/520 530/530/530 531/531/531
f 520/520/520 531/531/531 521/521/521
f 521/521/521 532/532/532 522/522/522
f 521/521/521 531/531/531 530/530/530
f 521/521/521 530/530/530 533/533/533
f 521/521/521 533/533/533 532/532/532
f 522/522/522 532/532/532 534/534/534
f 522/522/522 534/534/534 535/535/535
f 523/523/523 536/536/536 537/537/537
f 523/523/523 537/537/537 538/538/538
f 523/523/523 538/538/538 539/539/539
f 523/523/523 539/539/539 524/524/524
f 524/524/524 539/539/539 540/540/540
f 524/524/524 540/540/540 525/525/525
f 525/525/525 540/540/540 526/526/526
f 526/526/526 540/540/540 541/541/541
f 526/526/526 541/541/541 542/542/542
f 526/526/526 542/542/542 527/527/527
f 527/527/527 542/542/542 528/528/528
f 528/528/528 542/542/542 543/543/543
f 528/528/528 543/543/543 544/544/544
f 528/528/528 544/544/544 529/529/529
f 529/529/529 544/544/544 530/530/530
f 530/530/530 544/544/544 545/545/545
f 530/530/530 545/545/545 543/543/543
f 530/530/530 543/543/543 546/546/546
f 530/530/530 546/546/546 547/547/547
f 530/530/530 547/547/547 548/548/548
f 530/530/530 548/548/548 533/533/533
f 532/532/532 549/549/549 534/534/534
f 532/532/532 533/533/533 550/550/550
f 532/532/532 550/550/550 551/551/551
f 532/532/532 551/551/551 549/549/549
f 533/533/533 548/548/548 550/550/550
f 534/534/534 549/549/549 564/564/564
f 534/534/534 564/564/564 566/566/566
f 534/534/534 566/566/566 577/577/577
f 534/534/534 577/577/577 579/579/579
f 534/534/534 579/579/579 568/568/568
f 534/534/534 568/568/568 552/552/552
f 534/534/534 552/552/552 535/535/535
f 536/536/536 553/553/553 554/554/554
f 536/536/536 554/554/554 537/537/537
f 537/537/537 554/554/554 555/555/555
f 537/537/537 555/555/555 556/556/556
f 537/537/537 556/556/556 538/538/538
f 538/538/538 556/556/556 557/557/557
f 538/538/538 557/557/557 558/558/558
f 538/538/538 558/558/558 539/539/539
f 539/539/539 558/558/558 559/559/559
f 539/539/539 559/559/559 540/540/540
f 540/540/540 559/559/559 541/541/541
f 541/541/541 559/559/559 560/560/560
f 541/541/541 560/560/560 561/561/561
f 541/541/541 561/561/561 542/542/542
f 542/542/542 561/561/561 560/560/560
f 542/542/542 560/560/560 576/576/576
f 542/542/542 576/576/576 587/587/587
f 542/542/542 587/587/587 586/586/586
f 542/542/542 586/586/586 585/585/585
f 542/542/542 585/585/585 596/596/596
f 542/542/542 596/596/596 607/607/607
f 542/542/542 607/607/607 608/608/608
f 542/542/542 608/608/608 598/598/598
f 542/542/542 598/598/598 590/590/590
f 542/542/542 590/590/590 578/578/578
f 542/542/542 578/578/578 567/567/567
f 542/542/542 567/567/567 579/579/579
f 542/542/542 579/579/579 577/577/577
f 542/542/542 577/577/577 562/562/562
f 542/542/542 562/562/562 543/543/543
f 543/543/543 562/562/562 546/546/546
f 543/543/543 545/545/545 544/544/544
f 546/546/546 562/562/562 563/563/563
f 546/546/546 563/563/563 550/550/550
f 546/546/546 550/550/550 547/547/547
f 547/547/547 550/550/550 548/548/548
f 549/549/549 551/551/551 564/564/564
f 550/550/550 563/563/563 562/562/562
f 550/550/550 562/562/562 565/565/565
f 550/550/550 565/565/565 566/566/566
f 550/550/550 566/566/566 551/551/551
f 551/551/551 566/566/566 564/564/564
f 552/552/552 568/568/568 567/567/567
f 553/553/553 569/569/569 570/570/570
f 553/553/553 570/570/570 571/571/571
f 553/553/553 571/571/571 572/572/572
f 553/553/553 572/572/572 554/554/554
f 554/554/554 573/573/573 555/555/555
f 554/554/554 572/572/572 573/573/573
f 555/555/555 573/573/573 574/574/574
f 555/555/555 574/574/574 557/557/557
f 555/555/555 557/557/557 556/556/556
f 557/557/557 574/574/574 558/558/558
f 558/558/558 574/574/574 560/560/560
f 558/558/558 560/560/560 559/559/559
f 560/560/560 575/575/575 576/576/576
f 560/560/560 574/574/574 575/575/575
f 562/562/562 577/577/577 565/565/565
f 565/565/565 577/577/577 566/566/566
f 567/567/567 568/568/568 579/579/579
f 569/569/569 580/580/580 581/581/581
f 569/569/569 581/581/581 582/582/582
f 569/569/569 582/582/582 583/583/583
f 569/569/569 583/583/583 570/570/570
f 570/570/570 583/583/583 584/584/584
f 570/570/570 584/584/584 571/571/571
f 571/571/571 584/584/584 585/585/585
f 571/571/571 585/585/585 586/586/586
f 571/571/571 586/586/586 587/587/587
f 571/571/571 587/587/587 575/575/575
f 571/571/571 575/575/575 588/588/588
f 571/571/571 588/588/588 572/572/572
f 572/572/572 588/588/588 574/574/574
f 572/572/572 574/574/574 573/573/573
f 574/574/574 588/588/588 575/575/575
f 575/575/575 587/587/587 576/576/576
f 578/578/578 590/590/590 589/589/589
f 580/580/580 591/591/591 581/581/581
f 580/580/580 592/592/592 593/593/593
f 580/580/580 593/593/593 591/591/591
f 581/581/581 591/591/591 582/582/582
f 582/582/582 584/584/584 583/583/583
f 582/582/582 591/591/591 593/593/593
f 582/582/582 593/593/593 584/584/584
f 584/584/584 594/594/594 595/595/595
f 584/584/584 595/595/595 596/596/596
f 584/584/584 596/596/596 585/585/585
f 584/584/584 593/593/593 594/594/594
f 589/589/589 590/590/590 597/597/597
f 590/590/590 598/598/598 599/599/599
f 590/590/590 599/599/599 600/600/600
f 590/590/590 600/600/600 601/601/601
f 590/590/590 601/601/601 602/602/602
f 590/590/590 602/602/602 597/597/597
f 592/592/592 603/603/603 604/604/604
f 592/592/592 604/604/604 605/605/605
f 592/592/592 605/605/605 593/593/593
f 593/593/593 605/605/605 606/606/606
f 593/593/593 606/606/606 594/594/594
f 594/594/594 606/606/606 595/595/595
f 595/595/595 600/600/600 599/599/599
f 595/595/595 599/599/599 607/607/607
f 595/595/595 607/607/607 596/596/596
f 595/595/595 606/606/606 605/605/605
f 595/595/595 605/605/605 600/600/600
f 598/598/598 608/608/608 599/599/599
f 599/599/599 608/608/608 607/607/607
f 600/600/600 605/605/605 604/604/604
f 600/600/600 604/604/604 609/609/609
f 600/600/600 609/609/609 601/601/601
f 603/603/603 609/609/609 604/604/604
f 610/610/610 611/611/611 612/612/612
f 610/610/610 612/612/612 618/618/618
f 610/610/610 618/618/618 617/617/617
f 610/610/610 617/617/617 616/616/616
f 610/610/610 616/616/616 622/622/622
f 610/610/610 622/622/622 623/623/623
f 610/610/610 623/623/623 619/619/619
f 610/610/610 619/619/619 613/613/613
f 610/610/610 613/613/613 614/614/614
f 610/610/610 614/614/614 611/611/611
f 611/611/611 614/614/614 620/620/620
f 611/611/611 620/620/620 621/621/621
f 611/611/611 621/621/621 615/615/615
f 611/611/611 615/615/615 616/616/616
f 611/611/611 616/616/616 617/617/617
f 611/611/611 617/617/617 618/618/618
f 611/611/611 618/618/618 612/612/612
f 613/613/613 619/619/619 620/620/620
f 613/613/613 620/620/620 614/614/614
f 615/615/615 621/621/621 616/616/616
f 616/616/616 621/621/621 622/622/622
f 619/619/619 623/623/623 620/620/620
f 620/620/620 623/623/623 622/622/622
f 620/620/620 622/622/622 621/621/621
f 624/624/624 625/625/625 628/628/628
f 624/624/624 628/628/628 633/633/633
f 624/624/624 633/633/633 640/640/640
f 624/624/624 640/640/640 638/638/638
f 624/624/624 638/638/638 630/630/630
f 624/624/624 630/630/630 626/626/626
f 624/624/624 626/626/626 627/627/627
f 624/624/624 627/627/627 632/632/632
f 624/624/624 632/632/632 634/634/634
f 624/624/624 634/634/634 629/629/629
f 624/624/624 629/629/629 625/625/625
f 625/625/625 629/629/629 628/628/628
f 626/626/626 630/630/630 637/637/637
f 626/626/626 637/637/637 636/636/636
f 626/626/626 636/636/636 642/642/642
f 626/626/626 642/642/642 641/641/641
f 626/626/626 641/641/641 639/639/639
f 626/626/626 639/639/639 631/631/631
f 626/626/626 631/631/631 632/632/632
f 626/626/626 632/632/632 627/627/627
f 628/628/628 629/629/629 633/633/633
f 629/629/629 634/634/634 641/641/641
f 629/629/629 641/641/641 642/642/642
f 629/629/629 642/642/642 635/635/635
f 629/629/629 635/635/635 636/636/636
f 629/629/629 636/636/636 637/637/637
f 629/629/629 637/637/637 633/633/633
f 630/630/630 638/638/638 637/637/637
f 631/631/631 639/639/639 632/632/632
f 632/632/632 639/639/639 634/634/634
f 633/633/633 637/637/637 640/640/640
f 634/634/634 639/639/639 641/641/641
f 635/635/635 642/642/642 636/636/636
f 637/637/637 638/638/638 640/640/640
f 643/643/643 644/644/644 645/645/645
f 643/643/643 645/645/645 646/646/646
f 643/643/643 646/646/646 650/650/650
f 643/643/643 650/650/650 657/657/657
f 643/643/643 657/657/657 667/667/667
f 643/643/643 667/667/667 689/689/689
f 643/643/643 689/689/689 732/732/732
f 643/643/643 732/732/732 733/733/733
f 643/643/643 733/733/733 691/691/691
f 643/643/643 691/691/691 669/669/669
f 643/643/643 669/669/669 658/658/658
f 643/643/643 658/658/658 651/651/651
f 643/643/643 651/651/651 647/647/647
f 643/643/643 647/647/647 653/653/653
f 643/643/643 653/653/653 663/663/663
f 643/643/643 663/663/663 684/684/684
f 643/643/643 684/684/684 717/717/717
f 643/643/643 717/717/717 759/759/759
f 643/643/643 759/759/759 758/758/758
f 643/643/643 758/758/758 757/757/757
f 643/643/643 757/757/757 756/756/756
f 643/643/643 756/756/756 789/789/789
f 643/643/643 789/789/789 764/764/764
f 643/643/643 764/764/764 725/725/725
f 643/643/643 725/725/725 724/724/724
f 643/643/643 724/724/724 718/718/718
f 643/643/643 718/718/718 685/685/685
f 643/643/643 685/685/685 664/664/664
f 643/643/643 664/664/664 654/654/654
f 643/643/643 654/654/654 648/648/648
f 643/643/643 648/648/648 644/644/644
f 644/644/644 648/648/648 654/654/654
f 644/644/644 654/654/654 665/665/665
f 644/644/644 665/665/665 687/687/687
f 644/644/644 687/687/687 723/723/723
f 644/644/644 723/723/723 763/763/763
f 644/644/644 763/763/763 791/791/791
f 644/644/644 791/791/791 790/790/790
f 644/644/644 790/790/790 801/801/801
f 644/644/644 801/801/801 800/800/800
f 644/644/644 800/800/800 806/806/806
f 644/644/644 806/806/806 805/805/805
f 644/644/644 805/805/805 804/804/804
f 644/644/644 804/804/804 797/797/797
f 644/644/644 797/797/797 796/796/796
f 644/644/644 796/796/796 792/792/792
f 644/644/644 792/792/792 765/765/765
f 644/644/644 765/765/765 727/727/727
f 644/644/644 727/727/727 690/690/690
f 644/644/644 690/690/690 668/668/668
f 644/644/644 668/668/668 666/666/666
f 644/644/644 666/666/666 655/655/655
f 644/644/644 655/655/655 649/649/649
f 644/644/644 649/649/649 645/645/645
f 645/645/645 649/649/649 650/650/650
f 645/645/645 650/650/650 646/646/646
f 647/647/647 651/651/651 652/652/652
f 647/647/647 652/652/652 653/653/653
f 649/649/649 655/655/655 650/650/650
f 650/650/650 656/656/656 657/657/657
f 650/650/650 655/655/655 656/656/656
f 651/651/651 658/658/658 659/659/659
f 651/651/651 659/659/659 652/652/652
f 652/652/652 659/659/659 660/660/660
f 652/652/652 660/660/660 661/661/661
f 652/652/652 661/661/661 662/662/662
f 652/652/652 662/662/662 663/663/663
f 652/652/652 663/663/663 653/653/653
f 654/654/654 664/664/664 665/665/665
f 655/655/655 666/666/666 657/657/657
f 655/655/655 657/657/657 656/656/656
f 657/657/657 666/666/666 668/668/668
f 657/657/657 668/668/668 667/667/667
f 658/658/658 669/669/669 670/670/670
f 658/658/658 670/670/670 671/671/671
f 658/658/658 671/671/671 672/672/672
f 658/658/658 672/672/672 659/659/659
f 659/659/659 672/672/672 673/673/673
f 659/659/659 673/673/673 660/660/660
f 660/660/660 673/673/673 674/674/674
f 660/660/660 674/674/674 675/675/675
f 660/660/660 675/675/675 661/661/661
f 661/661/661 675/675/675 662/662/662
f 662/662/662 675/675/675 676/676/676
f 662/662/662 676/676/676 677/677/677
f 662/662/662 677/677/677 678/678/678
f 662/662/662 678/678/678 679/679/679
f 662/662/662 679/679/679 680/680/680
f 662/662/662 680/680/680 681/681/681
f 662/662/662 681/681/681 682/682/682
f 662/662/662 682/682/682 683/683/683
f 662/662/662 683/683/683 663/663/663
f 663/663/663 683/683/683 684/684/684
f 664/664/664 685/685/685 665/665/665
f 665/665/665 685/685/685 686/686/686
f 665/665/665 686/686/686 687/687/687
f 667/667/667 688/688/688 689/689/689
f 667/667/667 668/668/668 688/688/688
f 668/668/668 690/690/690 688/688/688
f 669/669/669 691/691/691 670/670/670
f 670/670/670 691/691/691 692/692/692
f 670/670/670 692/692/692 693/693/693
f 670/670/670 693/693/693 671/671/671
f 671/671/671 673/673/673 672/672/672
f 671/671/671 693/693/693 694/694/694
f 671/671/671 694/694/694 673/673/673
f 673/673/673 694/694/694 695/695/695
f 673/673/673 695/695/695 696/696/696
f 673/673/673 696/696/696 674/674/674
f 674/674/674 696/696/696 695/695/695
f 674/674/674 695/695/695 677/677/677
f 674/674/674 677/677/677 675/675/675
f 675/675/675 677/677/677 676/676/676
f 677/677/677 695/695/695 694/694/694
f 677/677/677 694/694/694 697/697/697
f 677/677/677 697/697/697 698/698/698
f 677/677/677 698/698/698 699/699/699
f 677/677/677 699/699/699 700/700/700
f 677/677/677 700/700/700 701/701/701
f 677/677/677 701/701/701 678/678/678
f 678/678/678 702/702/702 703/703/703
f 678/678/678 703/703/703 679/679/679
f 678/678/678 701/701/701 702/702/702
f 679/679/679 704/704/704 705/705/705
f 679/679/679 705/705/705 706/706/706
f 679/679/679 706/706/706 707/707/707
f 679/679/679 707/707/707 708/708/708
f 679/679/679 708/708/708 709/709/709
f 679/679/679 709/709/709 680/680/680
f 679/679/679 703/703/703 700/700/700
f 679/679/679 700/700/700 704/704/704
f 680/680/680 709/709/709 710/710/710
f 680/680/680 710/710/710 711/711/711
f 680/680/680 711/711/711 712/712/712
f 680/680/680 712/712/712 713/713/713
f 680/680/680 713/713/713 714/714/714
f 680/680/680 714/714/714 715/715/715
f 680/680/680 715/715/715 716/716/716
f 680/680/680 716/716/716 681/681/681
f 681/681/681 716/716/716 715/715/715
f 681/681/681 715/715/715 682/682/682
f 682/682/682 715/715/715 683/683/683
f 683/683/683 715/715/715 684/684/684
f 684/684/684 715/715/715 717/717/717
f 685/685/685 718/718/718 686/686/686
f 686/686/686 718/718/718 687/687/687
f 687/687/687 719/719/719 720/720/720
f 687/687/687 720/720/720 721/721/721
f 687/687/687 721/721/721 722/722/722
f 687/687/687 722/722/722 723/723/723
f 687/687/687 718/718/718 724/724/724
f 687/687/687 724/724/724 725/725/725
f 687/687/687 725/725/725 719/719/719
f 688/688/688 726/726/726 689/689/689
f 688/688/688 690/690/690 727/727/727
f 688/688/688 727/727/727 726/726/726
f 689/689/689 728/728/728 729/729/729
f 689/689/689 729/729/729 730/730/730
f 689/689/689 730/730/730 731/731/731
f 689/689/689 731/731/731 732/732/732
f 689/689/689 726/726/726 727/727/727
f 689/689/689 727/727/727 728/728/728
f 691/691/691 733/733/733 734/734/734
f 691/691/691 734/734/734 735/735/735
f 691/691/691 735/735/735 736/736/736
f 691/691/691 736/736/736 692/692/692
f 692/692/692 736/736/736 693/693/693
f 693/693/693 736/736/736 737/737/737
f 693/693/693 737/737/737 694/694/694
f 694/694/694 737/737/737 738/738/738
f 694/694/694 738/738/738 739/739/739
f 694/694/694 739/739/739 697/697/697
f 697/697/697 740/740/740 698/698/698
f 697/697/697 739/739/739 741/741/741
f 697/697/697 741/741/741 740/740/740
f 698/698/698 740/740/740 742/742/742
f 698/698/698 742/742/742 743/743/743
f 698/698/698 743/743/743 744/744/744
f 698/698/698 744/744/744 699/699/699
f 699/699/699 744/744/744 745/745/745
f 699/699/699 745/745/745 746/746/746
f 699/699/699 746/746/746 700/700/700
f 700/700/700 746/746/746 704/704/704
f 700/700/700 703/703/703 747/747/747
f 700/700/700 747/747/747 701/701/701
f 701/701/701 747/747/747 702/702/702
f 702/702/702 747/747/747 703/703/703
f 704/704/704 748/748/748 705/705/705
f 704/704/704 746/746/746 745/745/745
f 704/704/704 745/745/745 748/748/748
f 705/705/705 748/748/748 706/706/706
f 706/706/706 748/748/748 707/707/707
f 707/707/707 748/748/748 749/749/749
f 707/707/707 749/749/749 750/750/750
f 707/707/707 750/750/750 708/708/708
f 708/708/708 750/750/750 751/751/751
f 708/708/708 751/751/751 752/752/752
f 708/708/708 752/752/752 710/710/710
f 708/708/708 710/710/710 709/709/709
f 710/710/710 752/752/752 753/753/753
f 710/710/710 753/753/753 754/754/754
f 710/710/710 754/754/754 755/755/755
f 710/710/710 755/755/755 711/711/711
f 711/711/711 755/755/755 712/712/712
f 712/712/712 755/755/755 756/756/756
f 712/712/712 756/756/756 757/757/757
f 712/712/712 757/757/757 713/713/713
f 713/713/713 757/757/757 758/758/758
f 713/713/713 758/758/758 759/759/759
f 713/713/713 759/759/759 717/717/717
f 713/713/713 717/717/717 715/715/715
f 713/713/713 715/715/715 714/714/714
f 719/719/719 760/760/760 754/754/754
f 719/719/719 754/754/754 761/761/761
f 719/719/719 761/761/761 721/721/721
f 719/719/719 721/721/721 720/720/720
f 719/719/719 725/725/725 760/760/760
f 721/721/721 761/761/761 753/753/753
f 721/721/721 753/753/753 722/722/722
f 722/722/722 753/753/753 752/752/752
f 722/722/722 752/752/752 751/751/751
f 722/722/722 751/751/751 762/762/762
f 722/722/722 762/762/762 723/723/723
f 723/723/723 762/762/762 763/763/763
f 725/725/725 764/764/764 760/760/760
f 727/727/727 765/765/765 766/766/766
f 727/727/727 766/766/766 767/767/767
f 727/727/727 767/767/767 768/768/768
f 727/727/727 768/768/768 728/728/728
f 728/728/728 768/768/768 729/729/729
f 729/729/729 768/768/768 769/769/769
f 729/729/729 769/769/769 770/770/770
f 729/729/729 770/770/770 771/771/771
f 729/729/729 771/771/771 730/730/730
f 730/730/730 772/772/772 731/731/731
f 730/730/730 771/771/771 772/772/772
f 731/731/731 772/772/772 732/732/732
f 732/732/732 772/772/772 734/734/734
f 732/732/732 734/734/734 733/733/733
f 734/734/734 772/772/772 773/773/773
f 734/734/734 773/773/773 735/735/735
f 735/735/735 773/773/773 774/774/774
f 735/735/735 774/774/774 736/736/736
f 736/736/736 774/774/774 737/737/737
f 737/737/737 739/739/739 738/738/738
f 737/737/737 774/774/774 739/739/739
f 739/739/739 775/775/775 776/776/776
f 739/739/739 776/776/776 741/741/741
f 739/739/739 774/774/774 775/775/775
f 740/740/740 741/741/741 777/777/777
f 740/740/740 777/777/777 794/794/794
f 740/740/740 794/794/794 778/778/778
f 740/740/740 778/778/778 779/779/779
f 740/740/740 779/779/779 743/743/743
f 740/740/740 743/743/743 742/742/742
f 741/741/741 776/776/776 771/771/771
f 741/741/741 771/771/771 780/780/780
f 741/741/741 780/780/780 767/767/767
f 741/741/741 767/767/767 777/777/777
f 743/743/743 779/779/779 781/781/781
f 743/743/743 781/781/781 782/782/782
f 743/743/743 782/782/782 783/783/783
f 743/743/743 783/783/783 784/784/784
f 743/743/743 784/784/784 749/749/749
f 743/743/743 749/749/749 785/785/785
f 743/743/743 785/785/785 744/744/744
f 744/744/744 785/785/785 749/749/749
f 744/744/744 749/749/749 748/748/748
f 744/744/744 748/748/748 745/745/745
f 749/749/749 784/784/784 750/750/750
f 750/750/750 762/762/762 751/751/751
f 750/750/750 784/784/784 786/786/786
f 750/750/750 786/786/786 787/787/787
f 750/750/750 787/787/787 762/762/762
f 753/753/753 761/761/761 754/754/754
f 754/754/754 760/760/760 788/788/788
f 754/754/754 788/788/788 755/755/755
f 755/755/755 788/788/788 789/789/789
f 755/755/755 789/789/789 756/756/756
f 760/760/760 764/764/764 788/788/788
f 762/762/762 787/787/787 790/790/790
f 762/762/762 790/790/790 791/791/791
f 762/762/762 791/791/791 763/763/763
f 764/764/764 789/789/789 788/788/788
f 765/765/765 792/792/792 793/793/793
f 765/765/765 793/793/793 766/766/766
f 766/766/766 793/793/793 778/778/778
f 766/766/766 778/778/778 794/794/794
f 766/766/766 794/794/794 767/767/767
f 767/767/767 780/780/780 768/768/768
f 767/767/767 794/794/794 777/777/777
f 768/768/768 780/780/780 770/770/770
f 768/768/768 770/770/770 769/769/769
f 770/770/770 780/780/780 771/771/771
f 771/771/771 776/776/776 795/795/795
f 771/771/771 795/795/795 772/772/772
f 772/772/772 795/795/795 775/775/775
f 772/772/772 775/775/775 773/773/773
f 773/773/773 775/775/775 774/774/774
f 775/775/775 795/795/795 776/776/776
f 778/778/778 793/793/793 779/779/779
f 779/779/779 793/793/793 792/792/792
f 779/779/779 792/792/792 781/781/781
f 781/781/781 796/796/796 797/797/797
f 781/781/781 797/797/797 798/798/798
f 781/781/781 798/798/798 799/799/799
f 781/781/781 799/799/799 782/782/782
f 781/781/781 792/792/792 796/796/796
f 782/782/782 799/799/799 800/800/800
f 782/782/782 800/800/800 801/801/801
f 782/782/782 801/801/801 786/786/786
f 782/782/782 786/786/786 802/802/802
f 782/782/782 802/802/802 803/803/803
f 782/782/782 803/803/803 783/783/783
f 783/783/783 803/803/803 784/784/784
f 784/784/784 803/803/803 786/786/786
f 786/786/786 801/801/801 790/790/790
f 786/786/786 790/790/790 787/787/787
f 786/786/786 803/803/803 802/802/802
f 797/797/797 804/804/804 798/798/798
f 798/798/798 804/804/804 805/805/805
f 798/798/798 805/805/805 806/806/806
f 798/798/798 806/806/806 800/800/800
f 798/798/798 800/800/800 799/799/799
f 807/807/807 808/808/808 816/816/816
f 807/807/807 816/816/816 809/809/809
f 807/807/807 809/809/809 810/810/810
f 807/807/807 810/810/810 811/811/811
f 807/807/807 811/811/811 812/812/812
f 807/807/807 812/812/812 818/818/818
f 807/807/807 818/818/818 822/822/822
f 807/807/807 822/822/822 821/821/821
f 807/807/807 821/821/821 819/819/819
f 807/807/807 819/819/819 813/813/813
f 807/807/807 813/813/813 808/808/808
f 808/808/808 813/813/813 814/814/814
f 808/808/808 814/814/814 815/815/815
f 808/808/808 815/815/815 816/816/816
f 809/809/809 816/816/816 815/815/815
f 809/809/809 815/815/815 810/810/810
f 810/810/810 815/815/815 814/814/814
f 810/810/810 814/814/814 820/820/820
f 810/810/810 820/820/820 825/825/825
f 810/810/810 825/825/825 824/824/824
f 810/810/810 824/824/824 823/823/823
f 810/810/810 823/823/823 817/817/817
f 810/810/810 817/817/817 811/811/811
f 811/811/811 817/817/817 818/818/818
f 811/811/811 818/818/818 812/812/812
f 813/813/813 819/819/819 814/814/814
f 814/814/814 819/819/819 821/821/821
f 814/814/814 821/821/821 822/822/822
f 814/814/814 822/822/822 820/820/820
f 817/817/817 823/823/823 818/818/818
f 818/818/818 823/823/823 824/824/824
f 818/818/818 824/824/824 825/825/825
f 818/818/818 825/825/825 822/822/822
f 820/820/820 822/822/822 825/825/825
f 826/826/826 827/827/827 831/831/831
f 826/826/826 831/831/831 828/828/828
f 826/826/826 828/828/828 835/835/835
f 826/826/826 835/835/835 836/836/836
f 826/826/826 836/836/836 829/829/829
f 826/826/826 829/829/829 837/837/837
f 826/826/826 837/837/837 841/841/841
f 826/826/826 841/841/841 845/845/845
f 826/826/826 845/845/845 843/843/843
f 826/826/826 843/843/843 838/838/838
f 826/826/826 838/838/838 832/832/832
f 826/826/826 832/832/832 827/827/827
f 827/827/827 830/830/830 831/831/831
f 827/827/827 832/832/832 833/833/833
f 827/827/827 833/833/833 834/834/834
f 827/827/827 834/834/834 830/830/830
f 828/828/828 831/831/831 830/830/830
f 828/828/828 830/830/830 834/834/834
f 828/828/828 834/834/834 839/839/839
f 828/828/828 839/839/839 844/844/844
f 828/828/828 844/844/844 842/842/842
f 828/828/828 842/842/842 840/840/840
f 828/828/828 840/840/840 835/835/835
f 829/829/829 836/836/836 837/837/837
f 832/832/832 838/838/838 839/839/839
f 832/832/832 839/839/839 833/833/833
f 833/833/833 839/839/839 834/834/834
f 835/835/835 840/840/840 836/836/836
f 836/836/836 840/840/840 837/837/837
f 837/837/837 840/840/840 842/842/842
f 837/837/837 842/842/842 841/841/841
f 838/838/838 843/843/843 839/839/839
f 839/839/839 843/843/843 844/844/844
f 841/841/841 842/842/842 844/844/844
f 841/841/841 844/844/844 845/845/845
f 843/843/843 845/845/845 844/844/844
f 846/846/846 847/847/847 851/851/851
f 846/846/846 851/851/851 856/856/856
f 846/846/846 856/856/856 863/863/863
f 846/846/846 863/863/863 867/867/867
f 846/846/846 867/867/867 857/857/857
f 846/846/846 857/857/857 852/852/852
f 846/846/846 852/852/852 848/848/848
f 846/846/846 848/848/848 853/853/853
f 846/846/846 853/853/853 859/859/859
f 846/846/846 859/859/859 860/860/860
f 846/846/846 860/860/860 854/854/854
f 846/846/846 854/854/854 849/849/849
f 846/846/846 849/849/849 850/850/850
f 846/846/846 850/850/850 847/847/847
f 847/847/847 850/850/850 855/855/855
f 847/847/847 855/855/855 851/851/851
f 848/848/848 852/852/852 853/853/853
f 849/849/849 854/854/854 861/861/861
f 849/849/849 861/861/861 868/868/868
f 849/849/849 868/868/868 870/870/870
f 849/849/849 870/870/870 865/865/865
f 849/849/849 865/865/865 864/864/864
f 849/849/849 864/864/864 862/862/862
f 849/849/849 862/862/862 855/855/855
f 849/849/849 855/855/855 850/850/850
f 851/851/851 855/855/855 856/856/856
f 852/852/852 857/857/857 858/858/858
f 852/852/852 858/858/858 853/853/853
f 853/853/853 858/858/858 859/859/859
f 854/854/854 860/860/860 861/861/861
f 855/855/855 862/862/862 856/856/856
f 856/856/856 862/862/862 864/864/864
f 856/856/856 864/864/864 865/865/865
f 856/856/856 865/865/865 863/863/863
f 857/857/857 866/866/866 858/858/858
f 857/857/857 867/867/867 868/868/868
f 857/857/857 868/868/868 869/869/869
f 857/857/857 869/869/869 866/866/866
f 858/858/858 866/866/866 859/859/859
f 859/859/859 866/866/866 869/869/869
f 859/859/859 869/869/869 860/860/860
f 860/860/860 869/869/869 868/868/868
f 860/860/860 868/868/868 861/861/861
f 863/863/863 865/865/865 867/867/867
f 865/865/865 870/870/870 867/867/867
f 867/867/867 870/870/870 868/868/868
f 871/871/871 872/872/872 877/877/877
f 871/871/871 877/877/877 885/885/885
f 871/871/871 885/885/885 893/893/893
f 871/871/871 893/893/893 894/894/894
f 871/871/871 894/894/894 886/886/886
f 871/871/871 886/886/886 878/878/878
f 871/871/871 878/878/878 873/873/873
f 871/871/871 873/873/873 874/874/874
f 871/871/871 874/874/874 875/875/875
f 871/871/871 875/875/875 880/880/880
f 871/871/871 880/880/880 881/881/881
f 871/871/871 881/881/881 876/876/876
f 871/871/871 876/876/876 872/872/872
f 872/872/872 876/876/876 877/877/877
f 873/873/873 878/878/878 879/879/879
f 873/873/873 879/879/879 874/874/874
f 874/874/874 879/879/879 888/888/888
f 874/874/874 888/888/888 895/895/895
f 874/874/874 895/895/895 890/890/890
f 874/874/874 890/890/890 882/882/882
f 874/874/874 882/882/882 889/889/889
f 874/874/874 889/889/889 880/880/880
f 874/874/874 880/880/880 875/875/875
f 876/876/876 881/881/881 882/882/882
f 876/876/876 882/882/882 883/883/883
f 876/876/876 883/883/883 884/884/884
f 876/876/876 884/884/884 877/877/877
f 877/877/877 884/884/884 885/885/885
f 878/878/878 886/886/886 879/879/879
f 879/879/879 887/887/887 888/888/888
f 879/879/879 886/886/886 887/887/887
f 880/880/880 889/889/889 881/881/881
f 881/881/881 889/889/889 882/882/882
f 882/882/882 890/890/890 891/891/891
f 882/882/882 891/891/891 883/883/883
f 883/883/883 891/891/891 892/892/892
f 883/883/883 892/892/892 884/884/884
f 884/884/884 892/892/892 885/885/885
f 885/885/885 892/892/892 893/893/893
f 886/886/886 894/894/894 891/891/891
f 886/886/886 891/891/891 890/890/890
f 886/886/886 890/890/890 895/895/895
f 886/886/886 895/895/895 887/887/887
f 887/887/887 895/895/895 888/888/888
f 891/891/891 894/894/894 892/892/892
f 892/892/892 894/894/894 893/893/893
f 896/896/896 897/897/897 903/903/903
f 896/896/896 903/903/903 921/921/921
f 896/896/896 921/921/921 923/923/923
f 896/896/896 923/923/923 930/930/930
f 896/896/896 930/930/930 941/941/941
f 896/896/896 941/941/941 948/948/948
f 896/896/896 948/948/948 959/959/959
f 896/896/896 959/959/959 950/950/950
f 896/896/896 950/950/950 943/943/943
f 896/896/896 943/943/943 933/933/933
f 896/896/896 933/933/933 924/924/924
f 896/896/896 924/924/924 905/905/905
f 896/896/896 905/905/905 898/898/898
f 896/896/896 898/898/898 899/899/899
f 896/896/896 899/899/899 900/900/900
f 896/896/896 900/900/900 901/901/901
f 896/896/896 901/901/901 902/902/902
f 896/896/896 902/902/902 897/897/897
f 897/897/897 902/902/902 904/904/904
f 897/897/897 904/904/904 903/903/903
f 898/898/898 905/905/905 906/906/906
f 898/898/898 906/906/906 907/907/907
f 898/898/898 907/907/907 899/899/899
f 899/899/899 907/907/907 906/906/906
f 899/899/899 906/906/906 926/926/926
f 899/899/899 926/926/926 935/935/935
f 899/899/899 935/935/935 934/934/934
f 899/899/899 934/934/934 944/944/944
f 899/899/899 944/944/944 952/952/952
f 899/899/899 952/952/952 955/955/955
f 899/899/899 955/955/955 954/954/954
f 899/899/899 954/954/954 953/953/953
f 899/899/899 953/953/953 945/945/945
f 899/899/899 945/945/945 938/938/938
f 899/899/899 938/938/938 936/936/936
f 899/899/899 936/936/936 927/927/927
f 899/899/899 927/927/927 918/918/918
f 899/899/899 918/918/918 917/917/917
f 899/899/899 917/917/917 916/916/916
f 899/899/899 916/916/916 915/915/915
f 899/899/899 915/915/915 914/914/914
f 899/899/899 914/914/914 913/913/913
f 899/899/899 913/913/913 911/911/911
f 899/899/899 911/911/911 910/910/910
f 899/899/899 910/910/910 909/909/909
f 899/899/899 909/909/909 908/908/908
f 899/899/899 908/908/908 900/900/900
f 900/900/900 908/908/908 909/909/909
f 900/900/900 909/909/909 901/901/901
f 901/901/901 909/909/909 902/902/902
f 902/902/902 909/909/909 910/910/910
f 902/902/902 910/910/910 911/911/911
f 902/902/902 911/911/911 912/912/912
f 902/902/902 912/912/912 913/913/913
f 902/902/902 913/913/913 914/914/914
f 902/902/902 914/914/914 915/915/915
f 902/902/902 915/915/915 916/916/916
f 902/902/902 916/916/916 917/917/917
f 902/902/902 917/917/917 918/918/918
f 902/902/902 918/918/918 919/919/919
f 902/902/902 919/919/919 920/920/920
f 902/902/902 920/920/920 904/904/904
f 903/903/903 904/904/904 921/921/921
f 904/904/904 920/920/920 922/922/922
f 904/904/904 922/922/922 923/923/923
f 904/904/904 923/923/923 921/921/921
f 905/905/905 924/924/924 906/906/906
f 906/906/906 925/925/925 926/926/926
f 906/906/906 924/924/924 925/925/925
f 911/911/911 913/913/913 912/912/912
f 918/918/918 927/927/927 928/928/928
f 918/918/918 928/928/928 919/919/919
f 919/919/919 928/928/928 920/920/920
f 920/920/920 928/928/928 929/929/929
f 920/920/920 929/929/929 922/922/922
f 922/922/922 929/929/929 923/923/923
f 923/923/923 929/929/929 928/928/928
f 923/923/923 928/928/928 931/931/931
f 923/923/923 931/931/931 932/932/932
f 923/923/923 932/932/932 930/930/930
f 924/924/924 933/933/933 925/925/925
f 925/925/925 934/934/934 935/935/935
f 925/925/925 935/935/935 926/926/926
f 925/925/925 933/933/933 934/934/934
f 927/927/927 936/936/936 928/928/928
f 928/928/928 936/936/936 937/937/937
f 928/928/928 937/937/937 938/938/938
f 928/928/928 938/938/938 939/939/939
f 928/928/928 939/939/939 940/940/940
f 928/928/928 940/940/940 931/931/931
f 930/930/930 932/932/932 941/941/941
f 931/931/931 940/940/940 942/942/942
f 931/931/931 942/942/942 932/932/932
f 932/932/932 942/942/942 941/941/941
f 933/933/933 943/943/943 934/934/934
f 934/934/934 943/943/943 950/950/950
f 934/934/934 950/950/950 958/958/958
f 934/934/934 958/958/958 957/957/957
f 934/934/934 957/957/957 956/956/956
f 934/934/934 956/956/956 951/951/951
f 934/934/934 951/951/951 944/944/944
f 936/936/936 938/938/938 937/937/937
f 938/938/938 945/945/945 939/939/939
f 939/939/939 945/945/945 953/953/953
f 939/939/939 953/953/953 946/946/946
f 939/939/939 946/946/946 947/947/947
f 939/939/939 947/947/947 940/940/940
f 940/940/940 947/947/947 949/949/949
f 940/940/940 949/949/949 942/942/942
f 941/941/941 942/942/942 949/949/949
f 941/941/941 949/949/949 948/948/948
f 944/944/944 951/951/951 946/946/946
f 944/944/944 946/946/946 952/952/952
f 946/946/946 953/953/953 954/954/954
f 946/946/946 954/954/954 955/955/955
f 946/946/946 955/955/955 952/952/952
f 946/946/946 951/951/951 956/956/956
f 946/946/946 956/956/956 957/957/957
f 946/946/946 957/957/957 958/958/958
f 946/946/946 958/958/958 947/947/947
f 947/947/947 958/958/958 949/949/949
f 948/948/948 949/949/949 959/959/959
f 949/949/949 958/958/958 959/959/959
f 950/950/950 959/959/959 958/958/958
f 960/960/960 961/961/961 962/962/962
f 960/960/960 962/962/962 967/967/967
f 960/960/960 967/967/967 979/979/979
f 960/960/960 979/979/979 983/983/983
f 960/960/960 983/983/983 980/980/980
f 960/960/960 980/980/980 968/968/968
f 960/960/960 968/968/968 963/963/963
f 960/960/960 963/963/963 964/964/964
f 960/960/960 964/964/964 961/961/961
f 961/961/961 964/964/964 965/965/965
f 961/961/961 965/965/965 962/962/962
f 962/962/962 965/965/965 966/966/966
f 962/962/962 966/966/966 973/973/973
f 962/962/962 973/973/973 972/972/972
f 962/962/962 972/972/972 971/971/971
f 962/962/962 971/971/971 974/974/974
f 962/962/962 974/974/974 967/967/967
f 963/963/963 968/968/968 969/969/969
f 963/963/963 969/969/969 970/970/970
f 963/963/963 970/970/970 964/964/964
f 964/964/964 970/970/970 969/969/969
f 964/964/964 969/969/969 981/981/981
f 964/964/964 981/981/981 982/982/982
f 964/964/964 982/982/982 978/978/978
f 964/964/964 978/978/978 977/977/977
f 964/964/964 977/977/977 976/976/976
f 964/964/964 976/976/976 975/975/975
f 964/964/964 975/975/975 974/974/974
f 964/964/964 974/974/974 971/971/971
f 964/964/964 971/971/971 965/965/965
f 965/965/965 971/971/971 972/972/972
f 965/965/965 972/972/972 973/973/973
f 965/965/965 973/973/973 966/966/966
f 967/967/967 974/974/974 975/975/975
f 967/967/967 975/975/975 976/976/976
f 967/967/967 976/976/976 977/977/977
f 967/967/967 977/977/977 978/978/978
f 967/967/967 978/978/978 979/979/979
f 968/968/968 980/980/980 969/969/969
f 969/969/969 980/980/980 981/981/981
f 978/978/978 982/982/982 983/983/983
f 978/978/978 983/983/983 979/979/979
f 980/980/980 983/983/983 981/981/981
f 981/981/981 983/983/983 982/982/982
f 984/984/984 985/985/985 986/986/986
f 984/984/984 986/986/986 990/990/990
f 984/984/984 990/990/990 997/997/997
f 984/984/984 997/997/997 1005/1005/1005
f 984/984/984 1005/1005/1005 1008/1008/1008
f 984/984/984 1008/1008/1008 998/998/998
f 984/984/984 998/998/998 991/991/991
f 984/984/984 991/991/991 987/987/987
f 984/984/984 987/987/987 993/993/993
f 984/984/984 993/993/993 994/994/994
f 984/984/984 994/994/994 988/988/988
f 984/984/984 988/988/988 985/985/985
f 985/985/985 988/988/988 995/995/995
f 985/985/985 995/995/995 1000/1000/1000
f 985/985/985 1000/1000/1000 1007/1007/1007
f 985/985/985 1007/1007/1007 1006/1006/1006
f 985/985/985 1006/1006/1006 1002/1002/1002
f 985/985/985 1002/1002/1002 996/996/996
f 985/985/985 996/996/996 989/989/989
f 985/985/985 989/989/989 986/986/986
f 986/986/986 989/989/989 990/990/990
f 987/987/987 991/991/991 992/992/992
f 987/987/987 992/992/992 993/993/993
f 988/988/988 994/994/994 992/992/992
f 988/988/988 992/992/992 995/995/995
f 989/989/989 996/996/996 1001/1001/1001
f 989/989/989 1001/1001/1001 1004/1004/1004
f 989/989/989 1004/1004/1004 997/997/997
f 989/989/989 997/997/997 990/990/990
f 991/991/991 998/998/998 999/999/999
f 991/991/991 999/999/999 992/992/992
f 992/992/992 994/994/994 993/993/993
f 992/992/992 999/999/999 1000/1000/1000
f 992/992/992 1000/1000/1000 995/995/995
f 996/996/996 1002/1002/1002 1003/1003/1003
f 996/996/996 1003/1003/1003 1001/1001/1001
f 997/997/997 1004/1004/1004 1005/1005/1005
f 998/998/998 1006/1006/1006 1007/1007/1007
f 998/998/998 1007/1007/1007 999/999/999
f 998/998/998 1008/1008/1008 1006/1006/1006
f 999/999/999 1007/1007/1007 1000/1000/1000
f 1001/1001/1001 1003/1003/1003 1009/1009/1009
f 1001/1001/1001 1009/1009/1009 1004/1004/1004
f 1002/1002/1002 1006/1006/1006 1008/1008/1008
f 1002/1002/1002 1008/1008/1008 1003/1003/1003
f 1003/1003/1003 1008/1008/1008 1009/1009/1009
f 1004/1004/1004 1009/1009/1009 1005/1005/1005
f 1005/1005/1005 1009/1009/1009 1008/1008/1008
f 1010/1010/1010 1011/1011/1011 1019/1019/1019
f 1010/1010/1010 1019/1019/1019 1034/1034/1034
f 1010/1010/1010 1034/1034/1034 1047/1047/1047
f 1010/1010/1010 1047/1047/1047 1063/1063/1063
f 1010/1010/1010 1063/1063/1063 1078/1078/1078
f 1010/1010/1010 1078/1078/1078 1091/1091/1091
f 1010/1010/1010 1091/1091/1091 1090/1090/1090
f 1010/1010/1010 1090/1090/1090 1098/1098/1098
f 1010/1010/1010 1098/1098/1098 1097/1097/1097
f 1010/1010/1010 1097/1097/1097 1096/1096/1096
f 1010/1010/1010 1096/1096/1096 1095/1095/1095
f 1010/1010/1010 1095/1095/1095 1099/1099/1099
f 1010/1010/1010 1099/1099/1099 1085/1085/1085
f 1010/1010/1010 1085/1085/1085 1084/1084/1084
f 1010/1010/1010 1084/1084/1084 1080/1080/1080
f 1010/1010/1010 1080/1080/1080 1079/1079/1079
f 1010/1010/1010 1079/1079/1079 1066/1066/1066
f 1010/1010/1010 1066/1066/1066 1052/1052/1052
f 1010/1010/1010 1052/1052/1052 1051/1051/1051
f 1010/1010/1010 1051/1051/1051 1037/1037/1037
f 1010/1010/1010 1037/1037/1037 1021/1021/1021
f 1010/1010/1010 1021/1021/1021 1012/1012/1012
f 1010/1010/1010 1012/1012/1012 1020/1020/1020
f 1010/1010/1010 1020/1020/1020 1013/1013/1013
f 1010/1010/1010 1013/1013/1013 1024/1024/1024
f 1010/1010/1010 1024/1024/1024 1043/1043/1043
f 1010/1010/1010 1043/1043/1043 1060/1060/1060
f 1010/1010/1010 1060/1060/1060 1064/1064/1064
f 1010/1010/1010 1064/1064/1064 1048/1048/1048
f 1010/1010/1010 1048/1048/1048 1031/1031/1031
f 1010/1010/1010 1031/1031/1031 1030/1030/1030
f 1010/1010/1010 1030/1030/1030 1025/1025/1025
f 1010/1010/1010 1025/1025/1025 1014/1014/1014
f 1010/1010/1010 1014/1014/1014 1011/1011/1011
f 1011/1011/1011 1014/1014/1014 1015/1015/1015
f 1011/1011/1011 1015/1015/1015 1016/1016/1016
f 1011/1011/1011 1016/1016/1016 1017/1017/1017
f 1011/1011/1011 1017/1017/1017 1018/1018/1018
f 1011/1011/1011 1018/1018/1018 1019/1019/1019
f 1012/1012/1012 1021/1021/1021 1022/1022/1022
f 1012/1012/1012 1022/1022/1022 1023/1023/1023
f 1012/1012/1012 1023/1023/1023 1020/1020/1020
f 1013/1013/1013 1020/1020/1020 1035/1035/1035
f 1013/1013/1013 1035/1035/1035 1024/1024/1024
f 1014/1014/1014 1025/1025/1025 1015/1015/1015
f 1015/1015/1015 1026/1026/1026 1027/1027/1027
f 1015/1015/1015 1027/1027/1027 1028/1028/1028
f 1015/1015/1015 1028/1028/1028 1029/1029/1029
f 1015/1015/1015 1029/1029/1029 1016/1016/1016
f 1015/1015/1015 1025/1025/1025 1030/1030/1030
f 1015/1015/1015 1030/1030/1030 1031/1031/1031
f 1015/1015/1015 1031/1031/1031 1032/1032/1032
f 1015/1015/1015 1032/1032/1032 1048/1048/1048
f 1015/1015/1015 1048/1048/1048 1064/1064/1064
f 1015/1015/1015 1064/1064/1064 1074/1074/1074
f 1015/1015/1015 1074/1074/1074 1065/1065/1065
f 1015/1015/1015 1065/1065/1065 1058/1058/1058
f 1015/1015/1015 1058/1058/1058 1073/1073/1073
f 1015/1015/1015 1073/1073/1073 1056/1056/1056
f 1015/1015/1015 1056/1056/1056 1070/1070/1070
f 1015/1015/1015 1070/1070/1070 1081/1081/1081
f 1015/1015/1015 1081/1081/1081 1082/1082/1082
f 1015/1015/1015 1082/1082/1082 1087/1087/1087
f 1015/1015/1015 1087/1087/1087 1092/1092/1092
f 1015/1015/1015 1092/1092/1092 1088/1088/1088
f 1015/1015/1015 1088/1088/1088 1075/1075/1075
f 1015/1015/1015 1075/1075/1075 1061/1061/1061
f 1015/1015/1015 1061/1061/1061 1044/1044/1044
f 1015/1015/1015 1044/1044/1044 1026/1026/1026
f 1016/1016/1016 1029/1029/1029 1033/1033/1033
f 1016/1016/1016 1033/1033/1033 1019/1019/1019
f 1016/1016/1016 1019/1019/1019 1017/1017/1017
f 1017/1017/1017 1019/1019/1019 1018/1018/1018
f 1019/1019/1019 1033/1033/1033 1034/1034/1034
f 1020/1020/1020 1023/1023/1023 1036/1036/1036
f 1020/1020/1020 1036/1036/1036 1035/1035/1035
f 1021/1021/1021 1037/1037/1037 1038/1038/1038
f 1021/1021/1021 1038/1038/1038 1022/1022/1022
f 1022/1022/1022 1038/1038/1038 1039/1039/1039
f 1022/1022/1022 1039/1039/1039 1040/1040/1040
f 1022/1022/1022 1040/1040/1040 1041/1041/1041
f 1022/1022/1022 1041/1041/1041 1023/1023/1023
f 1023/1023/1023 1041/1041/1041 1042/1042/1042
f 1023/1023/1023 1042/1042/1042 1036/1036/1036
f 1024/1024/1024 1035/1035/1035 1043/1043/1043
f 1026/1026/1026 1044/1044/1044 1027/1027/1027
f 1027/1027/1027 1044/1044/1044 1045/1045/1045
f 1027/1027/1027 1045/1045/1045 1028/1028/1028
f 1028/1028/1028 1045/1045/1045 1046/1046/1046
f 1028/1028/1028 1046/1046/1046 1047/1047/1047
f 1028/1028/1028 1047/1047/1047 1029/1029/1029
f 1029/1029/1029 1047/1047/1047 1033/1033/1033
f 1031/1031/1031 1048/1048/1048 1032/1032/1032
f 1033/1033/1033 1047/1047/1047 1034/1034/1034
f 1035/1035/1035 1036/1036/1036 1049/1049/1049
f 1035/1035/1035 1049/1049/1049 1043/1043/1043
f 1036/1036/1036 1050/1050/1050 1049/1049/1049
f 1036/1036/1036 1042/1042/1042 1050/1050/1050
f 1037/1037/1037 1051/1051/1051 1039/1039/1039
f 1037/1037/1037 1039/1039/1039 1038/1038/1038
f 1039/1039/1039 1052/1052/1052 1066/1066/1066
f 1039/1039/1039 1066/1066/1066 1053/1053/1053
f 1039/1039/1039 1053/1053/1053 1068/1068/1068
f 1039/1039/1039 1068/1068/1068 1054/1054/1054
f 1039/1039/1039 1054/1054/1054 1040/1040/1040
f 1039/1039/1039 1051/1051/1051 1052/1052/1052
f 1040/1040/1040 1054/1054/1054 1042/1042/1042
f 1040/1040/1040 1042/1042/1042 1041/1041/1041
f 1042/1042/1042 1054/1054/1054 1068/1068/1068
f 1042/1042/1042 1068/1068/1068 1055/1055/1055
f 1042/1042/1042 1055/1055/1055 1070/1070/1070
f 1042/1042/1042 1070/1070/1070 1056/1056/1056
f 1042/1042/1042 1056/1056/1056 1057/1057/1057
f 1042/1042/1042 1057/1057/1057 1058/1058/1058
f 1042/1042/1042 1058/1058/1058 1050/1050/1050
f 1043/1043/1043 1059/1059/1059 1060/1060/1060
f 1043/1043/1043 1049/1049/1049 1059/1059/1059
f 1044/1044/1044 1061/1061/1061 1062/1062/1062
f 1044/1044/1044 1062/1062/1062 1045/1045/1045
f 1045/1045/1045 1062/1062/1062 1046/1046/1046
f 1046/1046/1046 1062/1062/1062 1047/1047/1047
f 1047/1047/1047 1062/1062/1062 1063/1063/1063
f 1049/1049/1049 1050/1050/1050 1058/1058/1058
f 1049/1049/1049 1058/1058/1058 1065/1065/1065
f 1049/1049/1049 1065/1065/1065 1074/1074/1074
f 1049/1049/1049 1074/1074/1074 1059/1059/1059
f 1053/1053/1053 1066/1066/1066 1067/1067/1067
f 1053/1053/1053 1067/1067/1067 1068/1068/1068
f 1055/1055/1055 1069/1069/1069 1070/1070/1070
f 1055/1055/1055 1068/1068/1068 1067/1067/1067
f 1055/1055/1055 1067/1067/1067 1071/1071/1071
f 1055/1055/1055 1071/1071/1071 1072/1072/1072
f 1055/1055/1055 1072/1072/1072 1069/1069/1069
f 1056/1056/1056 1073/1073/1073 1057/1057/1057
f 1057/1057/1057 1073/1073/1073 1058/1058/1058
f 1059/1059/1059 1074/1074/1074 1064/1064/1064
f 1059/1059/1059 1064/1064/1064 1060/1060/1060
f 1061/1061/1061 1075/1075/1075 1076/1076/1076
f 1061/1061/1061 1076/1076/1076 1062/1062/1062
f 1062/1062/1062 1076/1076/1076 1077/1077/1077
f 1062/1062/1062 1077/1077/1077 1063/1063/1063
f 1063/1063/1063 1077/1077/1077 1078/1078/1078
f 1066/1066/1066 1079/1079/1079 1067/1067/1067
f 1067/1067/1067 1079/1079/1079 1080/1080/1080
f 1067/1067/1067 1080/1080/1080 1071/1071/1071
f 1069/1069/1069 1072/1072/1072 1070/1070/1070
f 1070/1070/1070 1072/1072/1072 1081/1081/1081
f 1071/1071/1071 1080/1080/1080 1072/1072/1072
f 1072/1072/1072 1082/1082/1082 1081/1081/1081
f 1072/1072/1072 1080/1080/1080 1083/1083/1083
f 1072/1072/1072 1083/1083/1083 1084/1084/1084
f 1072/1072/1072 1084/1084/1084 1085/1085/1085
f 1072/1072/1072 1085/1085/1085 1086/1086/1086
f 1072/1072/1072 1086/1086/1086 1087/1087/1087
f 1072/1072/1072 1087/1087/1087 1082/1082/1082
f 1075/1075/1075 1088/1088/1088 1089/1089/1089
f 1075/1075/1075 1089/1089/1089 1076/1076/1076
f 1076/1076/1076 1090/1090/1090 1091/1091/1091
f 1076/1076/1076 1091/1091/1091 1078/1078/1078
f 1076/1076/1076 1078/1078/1078 1077/1077/1077
f 1076/1076/1076 1089/1089/1089 1092/1092/1092
f 1076/1076/1076 1092/1092/1092 1093/1093/1093
f 1076/1076/1076 1093/1093/1093 1094/1094/1094
f 1076/1076/1076 1094/1094/1094 1095/1095/1095
f 1076/1076/1076 1095/1095/1095 1096/1096/1096
f 1076/1076/1076 1096/1096/1096 1097/1097/1097
f 1076/1076/1076 1097/1097/1097 1098/1098/1098
f 1076/1076/1076 1098/1098/1098 1090/1090/1090
f 1080/1080/1080 1084/1084/1084 1083/1083/1083
f 1085/1085/1085 1099/1099/1099 1100/1100/1100
f 1085/1085/1085 1100/1100/1100 1093/1093/1093
f 1085/1085/1085 1093/1093/1093 1086/1086/1086
f 1086/1086/1086 1093/1093/1093 1087/1087/1087
f 1087/1087/1087 1093/1093/1093 1092/1092/1092
f 1088/1088/1088 1092/1092/1092 1089/1089/1089
f 1093/1093/1093 1100/1100/1100 1094/1094/1094
f 1094/1094/1094 1100/1100/1100 1101/1101/1101
f 1094/1094/1094 1101/1101/1101 1095/1095/1095
f 1095/1095/1095 1101/1101/1101 1100/1100/1100
f 1095/1095/1095 1100/1100/1100 1099/1099/1099
f 1102/1102/1102 1103/1103/1103 1104/1104/1104
f 1102/1102/1102 1104/1104/1104 1108/1108/1108
f 1102/1102/1102 1108/1108/1108 1111/1111/1111
f 1102/1102/1102 1111/1111/1111 1109/1109/1109
f 1102/1102/1102 1109/1109/1109 1105/1105/1105
f 1102/1102/1102 1105/1105/1105 1106/1106/1106
f 1102/1102/1102 1106/1106/1106 1103/1103/1103
f 1103/1103/1103 1106/1106/1106 1110/1110/1110
f 1103/1103/1103 1110/1110/1110 1107/1107/1107
f 1103/1103/1103 1107/1107/1107 1104/1104/1104
f 1104/1104/1104 1107/1107/1107 1108/1108/1108
f 1105/1105/1105 1109/1109/1109 1106/1106/1106
f 1106/1106/1106 1109/1109/1109 1110/1110/1110
f 1107/1107/1107 1110/1110/1110 1109/1109/1109
f 1107/1107/1107 1109/1109/1109 1111/1111/1111
f 1107/1107/1107 1111/1111/1111 1108/1108/1108
f 1112/1112/1112 1113/1113/1113 1114/1114/1114
f 1112/1112/1112 1114/1114/1114 1115/1115/1115
f 1112/1112/1112 1115/1115/1115 1116/1116/1116
f 1112/1112/1112 1116/1116/1116 1117/1117/1117
f 1112/1112/1112 1117/1117/1117 1118/1118/1118
f 1112/1112/1112 1118/1118/1118 1127/1127/1127
f 1112/1112/1112 1127/1127/1127 1126/1126/1126
f 1112/1112/1112 1126/1126/1126 1125/1125/1125
f 1112/1112/1112 1125/1125/1125 1139/1139/1139
f 1112/1112/1112 1139/1139/1139 1138/1138/1138
f 1112/1112/1112 1138/1138/1138 1151/1151/1151
f 1112/1112/1112 1151/1151/1151 1150/1150/1150
f 1112/1112/1112 1150/1150/1150 1161/1161/1161
f 1112/1112/1112 1161/1161/1161 1163/1163/1163
f 1112/1112/1112 1163/1163/1163 1153/1153/1153
f 1112/1112/1112 1153/1153/1153 1152/1152/1152
f 1112/1112/1112 1152/1152/1152 1140/1140/1140
f 1112/1112/1112 1140/1140/1140 1128/1128/1128
f 1112/1112/1112 1128/1128/1128 1119/1119/1119
f 1112/1112/1112 1119/1119/1119 1130/1130/1130
f 1112/1112/1112 1130/1130/1130 1145/1145/1145
f 1112/1112/1112 1145/1145/1145 1131/1131/1131
f 1112/1112/1112 1131/1131/1131 1120/1120/1120
f 1112/1112/1112 1120/1120/1120 1113/1113/1113
f 1113/1113/1113 1120/1120/1120 1114/1114/1114
f 1114/1114/1114 1121/1121/1121 1122/1122/1122
f 1114/1114/1114 1122/1122/1122 1123/1123/1123
f 1114/1114/1114 1123/1123/1123 1115/1115/1115
f 1114/1114/1114 1120/1120/1120 1121/1121/1121
f 1115/1115/1115 1123/1123/1123 1116/1116/1116
f 1116/1116/1116 1123/1123/1123 1124/1124/1124
f 1116/1116/1116 1124/1124/1124 1125/1125/1125
f 1116/1116/1116 1125/1125/1125 1126/1126/1126
f 1116/1116/1116 1126/1126/1126 1117/1117/1117
f 1117/1117/1117 1126/1126/1126 1127/1127/1127
f 1117/1117/1117 1127/1127/1127 1118/1118/1118
f 1119/1119/1119 1128/1128/1128 1129/1129/1129
f 1119/1119/1119 1129/1129/1129 1130/1130/1130
f 1120/1120/1120 1131/1131/1131 1121/1121/1121
f 1121/1121/1121 1132/1132/1132 1133/1133/1133
f 1121/1121/1121 1133/1133/1133 1122/1122/1122
f 1121/1121/1121 1131/1131/1131 1132/1132/1132
f 1122/1122/1122 1133/1133/1133 1134/1134/1134
f 1122/1122/1122 1134/1134/1134 1135/1135/1135
f 1122/1122/1122 1135/1135/1135 1136/1136/1136
f 1122/1122/1122 1136/1136/1136 1123/1123/1123
f 1123/1123/1123 1136/1136/1136 1137/1137/1137
f 1123/1123/1123 1137/1137/1137 1124/1124/1124
f 1124/1124/1124 1137/1137/1137 1138/1138/1138
f 1124/1124/1124 1138/1138/1138 1139/1139/1139
f 1124/1124/1124 1139/1139/1139 1125/1125/1125
f 1128/1128/1128 1140/1140/1140 1141/1141/1141
f 1128/1128/1128 1141/1141/1141 1129/1129/1129
f 1129/1129/1129 1141/1141/1141 1142/1142/1142
f 1129/1129/1129 1142/1142/1142 1143/1143/1143
f 1129/1129/1129 1143/1143/1143 1144/1144/1144
f 1129/1129/1129 1144/1144/1144 1145/1145/1145
f 1129/1129/1129 1145/1145/1145 1130/1130/1130
f 1131/1131/1131 1145/1145/1145 1144/1144/1144
f 1131/1131/1131 1144/1144/1144 1143/1143/1143
f 1131/1131/1131 1143/1143/1143 1157/1157/1157
f 1131/1131/1131 1157/1157/1157 1156/1156/1156
f 1131/1131/1131 1156/1156/1156 1164/1164/1164
f 1131/1131/1131 1164/1164/1164 1158/1158/1158
f 1131/1131/1131 1158/1158/1158 1147/1147/1147
f 1131/1131/1131 1147/1147/1147 1146/1146/1146
f 1131/1131/1131 1146/1146/1146 1135/1135/1135
f 1131/1131/1131 1135/1135/1135 1134/1134/1134
f 1131/1131/1131 1134/1134/1134 1133/1133/1133
f 1131/1131/1131 1133/1133/1133 1132/1132/1132
f 1135/1135/1135 1146/1146/1146 1136/1136/1136
f 1136/1136/1136 1146/1146/1146 1147/1147/1147
f 1136/1136/1136 1147/1147/1147 1148/1148/1148
f 1136/1136/1136 1148/1148/1148 1149/1149/1149
f 1136/1136/1136 1149/1149/1149 1150/1150/1150
f 1136/1136/1136 1150/1150/1150 1137/1137/1137
f 1137/1137/1137 1150/1150/1150 1151/1151/1151
f 1137/1137/1137 1151/1151/1151 1138/1138/1138
f 1140/1140/1140 1152/1152/1152 1142/1142/1142
f 1140/1140/1140 1142/1142/1142 1141/1141/1141
f 1142/1142/1142 1152/1152/1152 1153/1153/1153
f 1142/1142/1142 1153/1153/1153 1154/1154/1154
f 1142/1142/1142 1154/1154/1154 1155/1155/1155
f 1142/1142/1142 1155/1155/1155 1156/1156/1156
f 1142/1142/1142 1156/1156/1156 1157/1157/1157
f 1142/1142/1142 1157/1157/1157 1143/1143/1143
f 1147/1147/1147 1158/1158/1158 1148/1148/1148
f 1148/1148/1148 1158/1158/1158 1159/1159/1159
f 1148/1148/1148 1159/1159/1159 1160/1160/1160
f 1148/1148/1148 1160/1160/1160 1149/1149/1149
f 1149/1149/1149 1160/1160/1160 1161/1161/1161
f 1149/1149/1149 1161/1161/1161 1150/1150/1150
f 1153/1153/1153 1162/1162/1162 1154/1154/1154
f 1153/1153/1153 1163/1163/1163 1162/1162/1162
f 1154/1154/1154 1162/1162/1162 1155/1155/1155
f 1155/1155/1155 1162/1162/1162 1156/1156/1156
f 1156/1156/1156 1162/1162/1162 1164/1164/1164
f 1158/1158/1158 1164/1164/1164 1159/1159/1159
f 1159/1159/1159 1164/1164/1164 1160/1160/1160
f 1160/1160/1160 1164/1164/1164 1161/1161/1161
f 1161/1161/1161 1164/1164/1164 1162/1162/1162
f 1161/1161/1161 1162/1162/1162 1163/1163/1163
f 1165/1165/1165 1166/1166/1166 1167/1167/1167
f 1165/1165/1165 1167/1167/1167 1168/1168/1168
f 1165/1165/1165 1168/1168/1168 1176/1176/1176
f 1165/1165/1165 1176/1176/1176 1175/1175/1175
f 1165/1165/1165 1175/1175/1175 1174/1174/1174
f 1165/1165/1165 1174/1174/1174 1173/1173/1173
f 1165/1165/1165 1173/1173/1173 1180/1180/1180
f 1165/1165/1165 1180/1180/1180 1185/1185/1185
f 1165/1165/1165 1185/1185/1185 1189/1189/1189
f 1165/1165/1165 1189/1189/1189 1196/1196/1196
f 1165/1165/1165 1196/1196/1196 1202/1202/1202
f 1165/1165/1165 1202/1202/1202 1207/1207/1207
f 1165/1165/1165 1207/1207/1207 1214/1214/1214
f 1165/1165/1165 1214/1214/1214 1221/1221/1221
f 1165/1165/1165 1221/1221/1221 1223/1223/1223
f 1165/1165/1165 1223/1223/1223 1217/1217/1217
f 1165/1165/1165 1217/1217/1217 1216/1216/1216
f 1165/1165/1165 1216/1216/1216 1210/1210/1210
f 1165/1165/1165 1210/1210/1210 1209/1209/1209
f 1165/1165/1165 1209/1209/1209 1204/1204/1204
f 1165/1165/1165 1204/1204/1204 1198/1198/1198
f 1165/1165/1165 1198/1198/1198 1191/1191/1191
f 1165/1165/1165 1191/1191/1191 1186/1186/1186
f 1165/1165/1165 1186/1186/1186 1181/1181/1181
f 1165/1165/1165 1181/1181/1181 1177/1177/1177
f 1165/1165/1165 1177/1177/1177 1169/1169/1169
f 1165/1165/1165 1169/1169/1169 1166/1166/1166
f 1166/1166/1166 1169/1169/1169 1170/1170/1170
f 1166/1166/1166 1170/1170/1170 1167/1167/1167
f 1167/1167/1167 1171/1171/1171 1172/1172/1172
f 1167/1167/1167 1172/1172/1172 1173/1173/1173
f 1167/1167/1167 1173/1173/1173 1174/1174/1174
f 1167/1167/1167 1174/1174/1174 1175/1175/1175
f 1167/1167/1167 1175/1175/1175 1176/1176/1176
f 1167/1167/1167 1176/1176/1176 1168/1168/1168
f 1167/1167/1167 1170/1170/1170 1178/1178/1178
f 1167/1167/1167 1178/1178/1178 1183/1183/1183
f 1167/1167/1167 1183/1183/1183 1182/1182/1182
f 1167/1167/1167 1182/1182/1182 1188/1188/1188
f 1167/1167/1167 1188/1188/1188 1195/1195/1195
f 1167/1167/1167 1195/1195/1195 1194/1194/1194
f 1167/1167/1167 1194/1194/1194 1201/1201/1201
f 1167/1167/1167 1201/1201/1201 1206/1206/1206
f 1167/1167/1167 1206/1206/1206 1213/1213/1213
f 1167/1167/1167 1213/1213/1213 1220/1220/1220
f 1167/1167/1167 1220/1220/1220 1222/1222/1222
f 1167/1167/1167 1222/1222/1222 1215/1215/1215
f 1167/1167/1167 1215/1215/1215 1208/1208/1208
f 1167/1167/1167 1208/1208/1208 1203/1203/1203
f 1167/1167/1167 1203/1203/1203 1197/1197/1197
f 1167/1167/1167 1197/1197/1197 1190/1190/1190
f 1167/1167/1167 1190/1190/1190 1184/1184/1184
f 1167/1167/1167 1184/1184/1184 1179/1179/1179
f 1167/1167/1167 1179/1179/1179 1171/1171/1171
f 1169/1169/1169 1177/1177/1177 1170/1170/1170
f 1170/1170/1170 1177/1177/1177 1178/1178/1178
f 1171/1171/1171 1179/1179/1179 1180/1180/1180
f 1171/1171/1171 1180/1180/1180 1173/1173/1173
f 1171/1171/1171 1173/1173/1173 1172/1172/1172
f 1177/1177/1177 1181/1181/1181 1182/1182/1182
f 1177/1177/1177 1182/1182/1182 1183/1183/1183
f 1177/1177/1177 1183/1183/1183 1178/1178/1178
f 1179/1179/1179 1184/1184/1184 1185/1185/1185
f 1179/1179/1179 1185/1185/1185 1180/1180/1180
f 1181/1181/1181 1186/1186/1186 1182/1182/1182
f 1182/1182/1182 1186/1186/1186 1187/1187/1187
f 1182/1182/1182 1187/1187/1187 1188/1188/1188
f 1184/1184/1184 1189/1189/1189 1185/1185/1185
f 1184/1184/1184 1190/1190/1190 1189/1189/1189
f 1186/1186/1186 1191/1191/1191 1187/1187/1187
f 1187/1187/1187 1191/1191/1191 1192/1192/1192
f 1187/1187/1187 1192/1192/1192 1199/1199/1199
f 1187/1187/1187 1199/1199/1199 1193/1193/1193
f 1187/1187/1187 1193/1193/1193 1194/1194/1194
f 1187/1187/1187 1194/1194/1194 1195/1195/1195
f 1187/1187/1187 1195/1195/1195 1188/1188/1188
f 1189/1189/1189 1190/1190/1190 1196/1196/1196
f 1190/1190/1190 1197/1197/1197 1196/1196/1196
f 1191/1191/1191 1198/1198/1198 1192/1192/1192
f 1192/1192/1192 1198/1198/1198 1199/1199/1199
f 1193/1193/1193 1199/1199/1199 1198/1198/1198
f 1193/1193/1193 1198/1198/1198 1200/1200/1200
f 1193/1193/1193 1200/1200/1200 1194/1194/1194
f 1194/1194/1194 1200/1200/1200 1201/1201/1201
f 1196/1196/1196 1197/1197/1197 1202/1202/1202
f 1197/1197/1197 1203/1203/1203 1202/1202/1202
f 1198/1198/1198 1204/1204/1204 1200/1200/1200
f 1200/1200/1200 1204/1204/1204 1205/1205/1205
f 1200/1200/1200 1205/1205/1205 1201/1201/1201
f 1201/1201/1201 1205/1205/1205 1206/1206/1206
f 1202/1202/1202 1203/1203/1203 1208/1208/1208
f 1202/1202/1202 1208/1208/1208 1207/1207/1207
f 1204/1204/1204 1209/1209/1209 1205/1205/1205
f 1205/1205/1205 1209/1209/1209 1210/1210/1210
f 1205/1205/1205 1210/1210/1210 1211/1211/1211
f 1205/1205/1205 1211/1211/1211 1206/1206/1206
f 1206/1206/1206 1211/1211/1211 1212/1212/1212
f 1206/1206/1206 1212/1212/1212 1213/1213/1213
f 1207/1207/1207 1208/1208/1208 1215/1215/1215
f 1207/1207/1207 1215/1215/1215 1214/1214/1214
f 1210/1210/1210 1216/1216/1216 1211/1211/1211
f 1211/1211/1211 1216/1216/1216 1217/1217/1217
f 1211/1211/1211 1217/1217/1217 1212/1212/1212
f 1212/1212/1212 1217/1217/1217 1218/1218/1218
f 1212/1212/1212 1218/1218/1218 1213/1213/1213
f 1213/1213/1213 1218/1218/1218 1219/1219/1219
f 1213/1213/1213 1219/1219/1219 1220/1220/1220
f 1214/1214/1214 1215/1215/1215 1219/1219/1219
f 1214/1214/1214 1219/1219/1219 1218/1218/1218
f 1214/1214/1214 1218/1218/1218 1221/1221/1221
f 1215/1215/1215 1222/1222/1222 1219/1219/1219
f 1217/1217/1217 1223/1223/1223 1218/1218/1218
f 1218/1218/1218 1223/1223/1223 1221/1221/1221
f 1219/1219/1219 1222/1222/1222 1220/1220/1220
f 1224/1224/1224 1225/1225/1225 1226/1226/1226
f 1224/1224/1224 1226/1226/1226 1232/1232/1232
f 1224/1224/1224 1232/1232/1232 1237/1237/1237
f 1224/1224/1224 1237/1237/1237 1242/1242/1242
f 1224/1224/1224 1242/1242/1242 1246/1246/1246
f 1224/1224/1224 1246/1246/1246 1250/1250/1250
f 1224/1224/1224 1250/1250/1250 1252/1252/1252
f 1224/1224/1224 1252/1252/1252 1255/1255/1255
f 1224/1224/1224 1255/1255/1255 1256/1256/1256
f 1224/1224/1224 1256/1256/1256 1253/1253/1253
f 1224/1224/1224 1253/1253/1253 1248/1248/1248
f 1224/1224/1224 1248/1248/1248 1244/1244/1244
f 1224/1224/1224 1244/1244/1244 1239/1239/1239
f 1224/1224/1224 1239/1239/1239 1238/1238/1238
f 1224/1224/1224 1238/1238/1238 1233/1233/1233
f 1224/1224/1224 1233/1233/1233 1227/1227/1227
f 1224/1224/1224 1227/1227/1227 1234/1234/1234
f 1224/1224/1224 1234/1234/1234 1229/1229/1229
f 1224/1224/1224 1229/1229/1229 1225/1225/1225
f 1225/1225/1225 1228/1228/1228 1226/1226/1226
f 1225/1225/1225 1229/1229/1229 1235/1235/1235
f 1225/1225/1225 1235/1235/1235 1240/1240/1240
f 1225/1225/1225 1240/1240/1240 1245/1245/1245
f 1225/1225/1225 1245/1245/1245 1249/1249/1249
f 1225/1225/1225 1249/1249/1249 1254/1254/1254
f 1225/1225/1225 1254/1254/1254 1251/1251/1251
f 1225/1225/1225 1251/1251/1251 1247/1247/1247
f 1225/1225/1225 1247/1247/1247 1243/1243/1243
f 1225/1225/1225 1243/1243/1243 1241/1241/1241
f 1225/1225/1225 1241/1241/1241 1236/1236/1236
f 1225/1225/1225 1236/1236/1236 1231/1231/1231
f 1225/1225/1225 1231/1231/1231 1230/1230/1230
f 1225/1225/1225 1230/1230/1230 1228/1228/1228
f 1226/1226/1226 1230/1230/1230 1231/1231/1231
f 1226/1226/1226 1231/1231/1231 1232/1232/1232
f 1226/1226/1226 1228/1228/1228 1230/1230/1230
f 1227/1227/1227 1233/1233/1233 1234/1234/1234
f 1229/1229/1229 1234/1234/1234 1235/1235/1235
f 1231/1231/1231 1236/1236/1236 1237/1237/1237
f 1231/1231/1231 1237/1237/1237 1232/1232/1232
f 1233/1233/1233 1238/1238/1238 1235/1235/1235
f 1233/1233/1233 1235/1235/1235 1234/1234/1234
f 1235/1235/1235 1238/1238/1238 1239/1239/1239
f 1235/1235/1235 1239/1239/1239 1240/1240/1240
f 1236/1236/1236 1241/1241/1241 1237/1237/1237
f 1237/1237/1237 1241/1241/1241 1243/1243/1243
f 1237/1237/1237 1243/1243/1243 1242/1242/1242
f 1239/1239/1239 1244/1244/1244 1240/1240/1240
f 1240/1240/1240 1244/1244/1244 1245/1245/1245
f 1242/1242/1242 1243/1243/1243 1246/1246/1246
f 1243/1243/1243 1247/1247/1247 1246/1246/1246
f 1244/1244/1244 1248/1248/1248 1245/1245/1245
f 1245/1245/1245 1248/1248/1248 1249/1249/1249
f 1246/1246/1246 1247/1247/1247 1250/1250/1250
f 1247/1247/1247 1251/1251/1251 1252/1252/1252
f 1247/1247/1247 1252/1252/1252 1250/1250/1250
f 1248/1248/1248 1253/1253/1253 1249/1249/1249
f 1249/1249/1249 1253/1253/1253 1254/1254/1254
f 1251/1251/1251 1254/1254/1254 1252/1252/1252
f 1252/1252/1252 1254/1254/1254 1255/1255/1255
f 1253/1253/1253 1256/1256/1256 1254/1254/1254
f 1254/1254/1254 1256/1256/1256 1255/1255/1255
f 1257/1257/1257 1258/1258/1258 1262/1262/1262
f 1257/1257/1257 1262/1262/1262 1270/1270/1270
f 1257/1257/1257 1270/1270/1270 1280/1280/1280
f 1257/1257/1257 1280/1280/1280 1290/1290/1290
f 1257/1257/1257 1290/1290/1290 1298/1298/1298
f 1257/1257/1257 1298/1298/1298 1292/1292/1292
f 1257/1257/1257 1292/1292/1292 1284/1284/1284
f 1257/1257/1257 1284/1284/1284 1275/1275/1275
f 1257/1257/1257 1275/1275/1275 1267/1267/1267
f 1257/1257/1257 1267/1267/1267 1263/1263/1263
f 1257/1257/1257 1263/1263/1263 1259/1259/1259
f 1257/1257/1257 1259/1259/1259 1260/1260/1260
f 1257/1257/1257 1260/1260/1260 1261/1261/1261
f 1257/1257/1257 1261/1261/1261 1258/1258/1258
f 1258/1258/1258 1261/1261/1261 1268/1268/1268
f 1258/1258/1258 1268/1268/1268 1278/1278/1278
f 1258/1258/1258 1278/1278/1278 1277/1277/1277
f 1258/1258/1258 1277/1277/1277 1287/1287/1287
f 1258/1258/1258 1287/1287/1287 1294/1294/1294
f 1258/1258/1258 1294/1294/1294 1302/1302/1302
f 1258/1258/1258 1302/1302/1302 1313/1313/1313
f 1258/1258/1258 1313/1313/1313 1315/1315/1315
f 1258/1258/1258 1315/1315/1315 1314/1314/1314
f 1258/1258/1258 1314/1314/1314 1306/1306/1306
f 1258/1258/1258 1306/1306/1306 1303/1303/1303
f 1258/1258/1258 1303/1303/1303 1295/1295/1295
f 1258/1258/1258 1295/1295/1295 1288/1288/1288
f 1258/1258/1258 1288/1288/1288 1279/1279/1279
f 1258/1258/1258 1279/1279/1279 1269/1269/1269
f 1258/1258/1258 1269/1269/1269 1262/1262/1262
f 1259/1259/1259 1263/1263/1263 1260/1260/1260
f 1260/1260/1260 1264/1264/1264 1265/1265/1265
f 1260/1260/1260 1265/1265/1265 1266/1266/1266
f 1260/1260/1260 1266/1266/1266 1268/1268/1268
f 1260/1260/1260 1268/1268/1268 1261/1261/1261
f 1260/1260/1260 1263/1263/1263 1267/1267/1267
f 1260/1260/1260 1267/1267/1267 1264/1264/1264
f 1262/1262/1262 1269/1269/1269 1270/1270/1270
f 1264/1264/1264 1271/1271/1271 1272/1272/1272
f 1264/1264/1264 1272/1272/1272 1273/1273/1273
f 1264/1264/1264 1273/1273/1273 1274/1274/1274
f 1264/1264/1264 1274/1274/1274 1265/1265/1265
f 1264/1264/1264 1267/1267/1267 1275/1275/1275
f 1264/1264/1264 1275/1275/1275 1271/1271/1271
f 1265/1265/1265 1274/1274/1274 1276/1276/1276
f 1265/1265/1265 1276/1276/1276 1277/1277/1277
f 1265/1265/1265 1277/1277/1277 1266/1266/1266
f 1266/1266/1266 1278/1278/1278 1268/1268/1268
f 1266/1266/1266 1277/1277/1277 1278/1278/1278
f 1269/1269/1269 1279/1279/1279 1270/1270/1270
f 1270/1270/1270 1279/1279/1279 1280/1280/1280
f 1271/1271/1271 1275/1275/1275 1272/1272/1272
f 1272/1272/1272 1275/1275/1275 1284/1284/1284
f 1272/1272/1272 1284/1284/1284 1293/1293/1293
f 1272/1272/1272 1293/1293/1293 1300/1300/1300
f 1272/1272/1272 1300/1300/1300 1311/1311/1311
f 1272/1272/1272 1311/1311/1311 1320/1320/1320
f 1272/1272/1272 1320/1320/1320 1319/1319/1319
f 1272/1272/1272 1319/1319/1319 1309/1309/1309
f 1272/1272/1272 1309/1309/1309 1299/1299/1299
f 1272/1272/1272 1299/1299/1299 1291/1291/1291
f 1272/1272/1272 1291/1291/1291 1281/1281/1281
f 1272/1272/1272 1281/1281/1281 1273/1273/1273
f 1273/1273/1273 1281/1281/1281 1282/1282/1282
f 1273/1273/1273 1282/1282/1282 1283/1283/1283
f 1273/1273/1273 1283/1283/1283 1274/1274/1274
f 1274/1274/1274 1283/1283/1283 1276/1276/1276
f 1276/1276/1276 1283/1283/1283 1285/1285/1285
f 1276/1276/1276 1285/1285/1285 1286/1286/1286
f 1276/1276/1276 1286/1286/1286 1277/1277/1277
f 1277/1277/1277 1286/1286/1286 1287/1287/1287
f 1279/1279/1279 1288/1288/1288 1280/1280/1280
f 1280/1280/1280 1288/1288/1288 1289/1289/1289
f 1280/1280/1280 1289/1289/1289 1290/1290/1290
f 1281/1281/1281 1291/1291/1291 1282/1282/1282
f 1282/1282/1282 1291/1291/1291 1299/1299/1299
f 1282/1282/1282 1299/1299/1299 1301/1301/1301
f 1282/1282/1282 1301/1301/1301 1294/1294/1294
f 1282/1282/1282 1294/1294/1294 1287/1287/1287
f 1282/1282/1282 1287/1287/1287 1286/1286/1286
f 1282/1282/1282 1286/1286/1286 1285/1285/1285
f 1282/1282/1282 1285/1285/1285 1283/1283/1283
f 1284/1284/1284 1292/1292/1292 1293/1293/1293
f 1288/1288/1288 1295/1295/1295 1296/1296/1296
f 1288/1288/1288 1296/1296/1296 1289/1289/1289
f 1289/1289/1289 1296/1296/1296 1305/1305/1305
f 1289/1289/1289 1305/1305/1305 1297/1297/1297
f 1289/1289/1289 1297/1297/1297 1290/1290/1290
f 1290/1290/1290 1297/1297/1297 1298/1298/1298
f 1292/1292/1292 1298/1298/1298 1300/1300/1300
f 1292/1292/1292 1300/1300/1300 1293/1293/1293
f 1294/1294/1294 1301/1301/1301 1302/1302/1302
f 1295/1295/1295 1303/1303/1303 1296/1296/1296
f 1296/1296/1296 1304/1304/1304 1305/1305/1305
f 1296/1296/1296 1303/1303/1303 1306/1306/1306
f 1296/1296/1296 1306/1306/1306 1307/1307/1307
f 1296/1296/1296 1307/1307/1307 1304/1304/1304
f 1297/1297/1297 1305/1305/1305 1318/1318/1318
f 1297/1297/1297 1318/1318/1318 1308/1308/1308
f 1297/1297/1297 1308/1308/1308 1298/1298/1298
f 1298/1298/1298 1308/1308/1308 1300/1300/1300
f 1299/1299/1299 1309/1309/1309 1310/1310/1310
f 1299/1299/1299 1310/1310/1310 1301/1301/1301
f 1300/1300/1300 1308/1308/1308 1318/1318/1318
f 1300/1300/1300 1318/1318/1318 1311/1311/1311
f 1301/1301/1301 1310/1310/1310 1302/1302/1302
f 1302/1302/1302 1312/1312/1312 1313/1313/1313
f 1302/1302/1302 1310/1310/1310 1312/1312/1312
f 1304/1304/1304 1307/1307/1307 1314/1314/1314
f 1304/1304/1304 1314/1314/1314 1315/1315/1315
f 1304/1304/1304 1315/1315/1315 1316/1316/1316
f 1304/1304/1304 1316/1316/1316 1309/1309/1309
f 1304/1304/1304 1309/1309/1309 1305/1305/1305
f 1305/1305/1305 1317/1317/1317 1318/1318/1318
f 1305/1305/1305 1309/1309/1309 1317/1317/1317
f 1306/1306/1306 1314/1314/1314 1307/1307/1307
f 1309/1309/1309 1319/1319/1319 1317/1317/1317
f 1309/1309/1309 1316/1316/1316 1313/1313/1313
f 1309/1309/1309 1313/1313/1313 1312/1312/1312
f 1309/1309/1309 1312/1312/1312 1310/1310/1310
f 1311/1311/1311 1318/1318/1318 1317/1317/1317
f 1311/1311/1311 1317/1317/1317 1320/1320/1320
f 1313/1313/1313 1316/1316/1316 1315/1315/1315
f 1317/1317/1317 1319/1319/1319 1320/1320/1320
f 1321/1321/1321 1322/1322/1322 1323/1323/1323
f 1321/1321/1321 1323/1323/1323 1329/1329/1329
f 1321/1321/1321 1329/1329/1329 1334/1334/1334
f 1321/1321/1321 1334/1334/1334 1333/1333/1333
f 1321/1321/1321 1333/1333/1333 1341/1341/1341
f 1321/1321/1321 1341/1341/1341 1343/1343/1343
f 1321/1321/1321 1343/1343/1343 1353/1353/1353
f 1321/1321/1321 1353/1353/1353 1360/1360/1360
f 1321/1321/1321 1360/1360/1360 1368/1368/1368
f 1321/1321/1321 1368/1368/1368 1367/1367/1367
f 1321/1321/1321 1367/1367/1367 1361/1361/1361
f 1321/1321/1321 1361/1361/1361 1354/1354/1354
f 1321/1321/1321 1354/1354/1354 1344/1344/1344
f 1321/1321/1321 1344/1344/1344 1336/1336/1336
f 1321/1321/1321 1336/1336/1336 1330/1330/1330
f 1321/1321/1321 1330/1330/1330 1324/1324/1324
f 1321/1321/1321 1324/1324/1324 1325/1325/1325
f 1321/1321/1321 1325/1325/1325 1322/1322/1322
f 1322/1322/1322 1325/1325/1325 1332/1332/1332
f 1322/1322/1322 1332/1332/1332 1340/1340/1340
f 1322/1322/1322 1340/1340/1340 1349/1349/1349
f 1322/1322/1322 1349/1349/1349 1356/1356/1356
f 1322/1322/1322 1356/1356/1356 1365/1365/1365
f 1322/1322/1322 1365/1365/1365 1364/1364/1364
f 1322/1322/1322 1364/1364/1364 1363/1363/1363
f 1322/1322/1322 1363/1363/1363 1369/1369/1369
f 1322/1322/1322 1369/1369/1369 1366/1366/1366
f 1322/1322/1322 1366/1366/1366 1359/1359/1359
f 1322/1322/1322 1359/1359/1359 1358/1358/1358
f 1322/1322/1322 1358/1358/1358 1357/1357/1357
f 1322/1322/1322 1357/1357/1357 1352/1352/1352
f 1322/1322/1322 1352/1352/1352 1351/1351/1351
f 1322/1322/1322 1351/1351/1351 1350/1350/1350
f 1322/1322/1322 1350/1350/1350 1342/1342/1342
f 1322/1322/1322 1342/1342/1342 1335/1335/1335
f 1322/1322/1322 1335/1335/1335 1328/1328/1328
f 1322/1322/1322 1328/1328/1328 1327/1327/1327
f 1322/1322/1322 1327/1327/1327 1326/1326/1326
f 1322/1322/1322 1326/1326/1326 1323/1323/1323
f 1323/1323/1323 1326/1326/1326 1327/1327/1327
f 1323/1323/1323 1327/1327/1327 1328/1328/1328
f 1323/1323/1323 1328/1328/1328 1329/1329/1329
f 1324/1324/1324 1330/1330/1330 1331/1331/1331
f 1324/1324/1324 1331/1331/1331 1332/1332/1332
f 1324/1324/1324 1332/1332/1332 1325/1325/1325
f 1328/1328/1328 1333/1333/1333 1334/1334/1334
f 1328/1328/1328 1334/1334/1334 1329/1329/1329
f 1328/1328/1328 1335/1335/1335 1341/1341/1341
f 1328/1328/1328 1341/1341/1341 1333/1333/1333
f 1330/1330/1330 1336/1336/1336 1337/1337/1337
f 1330/1330/1330 1337/1337/1337 1331/1331/1331
f 1331/1331/1331 1337/1337/1337 1332/1332/1332
f 1332/1332/1332 1337/1337/1337 1338/1338/1338
f 1332/1332/1332 1338/1338/1338 1339/1339/1339
f 1332/1332/1332 1339/1339/1339 1340/1340/1340
f 1335/1335/1335 1342/1342/1342 1343/1343/1343
f 1335/1335/1335 1343/1343/1343 1341/1341/1341
f 1336/1336/1336 1344/1344/1344 1345/1345/1345
f 1336/1336/1336 1345/1345/1345 1346/1346/1346
f 1336/1336/1336 1346/1346/1346 1337/1337/1337
f 1337/1337/1337 1346/1346/1346 1347/1347/1347
f 1337/1337/1337 1347/1347/1347 1338/1338/1338
f 1338/1338/1338 1347/1347/1347 1339/1339/1339
f 1339/1339/1339 1347/1347/1347 1348/1348/1348
f 1339/1339/1339 1348/1348/1348 1349/1349/1349
f 1339/1339/1339 1349/1349/1349 1340/1340/1340
f 1342/1342/1342 1350/1350/1350 1343/1343/1343
f 1343/1343/1343 1350/1350/1350 1351/1351/1351
f 1343/1343/1343 1351/1351/1351 1352/1352/1352
f 1343/1343/1343 1352/1352/1352 1353/1353/1353
f 1344/1344/1344 1354/1354/1354 1345/1345/1345
f 1345/1345/1345 1354/1354/1354 1346/1346/1346
f 1346/1346/1346 1354/1354/1354 1355/1355/1355
f 1346/1346/1346 1355/1355/1355 1347/1347/1347
f 1347/1347/1347 1355/1355/1355 1348/1348/1348
f 1348/1348/1348 1355/1355/1355 1349/1349/1349
f 1349/1349/1349 1355/1355/1355 1356/1356/1356
f 1352/1352/1352 1357/1357/1357 1353/1353/1353
f 1353/1353/1353 1357/1357/1357 1358/1358/1358
f 1353/1353/1353 1358/1358/1358 1359/1359/1359
f 1353/1353/1353 1359/1359/1359 1360/1360/1360
f 1354/1354/1354 1361/1361/1361 1355/1355/1355
f 1355/1355/1355 1361/1361/1361 1362/1362/1362
f 1355/1355/1355 1362/1362/1362 1363/1363/1363
f 1355/1355/1355 1363/1363/1363 1364/1364/1364
f 1355/1355/1355 1364/1364/1364 1365/1365/1365
f 1355/1355/1355 1365/1365/1365 1356/1356/1356
f 1359/1359/1359 1366/1366/1366 1367/1367/1367
f 1359/1359/1359 1367/1367/1367 1368/1368/1368
f 1359/1359/1359 1368/1368/1368 1360/1360/1360
f 1361/1361/1361 1367/1367/1367 1369/1369/1369
f 1361/1361/1361 1369/1369/1369 1363/1363/1363
f 1361/1361/1361 1363/1363/1363 1362/1362/1362
f 1366/1366/1366 1369/1369/1369 1367/1367/1367
f 1370/1370/1370 1371/1371/1371 1372/1372/1372
f 1370/1370/1370 1372/1372/1372 1373/1373/1373
f 1370/1370/1370 1373/1373/1373 1374/1374/1374
f 1370/1370/1370 1374/1374/1374 1381/1381/1381
f 1370/1370/1370 1381/1381/1381 1384/1384/1384
f 1370/1370/1370 1384/1384/1384 1383/1383/1383
f 1370/1370/1370 1383/1383/1383 1385/1385/1385
f 1370/1370/1370 1385/1385/1385 1375/1375/1375
f 1370/1370/1370 1375/1375/1375 1376/1376/1376
f 1370/1370/1370 1376/1376/1376 1377/1377/1377
f 1370/1370/1370 1377/1377/1377 1378/1378/1378
f 1370/1370/1370 1378/1378/1378 1379/1379/1379
f 1370/1370/1370 1379/1379/1379 1380/1380/1380
f 1370/1370/1370 1380/1380/1380 1371/1371/1371
f 1371/1371/1371 1380/1380/1380 1389/1389/1389
f 1371/1371/1371 1389/1389/1389 1390/1390/1390
f 1371/1371/1371 1390/1390/1390 1382/1382/1382
f 1371/1371/1371 1382/1382/1382 1373/1373/1373
f 1371/1371/1371 1373/1373/1373 1372/1372/1372
f 1373/1373/1373 1381/1381/1381 1374/1374/1374
f 1373/1373/1373 1382/1382/1382 1383/1383/1383
f 1373/1373/1373 1383/1383/1383 1384/1384/1384
f 1373/1373/1373 1384/1384/1384 1381/1381/1381
f 1375/1375/1375 1385/1385/1385 1386/1386/1386
f 1375/1375/1375 1386/1386/1386 1387/1387/1387
f 1375/1375/1375 1387/1387/1387 1388/1388/1388
f 1375/1375/1375 1388/1388/1388 1376/1376/1376
f 1376/1376/1376 1388/1388/1388 1389/1389/1389
f 1376/1376/1376 1389/1389/1389 1377/1377/1377
f 1377/1377/1377 1389/1389/1389 1378/1378/1378
f 1378/1378/1378 1389/1389/1389 1379/1379/1379
f 1379/1379/1379 1389/1389/1389 1380/1380/1380
f 1382/1382/1382 1390/1390/1390 1383/1383/1383
f 1383/1383/1383 1390/1390/1390 1389/1389/1389
f 1383/1383/1383 1389/1389/1389 1388/1388/1388
f 1383/1383/1383 1388/1388/1388 1387/1387/1387
f 1383/1383/1383 1387/1387/1387 1386/1386/1386
f 1383/1383/1383 1386/1386/1386 1385/1385/1385
f 1391/1391/1391 1392/1392/1392 1395/1395/1395
f 1391/1391/1391 1395/1395/1395 1400/1400/1400
f 1391/1391/1391 1400/1400/1400 1409/1409/1409
f 1391/1391/1391 1409/1409/1409 1397/1397/1397
f 1391/1391/1391 1397/1397/1397 1393/1393/1393
f 1391/1391/1391 1393/1393/1393 1398/1398/1398
f 1391/1391/1391 1398/1398/1398 1411/1411/1411
f 1391/1391/1391 1411/1411/1411 1418/1418/1418
f 1391/1391/1391 1418/1418/1418 1420/1420/1420
f 1391/1391/1391 1420/1420/1420 1422/1422/1422
f 1391/1391/1391 1422/1422/1422 1417/1417/1417
f 1391/1391/1391 1417/1417/1417 1405/1405/1405
f 1391/1391/1391 1405/1405/1405 1399/1399/1399
f 1391/1391/1391 1399/1399/1399 1394/1394/1394
f 1391/1391/1391 1394/1394/1394 1392/1392/1392
f 1392/1392/1392 1394/1394/1394 1396/1396/1396
f 1392/1392/1392 1396/1396/1396 1395/1395/1395
f 1393/1393/1393 1397/1397/1397 1398/1398/1398
f 1394/1394/1394 1399/1399/1399 1396/1396/1396
f 1395/1395/1395 1396/1396/1396 1401/1401/1401
f 1395/1395/1395 1401/1401/1401 1402/1402/1402
f 1395/1395/1395 1402/1402/1402 1403/1403/1403
f 1395/1395/1395 1403/1403/1403 1404/1404/1404
f 1395/1395/1395 1404/1404/1404 1400/1400/1400
f 1396/1396/1396 1402/1402/1402 1401/1401/1401
f 1396/1396/1396 1399/1399/1399 1405/1405/1405
f 1396/1396/1396 1405/1405/1405 1417/1417/1417
f 1396/1396/1396 1417/1417/1417 1421/1421/1421
f 1396/1396/1396 1421/1421/1421 1414/1414/1414
f 1396/1396/1396 1414/1414/1414 1403/1403/1403
f 1396/1396/1396 1403/1403/1403 1402/1402/1402
f 1397/1397/1397 1406/1406/1406 1407/1407/1407
f 1397/1397/1397 1407/1407/1407 1408/1408/1408
f 1397/1397/1397 1408/1408/1408 1398/1398/1398
f 1397/1397/1397 1409/1409/1409 1410/1410/1410
f 1397/1397/1397 1410/1410/1410 1406/1406/1406
f 1398/1398/1398 1408/1408/1408 1411/1411/1411
f 1400/1400/1400 1410/1410/1410 1409/1409/1409
f 1400/1400/1400 1404/1404/1404 1412/1412/1412
f 1400/1400/1400 1412/1412/1412 1413/1413/1413
f 1400/1400/1400 1413/1413/1413 1410/1410/1410
f 1403/1403/1403 1414/1414/1414 1415/1415/1415
f 1403/1403/1403 1415/1415/1415 1416/1416/1416
f 1403/1403/1403 1416/1416/1416 1404/1404/1404
f 1404/1404/1404 1416/1416/1416 1412/1412/1412
f 1406/1406/1406 1410/1410/1410 1416/1416/1416
f 1406/1406/1406 1416/1416/1416 1407/1407/1407
f 1407/1407/1407 1418/1418/1418 1411/1411/1411
f 1407/1407/1407 1411/1411/1411 1408/1408/1408
f 1407/1407/1407 1416/1416/1416 1415/1415/1415
f 1407/1407/1407 1415/1415/1415 1419/1419/1419
f 1407/1407/1407 1419/1419/1419 1420/1420/1420
f 1407/1407/1407 1420/1420/1420 1418/1418/1418
f 1410/1410/1410 1413/1413/1413 1416/1416/1416
f 1412/1412/1412 1416/1416/1416 1413/1413/1413
f 1414/1414/1414 1421/1421/1421 1419/1419/1419
f 1414/1414/1414 1419/1419/1419 1415/1415/1415
f 1417/1417/1417 1422/1422/1422 1419/1419/1419
f 1417/1417/1417 1419/1419/1419 1421/1421/1421
f 1419/1419/1419 1422/1422/1422 1420/1420/1420
f 1423/1423/1423 1424/1424/1424 1425/1425/1425
f 1423/1423/1423 1425/1425/1425 1426/1426/1426
f 1423/1423/1423 1426/1426/1426 1427/1427/1427
f 1423/1423/1423 1427/1427/1427 1432/1432/1432
f 1423/1423/1423 1432/1432/1432 1439/1439/1439
f 1423/1423/1423 1439/1439/1439 1452/1452/1452
f 1423/1423/1423 1452/1452/1452 1463/1463/1463
f 1423/1423/1423 1463/1463/1463 1464/1464/1464
f 1423/1423/1423 1464/1464/1464 1455/1455/1455
f 1423/1423/1423 1455/1455/1455 1454/1454/1454
f 1423/1423/1423 1454/1454/1454 1453/1453/1453
f 1423/1423/1423 1453/1453/1453 1443/1443/1443
f 1423/1423/1423 1443/1443/1443 1433/1433/1433
f 1423/1423/1423 1433/1433/1433 1428/1428/1428
f 1423/1423/1423 1428/1428/1428 1434/1434/1434
f 1423/1423/1423 1434/1434/1434 1442/1442/1442
f 1423/1423/1423 1442/1442/1442 1435/1435/1435
f 1423/1423/1423 1435/1435/1435 1429/1429/1429
f 1423/1423/1423 1429/1429/1429 1424/1424/1424
f 1424/1424/1424 1429/1429/1429 1437/1437/1437
f 1424/1424/1424 1437/1437/1437 1450/1450/1450
f 1424/1424/1424 1450/1450/1450 1458/1458/1458
f 1424/1424/1424 1458/1458/1458 1466/1466/1466
f 1424/1424/1424 1466/1466/1466 1469/1469/1469
f 1424/1424/1424 1469/1469/1469 1467/1467/1467
f 1424/1424/1424 1467/1467/1467 1459/1459/1459
f 1424/1424/1424 1459/1459/1459 1451/1451/1451
f 1424/1424/1424 1451/1451/1451 1438/1438/1438
f 1424/1424/1424 1438/1438/1438 1431/1431/1431
f 1424/1424/1424 1431/1431/1431 1430/1430/1430
f 1424/1424/1424 1430/1430/1430 1426/1426/1426
f 1424/1424/1424 1426/1426/1426 1425/1425/1425
f 1426/1426/1426 1430/1430/1430 1427/1427/1427
f 1427/1427/1427 1430/1430/1430 1431/1431/1431
f 1427/1427/1427 1431/1431/1431 1432/1432/1432
f 1428/1428/1428 1433/1433/1433 1434/1434/1434
f 1429/1429/1429 1435/1435/1435 1436/1436/1436
f 1429/1429/1429 1436/1436/1436 1437/1437/1437
f 1431/1431/1431 1438/1438/1438 1432/1432/1432
f 1432/1432/1432 1438/1438/1438 1439/1439/1439
f 1433/1433/1433 1440/1440/1440 1441/1441/1441
f 1433/1433/1433 1441/1441/1441 1442/1442/1442
f 1433/1433/1433 1442/1442/1442 1434/1434/1434
f 1433/1433/1433 1443/1443/1443 1444/1444/1444
f 1433/1433/1433 1444/1444/1444 1440/1440/1440
f 1435/1435/1435 1445/1445/1445 1436/1436/1436
f 1435/1435/1435 1442/1442/1442 1446/1446/1446
f 1435/1435/1435 1446/1446/1446 1447/1447/1447
f 1435/1435/1435 1447/1447/1447 1445/1445/1445
f 1436/1436/1436 1448/1448/1448 1457/1457/1457
f 1436/1436/1436 1457/1457/1457 1449/1449/1449
f 1436/1436/1436 1449/1449/1449 1437/1437/1437
f 1436/1436/1436 1445/1445/1445 1447/1447/1447
f 1436/1436/1436 1447/1447/1447 1448/1448/1448
f 1437/1437/1437 1449/1449/1449 1450/1450/1450
f 1438/1438/1438 1451/1451/1451 1439/1439/1439
f 1439/1439/1439 1451/1451/1451 1452/1452/1452
f 1440/1440/1440 1447/1447/1447 1441/1441/1441
f 1440/1440/1440 1444/1444/1444 1447/1447/1447
f 1441/1441/1441 1446/1446/1446 1442/1442/1442
f 1441/1441/1441 1447/1447/1447 1446/1446/1446
f 1443/1443/1443 1453/1453/1453 1448/1448/1448
f 1443/1443/1443 1448/1448/1448 1444/1444/1444
f 1444/1444/1444 1448/1448/1448 1447/1447/1447
f 1448/1448/1448 1454/1454/1454 1455/1455/1455
f 1448/1448/1448 1455/1455/1455 1456/1456/1456
f 1448/1448/1448 1456/1456/1456 1457/1457/1457
f 1448/1448/1448 1453/1453/1453 1454/1454/1454
f 1449/1449/1449 1457/1457/1457 1456/1456/1456
f 1449/1449/1449 1456/1456/1456 1450/1450/1450
f 1450/1450/1450 1456/1456/1456 1464/1464/1464
f 1450/1450/1450 1464/1464/1464 1463/1463/1463
f 1450/1450/1450 1463/1463/1463 1462/1462/1462
f 1450/1450/1450 1462/1462/1462 1461/1461/1461
f 1450/1450/1450 1461/1461/1461 1460/1460/1460
f 1450/1450/1450 1460/1460/1460 1468/1468/1468
f 1450/1450/1450 1468/1468/1468 1465/1465/1465
f 1450/1450/1450 1465/1465/1465 1458/1458/1458
f 1451/1451/1451 1459/1459/1459 1452/1452/1452
f 1452/1452/1452 1459/1459/1459 1460/1460/1460
f 1452/1452/1452 1460/1460/1460 1461/1461/1461
f 1452/1452/1452 1461/1461/1461 1462/1462/1462
f 1452/1452/1452 1462/1462/1462 1463/1463/1463
f 1455/1455/1455 1464/1464/1464 1456/1456/1456
f 1458/1458/1458 1465/1465/1465 1466/1466/1466
f 1459/1459/1459 1467/1467/1467 1468/1468/1468
f 1459/1459/1459 1468/1468/1468 1460/1460/1460
f 1465/1465/1465 1468/1468/1468 1466/1466/1466
f 1466/1466/1466 1468/1468/1468 1469/1469/1469
f 1467/1467/1467 1469/1469/1469 1468/1468/1468
f 1470/1470/1470 1471/1471/1471 1478/1478/1478
f 1470/1470/1470 1478/1478/1478 1487/1487/1487
f 1470/1470/1470 1487/1487/1487 1488/1488/1488
f 1470/1470/1470 1488/1488/1488 1479/1479/1479
f 1470/1470/1470 1479/1479/1479 1472/1472/1472
f 1470/1470/1470 1472/1472/1472 1480/1480/1480
f 1470/1470/1470 1480/1480/1480 1492/1492/1492
f 1470/1470/1470 1492/1492/1492 1517/1517/1517
f 1470/1470/1470 1517/1517/1517 1516/1516/1516
f 1470/1470/1470 1516/1516/1516 1515/1515/1515
f 1470/1470/1470 1515/1515/1515 1536/1536/1536
f 1470/1470/1470 1536/1536/1536 1549/1549/1549
f 1470/1470/1470 1549/1549/1549 1537/1537/1537
f 1470/1470/1470 1537/1537/1537 1518/1518/1518
f 1470/1470/1470 1518/1518/1518 1493/1493/1493
f 1470/1470/1470 1493/1493/1493 1482/1482/1482
f 1470/1470/1470 1482/1482/1482 1481/1481/1481
f 1470/1470/1470 1481/1481/1481 1473/1473/1473
f 1470/1470/1470 1473/1473/1473 1474/1474/1474
f 1470/1470/1470 1474/1474/1474 1475/1475/1475
f 1470/1470/1470 1475/1475/1475 1476/1476/1476
f 1470/1470/1470 1476/1476/1476 1477/1477/1477
f 1470/1470/1470 1477/1477/1477 1471/1471/1471
f 1471/1471/1471 1477/1477/1477 1478/1478/1478
f 1472/1472/1472 1479/1479/1479 1489/1489/1489
f 1472/1472/1472 1489/1489/1489 1511/1511/1511
f 1472/1472/1472 1511/1511/1511 1532/1532/1532
f 1472/1472/1472 1532/1532/1532 1531/1531/1531
f 1472/1472/1472 1531/1531/1531 1512/1512/1512
f 1472/1472/1472 1512/1512/1512 1490/1490/1490
f 1472/1472/1472 1490/1490/1490 1480/1480/1480
f 1473/1473/1473 1481/1481/1481 1474/1474/1474
f 1474/1474/1474 1481/1481/1481 1475/1475/1475
f 1475/1475/1475 1481/1481/1481 1482/1482/1482
f 1475/1475/1475 1482/1482/1482 1483/1483/1483
f 1475/1475/1475 1483/1483/1483 1484/1484/1484
f 1475/1475/1475 1484/1484/1484 1476/1476/1476
f 1476/1476/1476 1484/1484/1484 1477/1477/1477
f 1477/1477/1477 1484/1484/1484 1485/1485/1485
f 1477/1477/1477 1485/1485/1485 1486/1486/1486
f 1477/1477/1477 1486/1486/1486 1487/1487/1487
f 1477/1477/1477 1487/1487/1487 1478/1478/1478
f 1479/1479/1479 1488/1488/1488 1499/1499/1499
f 1479/1479/1479 1499/1499/1499 1523/1523/1523
f 1479/1479/1479 1523/1523/1523 1505/1505/1505
f 1479/1479/1479 1505/1505/1505 1489/1489/1489
f 1480/1480/1480 1490/1490/1490 1491/1491/1491
f 1480/1480/1480 1491/1491/1491 1492/1492/1492
f 1482/1482/1482 1493/1493/1493 1483/1483/1483
f 1483/1483/1483 1494/1494/1494 1484/1484/1484
f 1483/1483/1483 1493/1493/1493 1495/1495/1495
f 1483/1483/1483 1495/1495/1495 1494/1494/1494
f 1484/1484/1484 1494/1494/1494 1496/1496/1496
f 1484/1484/1484 1496/1496/1496 1485/1485/1485
f 1485/1485/1485 1496/1496/1496 1497/1497/1497
f 1485/1485/1485 1497/1497/1497 1498/1498/1498
f 1485/1485/1485 1498/1498/1498 1488/1488/1488
f 1485/1485/1485 1488/1488/1488 1486/1486/1486
f 1486/1486/1486 1488/1488/1488 1487/1487/1487
f 1488/1488/1488 1498/1498/1498 1500/1500/1500
f 1488/1488/1488 1500/1500/1500 1501/1501/1501
f 1488/1488/1488 1501/1501/1501 1502/1502/1502
f 1488/1488/1488 1502/1502/1502 1503/1503/1503
f 1488/1488/1488 1503/1503/1503 1504/1504/1504
f 1488/1488/1488 1504/1504/1504 1499/1499/1499
f 1489/1489/1489 1505/1505/1505 1504/1504/1504
f 1489/1489/1489 1504/1504/1504 1506/1506/1506
f 1489/1489/1489 1506/1506/1506 1507/1507/1507
f 1489/1489/1489 1507/1507/1507 1508/1508/1508
f 1489/1489/1489 1508/1508/1508 1509/1509/1509
f 1489/1489/1489 1509/1509/1509 1510/1510/1510
f 1489/1489/1489 1510/1510/1510 1511/1511/1511
f 1490/1490/1490 1512/1512/1512 1513/1513/1513
f 1490/1490/1490 1513/1513/1513 1491/1491/1491
f 1491/1491/1491 1513/1513/1513 1514/1514/1514
f 1491/1491/1491 1514/1514/1514 1515/1515/1515
f 1491/1491/1491 1515/1515/1515 1516/1516/1516
f 1491/1491/1491 1516/1516/1516 1517/1517/1517
f 1491/1491/1491 1517/1517/1517 1492/1492/1492
f 1493/1493/1493 1518/1518/1518 1495/1495/1495
f 1494/1494/1494 1495/1495/1495 1518/1518/1518
f 1494/1494/1494 1518/1518/1518 1519/1519/1519
f 1494/1494/1494 1519/1519/1519 1496/1496/1496
f 1496/1496/1496 1519/1519/1519 1520/1520/1520
f 1496/1496/1496 1520/1520/1520 1497/1497/1497
f 1497/1497/1497 1520/1520/1520 1521/1521/1521
f 1497/1497/1497 1521/1521/1521 1522/1522/1522
f 1497/1497/1497 1522/1522/1522 1503/1503/1503
f 1497/1497/1497 1503/1503/1503 1501/1501/1501
f 1497/1497/1497 1501/1501/1501 1500/1500/1500
f 1497/1497/1497 1500/1500/1500 1498/1498/1498
f 1499/1499/1499 1504/1504/1504 1523/1523/1523
f 1501/1501/1501 1503/1503/1503 1502/1502/1502
f 1503/1503/1503 1522/1522/1522 1524/1524/1524
f 1503/1503/1503 1524/1524/1524 1504/1504/1504
f 1504/1504/1504 1524/1524/1524 1506/1506/1506
f 1504/1504/1504 1505/1505/1505 1523/1523/1523
f 1506/1506/1506 1524/1524/1524 1525/1525/1525
f 1506/1506/1506 1525/1525/1525 1526/1526/1526
f 1506/1506/1506 1526/1526/1526 1527/1527/1527
f 1506/1506/1506 1527/1527/1527 1508/1508/1508
f 1506/1506/1506 1508/1508/1508 1507/1507/1507
f 1508/1508/1508 1528/1528/1528 1510/1510/1510
f 1508/1508/1508 1510/1510/1510 1509/1509/1509
f 1508/1508/1508 1527/1527/1527 1528/1528/1528
f 1510/1510/1510 1528/1528/1528 1529/1529/1529
f 1510/1510/1510 1529/1529/1529 1530/1530/1530
f 1510/1510/1510 1530/1530/1530 1531/1531/1531
f 1510/1510/1510 1531/1531/1531 1532/1532/1532
f 1510/1510/1510 1532/1532/1532 1511/1511/1511
f 1512/1512/1512 1531/1531/1531 1530/1530/1530
f 1512/1512/1512 1530/1530/1530 1513/1513/1513
f 1513/1513/1513 1530/1530/1530 1514/1514/1514
f 1514/1514/1514 1530/1530/1530 1533/1533/1533
f 1514/1514/1514 1533/1533/1533 1534/1534/1534
f 1514/1514/1514 1534/1534/1534 1515/1515/1515
f 1515/1515/1515 1535/1535/1535 1536/1536/1536
f 1515/1515/1515 1534/1534/1534 1535/1535/1535
f 1518/1518/1518 1537/1537/1537 1519/1519/1519
f 1519/1519/1519 1537/1537/1537 1538/1538/1538
f 1519/1519/1519 1538/1538/1538 1539/1539/1539
f 1519/1519/1519 1539/1539/1539 1540/1540/1540
f 1519/1519/1519 1540/1540/1540 1541/1541/1541
f 1519/1519/1519 1541/1541/1541 1520/1520/1520
f 1520/1520/1520 1541/1541/1541 1521/1521/1521
f 1521/1521/1521 1525/1525/1525 1524/1524/1524
f 1521/1521/1521 1524/1524/1524 1522/1522/1522
f 1521/1521/1521 1541/1541/1541 1542/1542/1542
f 1521/1521/1521 1542/1542/1542 1543/1543/1543
f 1521/1521/1521 1543/1543/1543 1527/1527/1527
f 1521/1521/1521 1527/1527/1527 1525/1525/1525
f 1525/1525/1525 1527/1527/1527 1526/1526/1526
f 1527/1527/1527 1543/1543/1543 1544/1544/1544
f 1527/1527/1527 1544/1544/1544 1529/1529/1529
f 1527/1527/1527 1529/1529/1529 1545/1545/1545
f 1527/1527/1527 1545/1545/1545 1528/1528/1528
f 1528/1528/1528 1545/1545/1545 1529/1529/1529
f 1529/1529/1529 1533/1533/1533 1530/1530/1530
f 1529/1529/1529 1544/1544/1544 1533/1533/1533
f 1533/1533/1533 1544/1544/1544 1546/1546/1546
f 1533/1533/1533 1546/1546/1546 1534/1534/1534
f 1534/1534/1534 1546/1546/1546 1547/1547/1547
f 1534/1534/1534 1547/1547/1547 1535/1535/1535
f 1535/1535/1535 1547/1547/1547 1548/1548/1548
f 1535/1535/1535 1548/1548/1548 1536/1536/1536
f 1536/1536/1536 1548/1548/1548 1549/1549/1549
f 1537/1537/1537 1549/1549/1549 1539/1539/1539
f 1537/1537/1537 1539/1539/1539 1538/1538/1538
f 1539/1539/1539 1549/1549/1549 1548/1548/1548
f 1539/1539/1539 1548/1548/1548 1547/1547/1547
f 1539/1539/1539 1547/1547/1547 1540/1540/1540
f 1540/1540/1540 1547/1547/1547 1550/1550/1550
f 1540/1540/1540 1550/1550/1550 1551/1551/1551
f 1540/1540/1540 1551/1551/1551 1541/1541/1541
f 1541/1541/1541 1551/1551/1551 1542/1542/1542
f 1542/1542/1542 1551/1551/1551 1543/1543/1543
f 1543/1543/1543 1551/1551/1551 1544/1544/1544
f 1544/1544/1544 1551/1551/1551 1546/1546/1546
f 1546/1546/1546 1551/1551/1551 1550/1550/1550
f 1546/1546/1546 1550/1550/1550 1547/1547/1547
f 1552/1552/1552 1553/1553/1553 1554/1554/1554
f 1552/1552/1552 1554/1554/1554 1560/1560/1560
f 1552/1552/1552 1560/1560/1560 1567/1567/1567
f 1552/1552/1552 1567/1567/1567 1581/1581/1581
f 1552/1552/1552 1581/1581/1581 1569/1569/1569
f 1552/1552/1552 1569/1569/1569 1561/1561/1561
f 1552/1552/1552 1561/1561/1561 1555/1555/1555
f 1552/1552/1552 1555/1555/1555 1562/1562/1562
f 1552/1552/1552 1562/1562/1562 1571/1571/1571
f 1552/1552/1552 1571/1571/1571 1572/1572/1572
f 1552/1552/1552 1572/1572/1572 1563/1563/1563
f 1552/1552/1552 1563/1563/1563 1556/1556/1556
f 1552/1552/1552 1556/1556/1556 1553/1553/1553
f 1553/1553/1553 1556/1556/1556 1557/1557/1557
f 1553/1553/1553 1557/1557/1557 1558/1558/1558
f 1553/1553/1553 1558/1558/1558 1559/1559/1559
f 1553/1553/1553 1559/1559/1559 1554/1554/1554
f 1554/1554/1554 1559/1559/1559 1560/1560/1560
f 1555/1555/1555 1561/1561/1561 1568/1568/1568
f 1555/1555/1555 1568/1568/1568 1583/1583/1583
f 1555/1555/1555 1583/1583/1583 1585/1585/1585
f 1555/1555/1555 1585/1585/1585 1570/1570/1570
f 1555/1555/1555 1570/1570/1570 1562/1562/1562
f 1556/1556/1556 1563/1563/1563 1557/1557/1557
f 1557/1557/1557 1563/1563/1563 1558/1558/1558
f 1558/1558/1558 1563/1563/1563 1564/1564/1564
f 1558/1558/1558 1564/1564/1564 1565/1565/1565
f 1558/1558/1558 1565/1565/1565 1559/1559/1559
f 1559/1559/1559 1565/1565/1565 1566/1566/1566
f 1559/1559/1559 1566/1566/1566 1560/1560/1560
f 1560/1560/1560 1566/1566/1566 1580/1580/1580
f 1560/1560/1560 1580/1580/1580 1567/1567/1567
f 1561/1561/1561 1569/1569/1569 1584/1584/1584
f 1561/1561/1561 1584/1584/1584 1580/1580/1580
f 1561/1561/1561 1580/1580/1580 1575/1575/1575
f 1561/1561/1561 1575/1575/1575 1574/1574/1574
f 1561/1561/1561 1574/1574/1574 1573/1573/1573
f 1561/1561/1561 1573/1573/1573 1579/1579/1579
f 1561/1561/1561 1579/1579/1579 1582/1582/1582
f 1561/1561/1561 1582/1582/1582 1568/1568/1568
f 1562/1562/1562 1570/1570/1570 1571/1571/1571
f 1563/1563/1563 1572/1572/1572 1564/1564/1564
f 1564/1564/1564 1573/1573/1573 1574/1574/1574
f 1564/1564/1564 1574/1574/1574 1575/1575/1575
f 1564/1564/1564 1575/1575/1575 1565/1565/1565
f 1564/1564/1564 1572/1572/1572 1576/1576/1576
f 1564/1564/1564 1576/1576/1576 1577/1577/1577
f 1564/1564/1564 1577/1577/1577 1578/1578/1578
f 1564/1564/1564 1578/1578/1578 1579/1579/1579
f 1564/1564/1564 1579/1579/1579 1573/1573/1573
f 1565/1565/1565 1575/1575/1575 1580/1580/1580
f 1565/1565/1565 1580/1580/1580 1566/1566/1566
f 1567/1567/1567 1580/1580/1580 1581/1581/1581
f 1568/1568/1568 1582/1582/1582 1583/1583/1583
f 1569/1569/1569 1581/1581/1581 1584/1584/1584
f 1570/1570/1570 1585/1585/1585 1579/1579/1579
f 1570/1570/1570 1579/1579/1579 1578/1578/1578
f 1570/1570/1570 1578/1578/1578 1577/1577/1577
f 1570/1570/1570 1577/1577/1577 1576/1576/1576
f 1570/1570/1570 1576/1576/1576 1571/1571/1571
f 1571/1571/1571 1576/1576/1576 1572/1572/1572
f 1579/1579/1579 1585/1585/1585 1583/1583/1583
f 1579/1579/1579 1583/1583/1583 1582/1582/1582
f 1580/1580/1580 1584/1584/1584 1581/1581/1581
f 1586/1586/1586 1587/1587/1587 1588/1588/1588
f 1586/1586/1586 1588/1588/1588 1593/1593/1593
f 1586/1586/1586 1593/1593/1593 1601/1601/1601
f 1586/1586/1586 1601/1601/1601 1605/1605/1605
f 1586/1586/1586 1605/1605/1605 1611/1611/1611
f 1586/1586/1586 1611/1611/1611 1617/1617/1617
f 1586/1586/1586 1617/1617/1617 1616/1616/1616
f 1586/1586/1586 1616/1616/1616 1624/1624/1624
f 1586/1586/1586 1624/1624/1624 1623/1623/1623
f 1586/1586/1586 1623/1623/1623 1622/1622/1622
f 1586/1586/1586 1622/1622/1622 1619/1619/1619
f 1586/1586/1586 1619/1619/1619 1618/1618/1618
f 1586/1586/1586 1618/1618/1618 1614/1614/1614
f 1586/1586/1586 1614/1614/1614 1612/1612/1612
f 1586/1586/1586 1612/1612/1612 1606/1606/1606
f 1586/1586/1586 1606/1606/1606 1602/1602/1602
f 1586/1586/1586 1602/1602/1602 1597/1597/1597
f 1586/1586/1586 1597/1597/1597 1589/1589/1589
f 1586/1586/1586 1589/1589/1589 1598/1598/1598
f 1586/1586/1586 1598/1598/1598 1596/1596/1596
f 1586/1586/1586 1596/1596/1596 1595/1595/1595
f 1586/1586/1586 1595/1595/1595 1594/1594/1594
f 1586/1586/1586 1594/1594/1594 1590/1590/1590
f 1586/1586/1586 1590/1590/1590 1587/1587/1587
f 1587/1587/1587 1590/1590/1590 1588/1588/1588
f 1588/1588/1588 1591/1591/1591 1592/1592/1592
f 1588/1588/1588 1592/1592/1592 1593/1593/1593
f 1588/1588/1588 1590/1590/1590 1594/1594/1594
f 1588/1588/1588 1594/1594/1594 1595/1595/1595
f 1588/1588/1588 1595/1595/1595 1596/1596/1596
f 1588/1588/1588 1596/1596/1596 1591/1591/1591
f 1589/1589/1589 1597/1597/1597 1598/1598/1598
f 1591/1591/1591 1596/1596/1596 1592/1592/1592
f 1592/1592/1592 1599/1599/1599 1600/1600/1600
f 1592/1592/1592 1600/1600/1600 1593/1593/1593
f 1592/1592/1592 1596/1596/1596 1599/1599/1599
f 1593/1593/1593 1600/1600/1600 1601/1601/1601
f 1596/1596/1596 1598/1598/1598 1603/1603/1603
f 1596/1596/1596 1603/1603/1603 1607/1607/1607
f 1596/1596/1596 1607/1607/1607 1613/1613/1613
f 1596/1596/1596 1613/1613/1613 1621/1621/1621
f 1596/1596/1596 1621/1621/1621 1625/1625/1625
f 1596/1596/1596 1625/1625/1625 1615/1615/1615
f 1596/1596/1596 1615/1615/1615 1608/1608/1608
f 1596/1596/1596 1608/1608/1608 1604/1604/1604
f 1596/1596/1596 1604/1604/1604 1600/1600/1600
f 1596/1596/1596 1600/1600/1600 1599/1599/1599
f 1597/1597/1597 1602/1602/1602 1598/1598/1598
f 1598/1598/1598 1602/1602/1602 1603/1603/1603
f 1600/1600/1600 1604/1604/1604 1605/1605/1605
f 1600/1600/1600 1605/1605/1605 1601/1601/1601
f 1602/1602/1602 1606/1606/1606 1603/1603/1603
f 1603/1603/1603 1606/1606/1606 1607/1607/1607
f 1604/1604/1604 1608/1608/1608 1609/1609/1609
f 1604/1604/1604 1609/1609/1609 1610/1610/1610
f 1604/1604/1604 1610/1610/1610 1605/1605/1605
f 1605/1605/1605 1610/1610/1610 1611/1611/1611
f 1606/1606/1606 1612/1612/1612 1607/1607/1607
f 1607/1607/1607 1612/1612/1612 1614/1614/1614
f 1607/1607/1607 1614/1614/1614 1613/1613/1613
f 1608/1608/1608 1615/1615/1615 1609/1609/1609
f 1609/1609/1609 1616/1616/1616 1617/1617/1617
f 1609/1609/1609 1617/1617/1617 1610/1610/1610
f 1609/1609/1609 1615/1615/1615 1616/1616/1616
f 1610/1610/1610 1617/1617/1617 1611/1611/1611
f 1613/1613/1613 1614/1614/1614 1618/1618/1618
f 1613/1613/1613 1618/1618/1618 1619/1619/1619
f 1613/1613/1613 1619/1619/1619 1620/1620/1620
f 1613/1613/1613 1620/1620/1620 1621/1621/1621
f 1615/1615/1615 1622/1622/1622 1623/1623/1623
f 1615/1615/1615 1623/1623/1623 1624/1624/1624
f 1615/1615/1615 1624/1624/1624 1616/1616/1616
f 1615/1615/1615 1625/1625/1625 1619/1619/1619
f 1615/1615/1615 1619/1619/1619 1622/1622/1622
f 1619/1619/1619 1625/1625/1625 1621/1621/1621
f 1619/1619/1619 1621/1621/1621 1620/1620/1620
f 1626/1626/1626 1627/1627/1627 1628/1628/1628
f 1626/1626/1626 1628/1628/1628 1632/1632/1632
f 1626/1626/1626 1632/1632/1632 1640/1640/1640
f 1626/1626/1626 1640/1640/1640 1650/1650/1650
f 1626/1626/1626 1650/1650/1650 1659/1659/1659
f 1626/1626/1626 1659/1659/1659 1661/1661/1661
f 1626/1626/1626 1661/1661/1661 1660/1660/1660
f 1626/1626/1626 1660/1660/1660 1651/1651/1651
f 1626/1626/1626 1651/1651/1651 1643/1643/1643
f 1626/1626/1626 1643/1643/1643 1634/1634/1634
f 1626/1626/1626 1634/1634/1634 1629/1629/1629
f 1626/1626/1626 1629/1629/1629 1635/1635/1635
f 1626/1626/1626 1635/1635/1635 1642/1642/1642
f 1626/1626/1626 1642/1642/1642 1633/1633/1633
f 1626/1626/1626 1633/1633/1633 1630/1630/1630
f 1626/1626/1626 1630/1630/1630 1627/1627/1627
f 1627/1627/1627 1630/1630/1630 1628/1628/1628
f 1628/1628/1628 1631/1631/1631 1636/1636/1636
f 1628/1628/1628 1636/1636/1636 1641/1641/1641
f 1628/1628/1628 1641/1641/1641 1637/1637/1637
f 1628/1628/1628 1637/1637/1637 1632/1632/1632
f 1628/1628/1628 1630/1630/1630 1633/1633/1633
f 1628/1628/1628 1633/1633/1633 1631/1631/1631
f 1629/1629/1629 1634/1634/1634 1635/1635/1635
f 1631/1631/1631 1633/1633/1633 1636/1636/1636
f 1632/1632/1632 1637/1637/1637 1638/1638/1638
f 1632/1632/1632 1638/1638/1638 1639/1639/1639
f 1632/1632/1632 1639/1639/1639 1640/1640/1640
f 1633/1633/1633 1641/1641/1641 1636/1636/1636
f 1633/1633/1633 1642/1642/1642 1646/1646/1646
f 1633/1633/1633 1646/1646/1646 1655/1655/1655
f 1633/1633/1633 1655/1655/1655 1654/1654/1654
f 1633/1633/1633 1654/1654/1654 1658/1658/1658
f 1633/1633/1633 1658/1658/1658 1656/1656/1656
f 1633/1633/1633 1656/1656/1656 1647/1647/1647
f 1633/1633/1633 1647/1647/1647 1639/1639/1639
f 1633/1633/1633 1639/1639/1639 1638/1638/1638
f 1633/1633/1633 1638/1638/1638 1637/1637/1637
f 1633/1633/1633 1637/1637/1637 1641/1641/1641
f 1634/1634/1634 1643/1643/1643 1644/1644/1644
f 1634/1634/1634 1644/1644/1644 1635/1635/1635
f 1635/1635/1635 1645/1645/1645 1646/1646/1646
f 1635/1635/1635 1646/1646/1646 1642/1642/1642
f 1635/1635/1635 1644/1644/1644 1645/1645/1645
f 1639/1639/1639 1647/1647/1647 1648/1648/1648
f 1639/1639/1639 1648/1648/1648 1640/1640/1640
f 1640/1640/1640 1648/1648/1648 1649/1649/1649
f 1640/1640/1640 1649/1649/1649 1650/1650/1650
f 1643/1643/1643 1651/1651/1651 1652/1652/1652
f 1643/1643/1643 1652/1652/1652 1644/1644/1644
f 1644/1644/1644 1652/1652/1652 1645/1645/1645
f 1645/1645/1645 1652/1652/1652 1653/1653/1653
f 1645/1645/1645 1653/1653/1653 1654/1654/1654
f 1645/1645/1645 1654/1654/1654 1655/1655/1655
f 1645/1645/1645 1655/1655/1655 1646/1646/1646
f 1647/1647/1647 1656/1656/1656 1649/1649/1649
f 1647/1647/1647 1649/1649/1649 1648/1648/1648
f 1649/1649/1649 1657/1657/1657 1650/1650/1650
f 1649/1649/1649 1656/1656/1656 1658/1658/1658
f 1649/1649/1649 1658/1658/1658 1653/1653/1653
f 1649/1649/1649 1653/1653/1653 1652/1652/1652
f 1649/1649/1649 1652/1652/1652 1657/1657/1657
f 1650/1650/1650 1657/1657/1657 1659/1659/1659
f 1651/1651/1651 1660/1660/1660 1652/1652/1652
f 1652/1652/1652 1660/1660/1660 1661/1661/1661
f 1652/1652/1652 1661/1661/1661 1659/1659/1659
f 1652/1652/1652 1659/1659/1659 1657/1657/1657
f 1653/1653/1653 1658/1658/1658 1654/1654/1654
f 1662/1662/1662 1663/1663/1663 1664/1664/1664
f 1662/1662/1662 1664/1664/1664 1665/1665/1665
f 1662/1662/1662 1665/1665/1665 1670/1670/1670
f 1662/1662/1662 1670/1670/1670 1679/1679/1679
f 1662/1662/1662 1679/1679/1679 1671/1671/1671
f 1662/1662/1662 1671/1671/1671 1666/1666/1666
f 1662/1662/1662 1666/1666/1666 1674/1674/1674
f 1662/1662/1662 1674/1674/1674 1684/1684/1684
f 1662/1662/1662 1684/1684/1684 1685/1685/1685
f 1662/1662/1662 1685/1685/1685 1688/1688/1688
f 1662/1662/1662 1688/1688/1688 1676/1676/1676
f 1662/1662/1662 1676/1676/1676 1668/1668/1668
f 1662/1662/1662 1668/1668/1668 1667/1667/1667
f 1662/1662/1662 1667/1667/1667 1663/1663/1663
f 1663/1663/1663 1667/1667/1667 1664/1664/1664
f 1664/1664/1664 1667/1667/1667 1668/1668/1668
f 1664/1664/1664 1668/1668/1668 1669/1669/1669
f 1664/1664/1664 1669/1669/1669 1665/1665/1665
f 1665/1665/1665 1669/1669/1669 1677/1677/1677
f 1665/1665/1665 1677/1677/1677 1686/1686/1686
f 1665/1665/1665 1686/1686/1686 1695/1695/1695
f 1665/1665/1665 1695/1695/1695 1696/1696/1696
f 1665/1665/1665 1696/1696/1696 1692/1692/1692
f 1665/1665/1665 1692/1692/1692 1691/1691/1691
f 1665/1665/1665 1691/1691/1691 1690/1690/1690
f 1665/1665/1665 1690/1690/1690 1689/1689/1689
f 1665/1665/1665 1689/1689/1689 1678/1678/1678
f 1665/1665/1665 1678/1678/1678 1670/1670/1670
f 1666/1666/1666 1671/1671/1671 1672/1672/1672
f 1666/1666/1666 1672/1672/1672 1673/1673/1673
f 1666/1666/1666 1673/1673/1673 1674/1674/1674
f 1668/1668/1668 1675/1675/1675 1669/1669/1669
f 1668/1668/1668 1676/1676/1676 1675/1675/1675
f 1669/1669/1669 1675/1675/1675 1677/1677/1677
f 1670/1670/1670 1678/1678/1678 1679/1679/1679
f 1671/1671/1671 1679/1679/1679 1678/1678/1678
f 1671/1671/1671 1678/1678/1678 1672/1672/1672
f 1672/1672/1672 1678/1678/1678 1680/1680/1680
f 1672/1672/1672 1680/1680/1680 1681/1681/1681
f 1672/1672/1672 1681/1681/1681 1682/1682/1682
f 1672/1672/1672 1682/1682/1682 1683/1683/1683
f 1672/1672/1672 1683/1683/1683 1673/1673/1673
f 1673/1673/1673 1684/1684/1684 1674/1674/1674
f 1673/1673/1673 1683/1683/1683 1685/1685/1685
f 1673/1673/1673 1685/1685/1685 1684/1684/1684
f 1675/1675/1675 1686/1686/1686 1677/1677/1677
f 1675/1675/1675 1676/1676/1676 1686/1686/1686
f 1676/1676/1676 1687/1687/1687 1686/1686/1686
f 1676/1676/1676 1688/1688/1688 1687/1687/1687
f 1678/1678/1678 1689/1689/1689 1680/1680/1680
f 1680/1680/1680 1689/1689/1689 1681/1681/1681
f 1681/1681/1681 1683/1683/1683 1682/1682/1682
f 1681/1681/1681 1689/1689/1689 1690/1690/1690
f 1681/1681/1681 1690/1690/1690 1691/1691/1691
f 1681/1681/1681 1691/1691/1691 1692/1692/1692
f 1681/1681/1681 1692/1692/1692 1693/1693/1693
f 1681/1681/1681 1693/1693/1693 1694/1694/1694
f 1681/1681/1681 1694/1694/1694 1683/1683/1683
f 1683/1683/1683 1688/1688/1688 1685/1685/1685
f 1683/1683/1683 1694/1694/1694 1688/1688/1688
f 1686/1686/1686 1687/1687/1687 1695/1695/1695
f 1687/1687/1687 1688/1688/1688 1694/1694/1694
f 1687/1687/1687 1694/1694/1694 1695/1695/1695
f 1692/1692/1692 1696/1696/1696 1693/1693/1693
f 1693/1693/1693 1696/1696/1696 1694/1694/1694
f 1694/1694/1694 1696/1696/1696 1695/1695/1695
f 1697/1697/1697 1698/1698/1698 1699/1699/1699
f 1697/1697/1697 1699/1699/1699 1706/1706/1706
f 1697/1697/1697 1706/1706/1706 1700/1700/1700
f 1697/1697/1697 1700/1700/1700 1707/1707/1707
f 1697/1697/1697 1707/1707/1707 1716/1716/1716
f 1697/1697/1697 1716/1716/1716 1724/1724/1724
f 1697/1697/1697 1724/1724/1724 1729/1729/1729
f 1697/1697/1697 1729/1729/1729 1728/1728/1728
f 1697/1697/1697 1728/1728/1728 1727/1727/1727
f 1697/1697/1697 1727/1727/1727 1726/1726/1726
f 1697/1697/1697 1726/1726/1726 1725/1725/1725
f 1697/1697/1697 1725/1725/1725 1718/1718/1718
f 1697/1697/1697 1718/1718/1718 1717/1717/1717
f 1697/1697/1697 1717/1717/1717 1708/1708/1708
f 1697/1697/1697 1708/1708/1708 1701/1701/1701
f 1697/1697/1697 1701/1701/1701 1698/1698/1698
f 1698/1698/1698 1701/1701/1701 1702/1702/1702
f 1698/1698/1698 1702/1702/1702 1699/1699/1699
f 1699/1699/1699 1702/1702/1702 1703/1703/1703
f 1699/1699/1699 1703/1703/1703 1704/1704/1704
f 1699/1699/1699 1704/1704/1704 1705/1705/1705
f 1699/1699/1699 1705/1705/1705 1712/1712/1712
f 1699/1699/1699 1712/1712/1712 1711/1711/1711
f 1699/1699/1699 1711/1711/1711 1715/1715/1715
f 1699/1699/1699 1715/1715/1715 1706/1706/1706
f 1700/1700/1700 1706/1706/1706 1715/1715/1715
f 1700/1700/1700 1715/1715/1715 1707/1707/1707
f 1701/1701/1701 1708/1708/1708 1702/1702/1702
f 1702/1702/1702 1709/1709/1709 1703/1703/1703
f 1702/1702/1702 1708/1708/1708 1709/1709/1709
f 1703/1703/1703 1709/1709/1709 1710/1710/1710
f 1703/1703/1703 1710/1710/1710 1704/1704/1704
f 1704/1704/1704 1711/1711/1711 1712/1712/1712
f 1704/1704/1704 1712/1712/1712 1705/1705/1705
f 1704/1704/1704 1710/1710/1710 1713/1713/1713
f 1704/1704/1704 1713/1713/1713 1714/1714/1714
f 1704/1704/1704 1714/1714/1714 1715/1715/1715
f 1704/1704/1704 1715/1715/1715 1711/1711/1711
f 1707/1707/1707 1715/1715/1715 1716/1716/1716
f 1708/1708/1708 1717/1717/1717 1709/1709/1709
f 1709/1709/1709 1717/1717/1717 1718/1718/1718
f 1709/1709/1709 1718/1718/1718 1719/1719/1719
f 1709/1709/1709 1719/1719/1719 1710/1710/1710
f 1710/1710/1710 1719/1719/1719 1713/1713/1713
f 1713/1713/1713 1719/1719/1719 1720/1720/1720
f 1713/1713/1713 1720/1720/1720 1714/1714/1714
f 1714/1714/1714 1720/1720/1720 1721/1721/1721
f 1714/1714/1714 1721/1721/1721 1715/1715/1715
f 1715/1715/1715 1722/1722/1722 1716/1716/1716
f 1715/1715/1715 1721/1721/1721 1722/1722/1722
f 1716/1716/1716 1722/1722/1722 1723/1723/1723
f 1716/1716/1716 1723/1723/1723 1724/1724/1724
f 1718/1718/1718 1725/1725/1725 1719/1719/1719
f 1719/1719/1719 1725/1725/1725 1726/1726/1726
f 1719/1719/1719 1726/1726/1726 1727/1727/1727
f 1719/1719/1719 1727/1727/1727 1728/1728/1728
f 1719/1719/1719 1728/1728/1728 1720/1720/1720
f 1720/1720/1720 1728/1728/1728 1729/1729/1729
f 1720/1720/1720 1729/1729/1729 1723/1723/1723
f 1720/1720/1720 1723/1723/1723 1721/1721/1721
f 1721/1721/1721 1723/1723/1723 1722/1722/1722
f 1723/1723/1723 1729/1729/1729 1724/1724/1724

