# https://github.com/mikedh/trimesh

o geometry_0
v 63.76699356 102.08808671 -73.17024129 0.54509804 0.71372549 0.60000000
v 63.78776776 102.08808671 -73.17024129 0.54509804 0.71372549 0.60000000
v 63.76699356 102.08808671 -72.45806620 0.54509804 0.71372549 0.60000000
v 60.69449196 103.26945766 -77.72916774 0.54509804 0.71372549 0.60000000
v 62.74905923 102.52687985 -77.72916774 0.54509804 0.71372549 0.60000000
v 64.80362834 102.41597754 -77.72916774 0.54509804 0.71372549 0.60000000
v 63.78776776 102.08808671 -72.45806620 0.54509804 0.71372549 0.60000000
v 64.80362834 102.36936691 -75.67790119 0.54509804 0.71372549 0.60000000
v 62.74905923 102.66832447 -36.64868142 0.54509804 0.71372549 0.60000000
v 62.74905923 102.65224880 -38.69994796 0.54509804 0.71372549 0.60000000
v 60.69449196 103.33053493 -36.64868142 0.54509804 0.71372549 0.60000000
v 59.59242117 103.75807583 -77.72916774 0.54509804 0.71372549 0.60000000
v 59.59242117 103.84647734 -79.35413138 0.54509804 0.71372549 0.60000000
v 59.59242117 103.88344478 -79.78544875 0.54509804 0.71372549 0.60000000
v 60.69449196 103.44626068 -79.78544875 0.54509804 0.71372549 0.60000000
v 59.59242117 103.79825767 -36.64868142 0.54509804 0.71372549 0.60000000
v 62.74905923 102.85637972 -79.78544875 0.54509804 0.71372549 0.60000000
v 64.80362834 102.98817746 -79.78544875 0.54509804 0.71372549 0.60000000
v 66.17368273 103.72432280 -79.78544875 0.54509804 0.71372549 0.60000000
v 66.47802578 103.36428797 -77.72916774 0.54509804 0.71372549 0.60000000
v 64.80362834 102.84191308 -40.75622897 0.54509804 0.71372549 0.60000000
v 64.80362834 102.88048956 -38.69994796 0.54509804 0.71372549 0.60000000
v 66.50191520 103.35785917 -75.67790119 0.54509804 0.71372549 0.60000000
v 64.80362834 102.96567299 -36.64868142 0.54509804 0.71372549 0.60000000
v 62.74905923 103.11194104 -34.59240041 0.54509804 0.71372549 0.60000000
v 60.69449196 103.52340995 -34.59240041 0.54509804 0.71372549 0.60000000
v 59.59242117 103.89148261 -34.59240041 0.54509804 0.71372549 0.60000000
v 59.59242117 104.04417579 -80.80857387 0.54509804 0.71372549 0.60000000
v 59.59242117 104.07471443 -80.89884891 0.54509804 0.71372549 0.60000000
v 60.69449196 103.88505382 -81.07940084 0.54509804 0.71372549 0.60000000
v 62.74905923 103.66485456 -81.26998352 0.54509804 0.71372549 0.60000000
v 64.80362834 103.83683414 -81.09444790 0.54509804 0.71372549 0.60000000
v 65.87869266 104.08435763 -80.85872769 0.54509804 0.71372549 0.60000000
v 67.16461426 105.32359145 -79.64501988 0.54509804 0.71372549 0.60000000
v 67.92495025 106.10634742 -78.87266020 0.54509804 0.71372549 0.60000000
v 67.50531126 104.95551878 -77.72916774 0.54509804 0.71372549 0.60000000
v 67.52920068 104.91533695 -75.67790119 0.54509804 0.71372549 0.60000000
v 66.17160714 103.77414783 -38.69994796 0.54509804 0.71372549 0.60000000
v 66.12486426 103.82719094 -36.64868142 0.54509804 0.71372549 0.60000000
v 66.00333790 103.96059772 -35.32463703 0.54509804 0.71372549 0.60000000
v 64.77454445 103.57966378 -34.62249270 0.54509804 0.71372549 0.60000000
v 64.07133661 103.94934549 -33.35863290 0.54509804 0.71372549 0.60000000
v 62.74905923 103.84808638 -33.20315697 0.54509804 0.71372549 0.60000000
v 60.69449196 103.95095452 -33.29844832 0.54509804 0.71372549 0.60000000
v 59.59242117 104.07792883 -33.46896948 0.54509804 0.71372549 0.60000000
v 59.59242117 104.57780291 -81.24992200 0.54509804 0.71372549 0.60000000
v 60.69449196 105.17411267 -81.80160670 0.54509804 0.71372549 0.60000000
v 62.74905923 105.17411267 -81.99218938 0.54509804 0.71372549 0.60000000
v 64.80362834 105.17411267 -81.66117783 0.54509804 0.71372549 0.60000000
v 67.85431794 108.31317806 -80.76845081 0.54509804 0.71372549 0.60000000
v 67.64657587 107.22824646 -80.35218051 0.54509804 0.71372549 0.60000000
v 66.16433709 105.17411267 -81.06937007 0.54509804 0.71372549 0.60000000
v 68.63646409 109.11200971 -79.96600067 0.54509804 0.71372549 0.60000000
v 69.92238570 110.37534969 -78.30091397 0.54509804 0.71372549 0.60000000
v 67.97584430 105.98258751 -77.72916774 0.54509804 0.71372549 0.60000000
v 69.94523916 110.29337698 -76.93173206 0.54509804 0.71372549 0.60000000
v 67.99142404 105.94240568 -75.67790119 0.54509804 0.71372549 0.60000000
v 66.97037634 105.17411267 -38.69994796 0.54509804 0.71372549 0.60000000
v 66.88727951 105.17411267 -36.64868142 0.54509804 0.71372549 0.60000000
v 67.97480467 108.03993570 -35.43497544 0.54509804 0.71372549 0.60000000
v 66.27755376 105.28501498 -34.62249270 0.54509804 0.71372549 0.60000000
v 65.91712218 106.04366479 -33.48401470 0.54509804 0.71372549 0.60000000
v 65.43931541 104.67263322 -33.95545513 0.54509804 0.71372549 0.60000000
v 64.77454445 105.28501498 -33.13294346 0.54509804 0.71372549 0.60000000
v 62.74905923 105.17411267 -32.47092035 0.54509804 0.71372549 0.60000000
v 60.69449196 105.17411267 -32.50101264 0.54509804 0.71372549 0.60000000
v 59.59242117 105.13553620 -32.76682514 0.54509804 0.71372549 0.60000000
v 59.59242117 105.13553620 -81.56087202 0.54509804 0.71372549 0.60000000
v 59.59242117 106.27672531 -82.11255672 0.54509804 0.71372549 0.60000000
v 64.80362834 107.22824646 -82.10252596 0.54509804 0.71372549 0.60000000
v 59.59242117 107.22824646 -82.39843075 0.54509804 0.71372549 0.60000000
v 60.69449196 107.22824646 -82.41849228 0.54509804 0.71372549 0.60000000
v 62.74905923 107.22824646 -82.37836923 0.54509804 0.71372549 0.60000000
v 66.61929039 107.22824646 -81.34019704 0.54509804 0.71372549 0.60000000
v 68.15969695 109.68420963 -81.04429408 0.54509804 0.71372549 0.60000000
v 69.53598544 111.16935790 -79.75034199 0.54509804 0.71372549 0.60000000
v 70.06676552 111.74477589 -79.04318136 0.54509804 0.71372549 0.60000000
v 70.12078213 111.16935790 -77.66396869 0.54509804 0.71372549 0.60000000
v 70.15402086 111.15328590 -75.72303871 0.54509804 0.71372549 0.60000000
v 69.94523916 110.29337698 -76.44023011 0.54509804 0.71372549 0.60000000
v 68.80577297 109.28238392 -38.69994796 0.54509804 0.71372549 0.60000000
v 67.61852793 106.81677756 -36.64868142 0.54509804 0.71372549 0.60000000
v 68.87121448 111.33491235 -34.59240041 0.54509804 0.71372549 0.60000000
v 68.18566563 109.47204454 -34.68769175 0.54509804 0.71372549 0.60000000
v 68.70398119 109.28238392 -36.64868142 0.54509804 0.71372549 0.60000000
v 69.57857348 111.47796233 -36.72391123 0.54509804 0.71372549 0.60000000
v 67.89690231 110.28373378 -33.55423006 0.54509804 0.71372549 0.60000000
v 68.12334301 111.33491235 -33.32352431 0.54509804 0.71372549 0.60000000
v 66.15810299 107.22824646 -33.29844832 0.54509804 0.71372549 0.60000000
v 64.80362834 107.22824646 -32.57624246 0.54509804 0.71372549 0.60000000
v 62.74905923 107.22824646 -31.99947993 0.54509804 0.71372549 0.60000000
v 60.69449196 107.22824646 -31.88914335 0.54509804 0.71372549 0.60000000
v 59.59242117 107.22824646 -31.95434240 0.54509804 0.71372549 0.60000000
v 66.85715599 111.33491235 -82.03732691 0.54509804 0.71372549 0.60000000
v 64.80362834 109.28238392 -82.32320094 0.54509804 0.71372549 0.60000000
v 59.59242117 108.33085910 -82.53885962 0.54509804 0.71372549 0.60000000
v 59.59242117 109.28238392 -82.61910390 0.54509804 0.71372549 0.60000000
v 60.69449196 109.28238392 -82.58399714 0.54509804 0.71372549 0.60000000
v 62.74905923 109.28238392 -82.51378363 0.54509804 0.71372549 0.60000000
v 64.80362834 111.33491235 -82.46362981 0.54509804 0.71372549 0.60000000
v 68.41937271 111.33491235 -81.25493830 0.54509804 0.71372549 0.60000000
v 70.06676552 112.61432800 -79.04318136 0.54509804 0.71372549 0.60000000
v 70.16025129 112.77987878 -77.72916774 0.54509804 0.71372549 0.60000000
v 70.20283933 112.84095605 -75.67790119 0.54509804 0.71372549 0.60000000
v 70.19764486 111.40724186 -73.62162018 0.54509804 0.71372549 0.60000000
v 70.19764486 111.45224713 -71.56533918 0.54509804 0.71372549 0.60000000
v 69.99925210 112.18999783 -38.69994796 0.54509804 0.71372549 0.60000000
v 69.60869700 111.16132373 -38.69994796 0.54509804 0.71372549 0.60000000
v 68.19085643 113.02579691 -33.25832526 0.54509804 0.71372549 0.60000000
v 69.97535901 112.25911294 -37.46116416 0.54509804 0.71372549 0.60000000
v 69.97535901 112.43752499 -37.46116416 0.54509804 0.71372549 0.60000000
v 66.85715599 111.33491235 -32.58627322 0.54509804 0.71372549 0.60000000
v 64.80362834 109.28238392 -32.23018567 0.54509804 0.71372549 0.60000000
v 64.80362834 111.33491235 -31.93929718 0.54509804 0.71372549 0.60000000
v 63.86047933 114.20555882 -31.48290198 0.54509804 0.71372549 0.60000000
v 63.33281446 114.20555882 -31.48290198 0.54509804 0.71372549 0.60000000
v 59.59242117 109.28238392 -31.84400583 0.54509804 0.71372549 0.60000000
v 64.80362834 113.39065517 -82.33323170 0.54509804 0.71372549 0.60000000
v 66.85715599 113.39065517 -81.75145471 0.54509804 0.71372549 0.60000000
v 68.22721405 113.39065517 -81.08943160 0.54509804 0.71372549 0.60000000
v 59.59242117 112.43752499 -82.69935002 0.54509804 0.71372549 0.60000000
v 62.74905923 111.33491235 -82.57396638 0.54509804 0.71372549 0.60000000
v 62.74905923 113.39065517 -82.56895191 0.54509804 0.71372549 0.60000000
v 67.90209678 114.42897247 -80.82863540 0.54509804 0.71372549 0.60000000
v 69.29396868 113.80694751 -77.72916774 0.54509804 0.71372549 0.60000000
v 69.34590236 113.86802479 -75.67790119 0.54509804 0.71372549 0.60000000
v 69.34590236 113.87445359 -73.62162018 0.54509804 0.71372549 0.60000000
v 70.19764486 112.84738485 -73.62162018 0.54509804 0.71372549 0.60000000
v 70.19764486 112.84738485 -71.56533918 0.54509804 0.71372549 0.60000000
v 70.19349002 111.54064864 -69.51407355 0.54509804 0.71372549 0.60000000
v 69.99925210 112.48574099 -38.69994796 0.54509804 0.71372549 0.60000000
v 68.57829631 113.58192483 -34.40683402 0.54509804 0.71372549 0.60000000
v 67.86781842 114.39521943 -33.59936758 0.54509804 0.71372549 0.60000000
v 67.05243354 113.58192483 -32.77183961 0.54509804 0.71372549 0.60000000
v 69.29812352 113.51280972 -38.69994796 0.54509804 0.71372549 0.60000000
v 69.37083141 113.22992416 -36.72391123 0.54509804 0.71372549 0.60000000
v 64.64885958 113.46780445 -31.75874525 0.54509804 0.71372549 0.60000000
v 63.86047933 114.47880118 -31.48290198 0.54509804 0.71372549 0.60000000
v 63.33281446 114.47880118 -31.48290198 0.54509804 0.71372549 0.60000000
v 59.59242117 115.44478896 -31.75373079 0.54509804 0.71372549 0.60000000
v 59.59242117 116.70813262 -82.20784807 0.54509804 0.71372549 0.60000000
v 59.59242117 115.35960553 -82.54889039 0.54509804 0.71372549 0.60000000
v 64.80362834 115.11047301 -81.47561144 0.54509804 0.71372549 0.60000000
v 66.85715599 114.65560419 -81.06937007 0.54509804 0.71372549 0.60000000
v 59.59242117 113.39065517 -82.71941155 0.54509804 0.71372549 0.60000000
v 60.69449196 113.39065517 -82.66925772 0.54509804 0.71372549 0.60000000
v 59.59242117 114.37754207 -82.70436448 0.54509804 0.71372549 0.60000000
v 59.59242117 117.43142036 -81.78656147 0.54509804 0.71372549 0.60000000
v 62.25982757 116.68563182 -81.11952389 0.54509804 0.71372549 0.60000000
v 63.62884600 116.40596066 -80.35218051 0.54509804 0.71372549 0.60000000
v 59.59242117 118.29293463 -79.78544875 0.54509804 0.71372549 0.60000000
v 66.85715599 115.06385870 -79.78544875 0.54509804 0.71372549 0.60000000
v 68.06621118 114.51576861 -79.78544875 0.54509804 0.71372549 0.60000000
v 68.26668320 114.62506556 -77.72916774 0.54509804 0.71372549 0.60000000
v 68.31862056 114.65399516 -75.67790119 0.54509804 0.71372549 0.60000000
v 69.33967193 113.87445359 -71.56533918 0.54509804 0.71372549 0.60000000
v 68.27083804 114.71346707 -38.69994796 0.54509804 0.71372549 0.60000000
v 70.19349002 112.82166966 -69.51407355 0.54509804 0.71372549 0.60000000
v 68.13684716 114.58970349 -34.96854948 0.54509804 0.71372549 0.60000000
v 67.05243354 115.05903893 -34.40683402 0.54509804 0.71372549 0.60000000
v 63.80127192 116.48150090 -33.54419929 0.54509804 0.71372549 0.60000000
v 66.49776036 114.83401625 -33.11288193 0.54509804 0.71372549 0.60000000
v 68.26772283 114.69578603 -36.64868142 0.54509804 0.71372549 0.60000000
v 64.51590465 115.34192449 -32.64645597 0.54509804 0.71372549 0.60000000
v 62.74905923 116.70331286 -33.14297422 0.54509804 0.71372549 0.60000000
v 60.69449196 117.14692576 -32.69660979 0.54509804 0.71372549 0.60000000
v 59.59242117 117.43302572 -32.66651750 0.54509804 0.71372549 0.60000000
v 60.69449196 115.44478896 -31.72865296 0.54509804 0.71372549 0.60000000
v 59.59242117 118.22703393 -79.94593914 0.54509804 0.71372549 0.60000000
v 63.83970512 116.49757657 -78.97798230 0.54509804 0.71372549 0.60000000
v 59.59242117 118.38937398 -77.72916774 0.54509804 0.71372549 0.60000000
v 66.85715599 115.26959499 -77.72916774 0.54509804 0.71372549 0.60000000
v 66.85715599 115.30013362 -75.67790119 0.54509804 0.71372549 0.60000000
v 66.85715599 115.40460713 -48.97132316 0.54509804 0.71372549 0.60000000
v 66.85715599 115.43996920 -38.69994796 0.54509804 0.71372549 0.60000000
v 66.85715599 115.42228816 -36.64868142 0.54509804 0.71372549 0.60000000
v 64.96566349 116.11825166 -34.59240041 0.54509804 0.71372549 0.60000000
v 59.59242117 118.41348381 -34.59240041 0.54509804 0.71372549 0.60000000
v 59.59242117 118.41830358 -75.72805501 0.54509804 0.71372549 0.60000000
v 59.59242117 118.44562781 -71.58540070 0.54509804 0.71372549 0.60000000
v 59.59242117 118.45366565 -69.51908893 0.54509804 0.71372549 0.60000000
v 59.59242117 118.50831412 -36.64868142 0.54509804 0.71372549 0.60000000
v 65.09758246 116.17129477 -36.64868142 0.54509804 0.71372549 0.60000000
v 59.59242117 118.41991261 -34.71778404 0.54509804 0.71372549 0.60000000
f 1 2 7
f 1 7 3
f 1 3 4
f 1 4 5
f 1 5 6
f 1 6 2
f 2 6 8
f 2 8 7
f 3 7 9
f 3 9 10
f 3 10 11
f 3 11 4
f 4 12 13
f 4 13 14
f 4 14 15
f 4 15 5
f 4 11 16
f 4 16 12
f 5 15 17
f 5 17 6
f 6 17 18
f 6 18 19
f 6 19 20
f 6 20 8
f 7 8 21
f 7 21 22
f 7 22 9
f 8 20 23
f 8 23 21
f 9 22 24
f 9 24 25
f 9 25 26
f 9 26 11
f 9 11 10
f 11 26 27
f 11 27 16
f 12 16 27
f 12 27 45
f 12 45 67
f 12 67 93
f 12 93 117
f 12 117 140
f 12 140 167
f 12 167 178
f 12 178 184
f 12 184 182
f 12 182 181
f 12 181 180
f 12 180 179
f 12 179 171
f 12 171 151
f 12 151 169
f 12 169 148
f 12 148 141
f 12 141 142
f 12 142 147
f 12 147 145
f 12 145 121
f 12 121 97
f 12 97 96
f 12 96 71
f 12 71 69
f 12 69 68
f 12 68 46
f 12 46 29
f 12 29 28
f 12 28 14
f 12 14 13
f 14 28 15
f 15 28 17
f 17 28 29
f 17 29 30
f 17 30 31
f 17 31 18
f 18 31 32
f 18 32 33
f 18 33 19
f 19 34 35
f 19 35 36
f 19 36 20
f 19 33 34
f 20 36 37
f 20 37 23
f 21 38 22
f 21 23 38
f 22 38 39
f 22 39 24
f 23 37 38
f 24 39 40
f 24 40 41
f 24 41 25
f 25 41 42
f 25 42 43
f 25 43 44
f 25 44 45
f 25 45 26
f 26 45 27
f 29 46 30
f 30 46 47
f 30 47 31
f 31 47 48
f 31 48 32
f 32 48 49
f 32 49 33
f 33 50 51
f 33 51 34
f 33 49 52
f 33 52 50
f 34 51 35
f 35 51 53
f 35 53 54
f 35 54 55
f 35 55 36
f 36 55 37
f 37 55 56
f 37 56 57
f 37 57 58
f 37 58 38
f 38 58 39
f 39 59 40
f 39 58 59
f 40 60 61
f 40 61 62
f 40 62 63
f 40 63 42
f 40 42 41
f 40 59 60
f 42 63 62
f 42 62 64
f 42 64 65
f 42 65 43
f 43 65 66
f 43 66 44
f 44 66 67
f 44 67 45
f 46 68 47
f 47 69 48
f 47 68 69
f 48 70 49
f 48 69 71
f 48 71 72
f 48 72 73
f 48 73 70
f 49 70 74
f 49 74 52
f 50 53 51
f 50 52 75
f 50 75 76
f 50 76 53
f 52 74 75
f 53 76 54
f 54 76 77
f 54 77 78
f 54 78 56
f 54 56 55
f 56 78 79
f 56 79 80
f 56 80 57
f 57 80 81
f 57 81 58
f 58 81 59
f 59 82 60
f 59 81 82
f 60 83 84
f 60 84 61
f 60 82 85
f 60 85 86
f 60 86 83
f 61 84 87
f 61 87 62
f 62 87 88
f 62 88 89
f 62 89 90
f 62 90 64
f 64 90 65
f 65 90 91
f 65 91 92
f 65 92 66
f 66 92 93
f 66 93 67
f 70 94 74
f 70 73 95
f 70 95 94
f 71 96 72
f 72 96 73
f 73 96 97
f 73 97 98
f 73 98 99
f 73 99 100
f 73 100 95
f 74 94 101
f 74 101 75
f 75 101 76
f 76 101 77
f 77 102 103
f 77 103 78
f 77 101 102
f 78 103 104
f 78 104 79
f 79 104 105
f 79 105 106
f 79 106 80
f 80 106 107
f 80 107 108
f 80 108 81
f 81 108 85
f 81 85 82
f 83 109 88
f 83 88 87
f 83 87 84
f 83 86 110
f 83 110 111
f 83 111 109
f 85 108 110
f 85 110 86
f 88 109 112
f 88 112 89
f 89 112 90
f 90 112 113
f 90 113 91
f 91 113 114
f 91 114 115
f 91 115 92
f 92 115 116
f 92 116 117
f 92 117 93
f 94 95 100
f 94 100 118
f 94 118 119
f 94 119 120
f 94 120 101
f 97 121 122
f 97 122 98
f 98 122 99
f 99 122 100
f 100 122 123
f 100 123 118
f 101 120 102
f 102 120 124
f 102 124 125
f 102 125 103
f 103 125 126
f 103 126 104
f 104 126 127
f 104 127 128
f 104 128 129
f 104 129 106
f 104 106 105
f 106 129 158
f 106 158 130
f 106 130 107
f 107 131 111
f 107 111 110
f 107 110 108
f 107 130 158
f 107 158 131
f 109 111 132
f 109 132 133
f 109 133 134
f 109 134 112
f 111 131 135
f 111 135 136
f 111 136 132
f 112 134 137
f 112 137 114
f 112 114 113
f 114 137 115
f 115 137 138
f 115 138 139
f 115 139 116
f 116 139 140
f 116 140 117
f 118 141 119
f 118 123 142
f 118 142 141
f 119 141 143
f 119 143 144
f 119 144 124
f 119 124 120
f 121 145 122
f 122 145 146
f 122 146 123
f 123 146 147
f 123 147 142
f 124 144 148
f 124 148 149
f 124 149 150
f 124 150 151
f 124 151 152
f 124 152 153
f 124 153 125
f 125 153 154
f 125 154 126
f 126 155 127
f 126 154 155
f 127 156 129
f 127 129 128
f 127 155 157
f 127 157 156
f 129 156 135
f 129 135 158
f 131 158 135
f 132 159 133
f 132 136 159
f 133 159 160
f 133 160 161
f 133 161 162
f 133 162 138
f 133 138 134
f 134 138 137
f 135 163 136
f 135 156 163
f 136 163 159
f 138 162 164
f 138 164 165
f 138 165 166
f 138 166 167
f 138 167 168
f 138 168 139
f 139 168 140
f 140 168 167
f 141 148 143
f 143 148 144
f 145 147 146
f 148 169 149
f 149 169 151
f 149 151 150
f 151 170 152
f 151 171 172
f 151 172 170
f 152 170 172
f 152 172 153
f 153 172 154
f 154 172 155
f 155 172 173
f 155 173 174
f 155 174 175
f 155 175 157
f 156 157 163
f 157 175 176
f 157 176 163
f 159 177 160
f 159 163 176
f 159 176 177
f 160 177 161
f 161 165 162
f 161 177 178
f 161 178 165
f 162 165 164
f 165 178 166
f 166 178 167
f 171 179 173
f 171 173 172
f 173 179 180
f 173 180 174
f 174 180 181
f 174 181 175
f 175 181 182
f 175 182 183
f 175 183 176
f 176 183 184
f 176 184 178
f 176 178 177
f 182 184 183

o geometry_1
v 4.77013096 21.73573383 -100.33135843 0.54117647 0.42352941 0.64313725
v 4.79650924 21.73573383 -110.11890124 0.54117647 0.42352941 0.64313725
v 4.86245955 21.73573383 -98.27776099 0.54117647 0.42352941 0.64313725
v 8.26547309 30.29096020 -99.11110243 0.54117647 0.42352941 0.64313725
v 7.80382281 29.16647128 -100.33135843 0.54117647 0.42352941 0.64313725
v 4.80090654 21.73573383 -110.60147634 0.54117647 0.42352941 0.64313725
v 37.01521555 99.34060503 -100.33135843 0.54117647 0.42352941 0.64313725
v 5.40764565 21.73573383 -96.39848321 0.54117647 0.42352941 0.64313725
v 34.92240610 94.08286437 -99.11110243 0.54117647 0.42352941 0.64313725
v 24.64302154 69.43530142 -98.98780172 0.54117647 0.42352941 0.64313725
v 4.89763243 21.73573383 -112.65720080 0.54117647 0.42352941 0.64313725
v 34.88723322 94.16644244 -102.38708289 0.54117647 0.42352941 0.64313725
v 36.85253844 98.48964133 -110.60147634 0.54117647 0.42352941 0.64313725
v 37.25703118 99.34060503 -112.65720080 0.54117647 0.42352941 0.64313725
v 35.00594284 93.87772320 -113.69462908 0.54117647 0.42352941 0.64313725
v 37.08116493 99.34060503 -99.84453298 0.54117647 0.42352941 0.64313725
v 37.20866824 99.34060503 -110.60147634 0.54117647 0.42352941 0.64313725
v 36.77339900 98.67958848 -102.38708289 0.54117647 0.42352941 0.64313725
v 36.05234757 96.95486640 -102.38708289 0.54117647 0.42352941 0.64313725
v 5.93084709 21.73573383 -96.08597741 0.54117647 0.42352941 0.64313725
v 38.76948164 99.34060503 -96.65783936 0.54117647 0.42352941 0.64313725
v 38.54525153 99.34060503 -96.82153130 0.54117647 0.42352941 0.64313725
v 34.91800972 91.97824797 -97.17017797 0.54117647 0.42352941 0.64313725
v 37.20427186 97.71465869 -97.44866623 0.54117647 0.42352941 0.64313725
v 37.59557361 99.34060503 -98.02903256 0.54117647 0.42352941 0.64313725
v 37.51203779 99.34060503 -98.20335222 0.54117647 0.42352941 0.64313725
v 36.87012580 98.48204432 -98.81985943 0.54117647 0.42352941 0.64313725
v 6.15507812 24.25823324 -113.96461663 0.54117647 0.42352941 0.64313725
v 5.41643841 21.73573383 -114.66402964 0.54117647 0.42352941 0.64313725
v 37.70109410 99.34060503 -114.69166613 0.54117647 0.42352941 0.64313725
v 36.95366163 98.25410847 -113.98587575 0.54117647 0.42352941 0.64313725
v 36.67667219 96.93207538 -114.68741578 0.54117647 0.42352941 0.64313725
v 7.28062137 21.73573383 -95.43971037 0.54117647 0.42352941 0.64313725
v 40.15442880 99.34060503 -96.17101390 0.54117647 0.42352941 0.64313725
v 36.91409236 96.34703623 -97.10215025 0.54117647 0.42352941 0.64313725
v 34.99714916 91.84908420 -115.75460390 0.54117647 0.42352941 0.64313725
v 6.19904376 22.13082215 -115.78011705 0.54117647 0.42352941 0.64313725
v 6.12430070 21.73573383 -115.80562652 0.54117647 0.42352941 0.64313725
v 20.57171680 57.04313864 -115.79712214 0.54117647 0.42352941 0.64313725
v 38.62878828 99.34060503 -116.13513741 0.54117647 0.42352941 0.64313725
v 37.24823842 97.60828594 -115.35706896 0.54117647 0.42352941 0.64313725
v 7.32458885 21.73573383 -95.43120599 0.54117647 0.42352941 0.64313725
v 40.63366460 99.34060503 -96.05196355 0.54117647 0.42352941 0.64313725
v 36.92728242 96.23307014 -115.88003162 0.54117647 0.42352941 0.64313725
v 12.28401850 36.73397317 -115.85239512 0.54117647 0.42352941 0.64313725
v 12.03340919 35.32836201 -115.99057758 0.54117647 0.42352941 0.64313725
v 7.24984579 22.89061078 -116.01609074 0.54117647 0.42352941 0.64313725
v 7.26743131 21.73573383 -116.13088706 0.54117647 0.42352941 0.64313725
v 36.67667219 94.89583937 -116.06710969 0.54117647 0.42352941 0.64313725
v 40.14563512 99.34060503 -116.68999059 0.54117647 0.42352941 0.64313725
v 38.57163165 99.00630009 -116.17978267 0.54117647 0.42352941 0.64313725
v 9.33386064 21.73573383 -95.41632791 0.54117647 0.42352941 0.64313725
v 46.30974931 99.34060503 -95.09744474 0.54117647 0.42352941 0.64313725
v 45.16222140 99.34060503 -95.25900967 0.54117647 0.42352941 0.64313725
v 44.27849286 99.34060503 -95.38443739 0.54117647 0.42352941 0.64313725
v 13.44473647 35.32836201 -116.41575636 0.54117647 0.42352941 0.64313725
v 38.09239585 94.89583937 -116.61558550 0.54117647 0.42352941 0.64313725
v 9.33386064 25.05601056 -116.34134760 0.54117647 0.42352941 0.64313725
v 9.33386064 22.99698353 -116.44976655 0.54117647 0.42352941 0.64313725
v 9.33386064 21.73573383 -116.44976655 0.54117647 0.42352941 0.64313725
v 42.20327077 99.34060503 -116.78990884 0.54117647 0.42352941 0.64313725
v 40.14563512 99.00630009 -116.73038550 0.54117647 0.42352941 0.64313725
v 9.63283289 21.73573383 -95.41420089 0.54117647 0.42352941 0.64313725
v 47.21546067 99.34060503 -95.14421334 0.54117647 0.42352941 0.64313725
v 12.00263177 21.73573383 -95.48222862 0.54117647 0.42352941 0.64313725
v 13.44473647 33.26933499 -116.52842567 0.54117647 0.42352941 0.64313725
v 11.39149537 29.16647128 -116.45402058 0.54117647 0.42352941 0.64313725
v 11.39149537 27.10744425 -116.51354392 0.54117647 0.42352941 0.64313725
v 11.39149537 25.05601056 -116.51141690 0.54117647 0.42352941 0.64313725
v 11.39149537 22.99698353 -116.48590743 0.54117647 0.42352941 0.64313725
v 11.39149537 21.73573383 -116.45402058 0.54117647 0.42352941 0.64313725
v 40.14563512 96.95486640 -116.81329130 0.54117647 0.42352941 0.64313725
v 44.25651004 99.34060503 -116.70912638 0.54117647 0.42352941 0.64313725
v 42.20327077 99.00630009 -116.78353147 0.54117647 0.42352941 0.64313725
v 13.44473647 22.99698353 -116.42425707 0.54117647 0.42352941 0.64313725
v 13.44473647 25.05601056 -116.45827093 0.54117647 0.42352941 0.64313725
v 13.44473647 31.21790130 -116.55818918 0.54117647 0.42352941 0.64313725
v 48.20031239 99.34060503 -95.89677600 0.54117647 0.42352941 0.64313725
v 13.34800875 21.73573383 -95.56939212 0.54117647 0.42352941 0.64313725
v 14.22294453 21.73573383 -95.70544757 0.54117647 0.42352941 0.64313725
v 15.49797390 22.99698353 -95.97543512 0.54117647 0.42352941 0.64313725
v 15.58590703 21.73573383 -96.28155987 0.54117647 0.42352941 0.64313725
v 16.22781901 21.73573383 -96.60469339 0.54117647 0.42352941 0.64313725
v 17.06758191 22.99698353 -96.76413497 0.54117647 0.42352941 0.64313725
v 16.81697260 21.73573383 -96.95120937 0.54117647 0.42352941 0.64313725
v 13.44473647 21.73573383 -116.37961549 0.54117647 0.42352941 0.64313725
v 46.30974931 99.34060503 -116.56456655 0.54117647 0.42352941 0.64313725
v 44.25651004 99.00630009 -116.69849498 0.54117647 0.42352941 0.64313725
v 48.50368010 99.34060503 -96.22841390 0.54117647 0.42352941 0.64313725
v 16.95326683 21.73573383 -97.20419183 0.54117647 0.42352941 0.64313725
v 18.65917090 25.87658257 -97.14679183 0.54117647 0.42352941 0.64313725
v 22.84478796 36.00457257 -97.08726849 0.54117647 0.42352941 0.64313725
v 15.44961096 21.73573383 -116.04372355 0.54117647 0.42352941 0.64313725
v 15.49797390 25.05601056 -116.33284321 0.54117647 0.42352941 0.64313725
v 48.04642896 99.34060503 -116.08836881 0.54117647 0.42352941 0.64313725
v 46.30974931 99.00630009 -116.54543444 0.54117647 0.42352941 0.64313725
v 49.19835233 99.34060503 -97.70802238 0.54117647 0.42352941 0.64313725
v 17.37974239 21.73573383 -98.32240258 0.54117647 0.42352941 0.64313725
v 18.37778509 24.50896378 -97.90360484 0.54117647 0.42352941 0.64313725
v 20.57611318 30.27576252 -97.35937938 0.54117647 0.42352941 0.64313725
v 21.17405861 31.05834583 -98.13745152 0.54117647 0.42352941 0.64313725
v 19.68359188 31.26349067 -116.00758635 0.54117647 0.42352941 0.64313725
v 16.79059248 23.34648615 -115.86727688 0.54117647 0.42352941 0.64313725
v 16.52239397 21.97886369 -115.73547179 0.54117647 0.42352941 0.64313725
v 16.46523826 21.73573383 -115.68657617 0.54117647 0.42352941 0.64313725
v 49.08843639 99.34060503 -115.02330404 0.54117647 0.42352941 0.64313725
v 47.54960580 96.95486640 -115.88215863 0.54117647 0.42352941 0.64313725
v 47.95409854 99.00630009 -116.07774109 0.54117647 0.42352941 0.64313725
v 37.08556131 69.16937503 -99.22164840 0.54117647 0.42352941 0.64313725
v 49.27749269 99.34060503 -98.27776099 0.54117647 0.42352941 0.64313725
v 20.81353335 29.74391342 -98.72844557 0.54117647 0.42352941 0.64313725
v 18.58882422 24.00750270 -99.27267103 0.54117647 0.42352941 0.64313725
v 17.65673274 21.73573383 -100.33135843 0.54117647 0.42352941 0.64313725
v 18.03044897 23.19452770 -98.46271205 0.54117647 0.42352941 0.64313725
v 20.72120293 31.97009292 -115.79499880 0.54117647 0.42352941 0.64313725
v 22.67771539 36.37687171 -115.73122143 0.54117647 0.42352941 0.64313725
v 20.42223067 30.60247045 -115.52926160 0.54117647 0.42352941 0.64313725
v 17.22586080 21.73573383 -114.59812893 0.54117647 0.42352941 0.64313725
v 49.38740864 99.34060503 -114.38979174 0.54117647 0.42352941 0.64313725
v 47.34735943 95.89876153 -115.74610318 0.54117647 0.42352941 0.64313725
v 40.07968574 76.41016716 -100.33135843 0.54117647 0.42352941 0.64313725
v 45.40843341 89.44814972 -100.33135843 0.54117647 0.42352941 0.64313725
v 49.44016888 99.34060503 -100.33135843 0.54117647 0.42352941 0.64313725
v 49.36542582 99.34060503 -99.04945208 0.54117647 0.42352941 0.64313725
v 24.63862515 38.66383643 -100.33135843 0.54117647 0.42352941 0.64313725
v 18.25907454 22.75385000 -110.60147634 0.54117647 0.42352941 0.64313725
v 20.47938638 28.52064874 -100.33135843 0.54117647 0.42352941 0.64313725
v 17.82820260 21.73573383 -110.60147634 0.54117647 0.42352941 0.64313725
v 20.85310261 29.62234666 -114.16019542 0.54117647 0.42352941 0.64313725
v 18.61080796 23.94671931 -113.76903417 0.54117647 0.42352941 0.64313725
v 17.82380622 21.73573383 -112.65720080 0.54117647 0.42352941 0.64313725
v 49.66879537 99.34060503 -112.76349641 0.54117647 0.42352941 0.64313725
v 47.37373955 93.78654813 -113.77541522 0.54117647 0.42352941 0.64313725
v 33.02305026 58.80585034 -113.81580277 0.54117647 0.42352941 0.64313725
v 22.79202864 34.04431762 -113.93272611 0.54117647 0.42352941 0.64313725
v 49.66000261 99.34060503 -110.60147634 0.54117647 0.42352941 0.64313725
v 43.23208814 83.59017590 -111.52198129 0.54117647 0.42352941 0.64313725
v 20.56731950 28.31550758 -112.65720080 0.54117647 0.42352941 0.64313725
v 18.68115372 23.77956685 -110.60147634 0.54117647 0.42352941 0.64313725
v 49.68638089 99.34060503 -112.65720080 0.54117647 0.42352941 0.64313725
v 49.26430263 98.29969417 -112.65720080 0.54117647 0.42352941 0.64313725
v 46.18664330 90.78537865 -112.65720080 0.54117647 0.42352941 0.64313725
v 28.87260562 48.62467396 -113.73502031 0.54117647 0.42352941 0.64313725
f 185 186 190
f 185 190 195
f 185 195 213
f 185 213 222
f 185 222 232
f 185 232 244
f 185 244 255
f 185 255 270
f 185 270 277
f 185 277 289
f 185 289 302
f 185 302 315
f 185 315 312
f 185 312 297
f 185 297 282
f 185 282 274
f 185 274 269
f 185 269 267
f 185 267 266
f 185 266 264
f 185 264 263
f 185 263 249
f 185 249 247
f 185 247 236
f 185 236 226
f 185 226 217
f 185 217 204
f 185 204 192
f 185 192 187
f 185 187 188
f 185 188 189
f 185 189 186
f 186 189 191
f 186 191 190
f 187 192 193
f 187 193 194
f 187 194 188
f 188 194 193
f 188 193 191
f 188 191 189
f 190 191 196
f 190 196 197
f 190 197 198
f 190 198 199
f 190 199 195
f 191 193 200
f 191 200 210
f 191 210 209
f 191 209 206
f 191 206 205
f 191 205 218
f 191 218 227
f 191 227 239
f 191 239 238
f 191 238 237
f 191 237 248
f 191 248 262
f 191 262 273
f 191 273 281
f 191 281 294
f 191 294 308
f 191 308 307
f 191 307 320
f 191 320 324
f 191 324 316
f 191 316 303
f 191 303 290
f 191 290 279
f 191 279 271
f 191 271 257
f 191 257 245
f 191 245 234
f 191 234 224
f 191 224 214
f 191 214 198
f 191 198 201
f 191 201 202
f 191 202 203
f 191 203 196
f 192 204 205
f 192 205 206
f 192 206 207
f 192 207 208
f 192 208 209
f 192 209 210
f 192 210 211
f 192 211 193
f 193 211 200
f 195 212 213
f 195 199 212
f 196 203 197
f 197 203 202
f 197 202 201
f 197 201 198
f 198 214 215
f 198 215 199
f 199 215 216
f 199 216 212
f 200 211 210
f 204 217 205
f 205 217 218
f 206 209 208
f 206 208 219
f 206 219 207
f 207 219 208
f 212 216 220
f 212 220 213
f 213 221 222
f 213 220 223
f 213 223 221
f 214 224 225
f 214 225 216
f 214 216 215
f 216 225 220
f 217 226 227
f 217 227 218
f 220 225 228
f 220 228 223
f 221 229 230
f 221 230 222
f 221 223 229
f 222 230 231
f 222 231 232
f 223 228 233
f 223 233 224
f 223 224 229
f 224 234 235
f 224 235 229
f 224 233 228
f 224 228 225
f 226 236 237
f 226 237 238
f 226 238 239
f 226 239 227
f 229 235 230
f 230 240 231
f 230 235 241
f 230 241 240
f 231 240 232
f 232 240 242
f 232 242 243
f 232 243 244
f 234 245 246
f 234 246 241
f 234 241 235
f 236 247 237
f 237 247 249
f 237 249 248
f 240 250 251
f 240 251 242
f 240 241 246
f 240 246 250
f 242 251 243
f 243 251 250
f 243 250 252
f 243 252 244
f 244 252 253
f 244 253 254
f 244 254 255
f 245 256 246
f 245 257 258
f 245 258 259
f 245 259 260
f 245 260 261
f 245 261 256
f 246 256 250
f 248 249 263
f 248 263 264
f 248 264 265
f 248 265 266
f 248 266 267
f 248 267 268
f 248 268 269
f 248 269 262
f 250 261 252
f 250 256 261
f 252 261 253
f 253 261 254
f 254 260 259
f 254 259 255
f 254 261 260
f 255 259 270
f 257 271 272
f 257 272 259
f 257 259 258
f 259 272 271
f 259 271 270
f 262 269 273
f 264 266 265
f 267 269 268
f 269 274 275
f 269 275 276
f 269 276 273
f 270 271 278
f 270 278 277
f 271 279 280
f 271 280 278
f 273 276 281
f 274 282 283
f 274 283 284
f 274 284 275
f 275 284 276
f 276 284 285
f 276 285 281
f 277 286 287
f 277 287 288
f 277 288 289
f 277 278 280
f 277 280 286
f 279 290 291
f 279 291 292
f 279 292 280
f 280 292 286
f 281 293 294
f 281 285 295
f 281 295 296
f 281 296 293
f 282 297 296
f 282 296 298
f 282 298 285
f 282 285 284
f 282 284 283
f 285 298 295
f 286 299 287
f 286 292 299
f 287 299 288
f 288 299 300
f 288 300 301
f 288 301 289
f 289 301 302
f 290 303 304
f 290 304 291
f 291 304 300
f 291 300 299
f 291 299 292
f 293 305 306
f 293 306 307
f 293 307 308
f 293 308 294
f 293 296 309
f 293 309 305
f 295 298 296
f 296 297 310
f 296 310 311
f 296 311 309
f 297 312 310
f 300 304 301
f 301 304 313
f 301 313 302
f 302 314 315
f 302 313 314
f 303 316 317
f 303 317 318
f 303 318 304
f 304 318 319
f 304 319 313
f 305 320 306
f 305 309 320
f 306 320 307
f 309 311 321
f 309 321 320
f 310 312 315
f 310 315 322
f 310 322 323
f 310 323 311
f 311 323 321
f 313 319 314
f 314 322 315
f 314 319 322
f 316 324 317
f 317 324 325
f 317 325 326
f 317 326 327
f 317 327 318
f 318 327 319
f 319 327 322
f 320 325 324
f 320 321 325
f 321 326 325
f 321 323 322
f 321 322 326
f 322 327 326

o geometry_2
v 3.40147805 22.96226434 -1.72032508 0.43529412 0.89019608 0.96078431
v 3.49732227 22.96226434 -7.88324810 0.43529412 0.89019608 0.96078431
v 3.62801794 22.96226434 0.41734637 0.43529412 0.89019608 0.96078431
v 8.26338832 34.40220707 -0.50905103 0.43529412 0.89019608 0.96078431
v 28.81323336 83.66874686 -0.60473361 0.43529412 0.89019608 0.96078431
v 35.30449263 99.34820570 -1.72032508 0.43529412 0.89019608 0.96078431
v 35.30013666 99.34072626 -3.77535522 0.43529412 0.89019608 0.96078431
v 11.37832000 41.49048970 -14.04399634 0.43529412 0.89019608 0.96078431
v 4.17694193 24.07634963 -14.04399634 0.43529412 0.89019608 0.96078431
v 3.73693283 22.99964689 -14.04399634 0.43529412 0.89019608 0.96078431
v 3.72386216 22.96226434 -14.07878901 0.43529412 0.89019608 0.96078431
v 33.62722152 94.89933480 -14.04399634 0.43529412 0.89019608 0.96078431
v 33.07829569 93.58336683 -14.04399634 0.43529412 0.89019608 0.96078431
v 20.49657883 63.38340561 -14.04399634 0.43529412 0.89019608 0.96078431
v 4.04188937 22.96226434 1.48726765 0.43529412 0.89019608 0.96078431
v 4.25536226 23.91933263 1.17194420 0.43529412 0.89019608 0.96078431
v 34.93854239 98.15934796 -0.48730331 0.43529412 0.89019608 0.96078431
v 35.30884952 99.34820570 -1.69857736 0.43529412 0.89019608 0.96078431
v 35.30449263 99.34820570 -3.77535522 0.43529412 0.89019608 0.96078431
v 35.49182418 99.34820570 -14.04399634 0.43529412 0.89019608 0.96078431
v 14.44533141 48.73578933 -15.17045799 0.43529412 0.89019608 0.96078431
v 4.19872638 24.03148763 -15.08347082 0.43529412 0.89019608 0.96078431
v 3.85455782 22.96226434 -15.90766133 0.43529412 0.89019608 0.96078431
v 34.99082139 98.02475461 -15.17698231 0.43529412 0.89019608 0.96078431
v 4.91755803 22.96226434 2.10703701 0.43529412 0.89019608 0.96078431
v 5.53618491 25.05584892 1.96133837 0.43529412 0.89019608 0.96078431
v 5.98055457 27.11205095 1.64818969 0.43529412 0.89019608 0.96078431
v 18.43157485 57.19985349 1.51771077 0.43529412 0.89019608 0.96078431
v 26.81793319 77.38799312 1.32852038 0.43529412 0.89019608 0.96078431
v 35.86648821 99.34820570 0.28034314 0.43529412 0.89019608 0.96078431
v 35.67044288 99.34820570 -15.51404979 0.43529412 0.89019608 0.96078431
v 20.54014496 63.27872638 -15.35747729 0.43529412 0.89019608 0.96078431
v 3.89376615 22.96226434 -16.06640860 0.43529412 0.89019608 0.96078431
v 32.77333730 92.25992308 -16.09903017 0.43529412 0.89019608 0.96078431
v 35.74014760 99.34820570 -16.01204299 0.43529412 0.89019608 0.96078431
v 11.71377478 39.43428951 1.97003745 0.43529412 0.89019608 0.96078431
v 5.07003447 22.96226434 2.17228015 0.43529412 0.89019608 0.96078431
v 13.44332581 41.49048970 2.35277146 0.43529412 0.89019608 0.96078431
v 24.36519544 70.24737272 1.66123832 0.43529412 0.89019608 0.96078431
v 28.79580718 81.66488812 1.41550387 0.43529412 0.89019608 0.96078431
v 35.00389114 95.94612709 1.36766258 0.43529412 0.89019608 0.96078431
v 35.30884952 97.31443284 0.88054324 0.43529412 0.89019608 0.96078431
v 36.08431523 99.34820570 0.62176017 0.43529412 0.89019608 0.96078431
v 6.28115790 28.09154289 -17.05587069 0.43529412 0.89019608 0.96078431
v 5.03082614 22.96226434 -17.78654603 0.43529412 0.89019608 0.96078431
v 35.16072630 97.65838098 -16.54700363 0.43529412 0.89019608 0.96078431
v 32.90839032 91.91597678 -17.18634593 0.43529412 0.89019608 0.96078431
v 36.53739684 99.34820570 -17.62779876 0.43529412 0.89019608 0.96078431
v 7.24831022 22.96226434 2.90730503 0.43529412 0.89019608 0.96078431
v 7.28316166 25.05584892 2.72463528 0.43529412 0.89019608 0.96078431
v 13.44332581 39.43428951 2.67896876 0.43529412 0.89019608 0.96078431
v 36.71165864 99.00425389 1.55685665 0.43529412 0.89019608 0.96078431
v 36.78136336 99.34820570 1.51988554 0.43529412 0.89019608 0.96078431
v 12.38903938 42.58962160 -17.15807758 0.43529412 0.89019608 0.96078431
v 5.15716859 22.96226434 -17.87353320 0.43529412 0.89019608 0.96078431
v 28.50391808 80.51341660 -17.46252717 0.43529412 0.89019608 0.96078431
v 34.87755052 96.29007523 -17.27115834 0.43529412 0.89019608 0.96078431
v 38.08397137 99.34820570 -18.46503422 0.43529412 0.89019608 0.96078431
v 36.46769212 99.00425389 -17.67564005 0.43529412 0.89019608 0.96078431
v 7.28316166 22.96226434 2.91165458 0.43529412 0.89019608 0.96078431
v 7.28316166 22.99964689 2.91165458 0.43529412 0.89019608 0.96078431
v 13.44332581 37.37809116 2.77900088 0.43529412 0.89019608 0.96078431
v 25.76800502 68.19117390 2.32450311 0.43529412 0.89019608 0.96078431
v 27.81993970 74.35229456 2.18315033 0.43529412 0.89019608 0.96078431
v 25.76800502 70.24737272 2.17010538 0.43529412 0.89019608 0.96078431
v 36.93384255 99.34820570 1.56990528 0.43529412 0.89019608 0.96078431
v 7.28316166 22.96226434 -18.29758786 0.43529412 0.89019608 0.96078431
v 38.09268515 99.00425389 -18.50417642 0.43529412 0.89019608 0.96078431
v 40.14897626 99.34820570 -18.89561319 0.43529412 0.89019608 0.96078431
v 9.30024720 22.96226434 2.94427247 0.43529412 0.89019608 0.96078431
v 13.44332581 35.32936858 2.80074860 0.43529412 0.89019608 0.96078431
v 15.49961600 39.43428951 2.74855776 0.43529412 0.89019608 0.96078431
v 19.60784317 51.76400936 2.58110773 0.43529412 0.89019608 0.96078431
v 27.81993970 72.29609529 2.29405631 0.43529412 0.89019608 0.96078431
v 38.09268515 99.00425389 1.83520899 0.43529412 0.89019608 0.96078431
v 38.07961540 99.34820570 1.80041632 0.43529412 0.89019608 0.96078431
v 13.44332581 25.05584892 -18.07577223 0.43529412 0.89019608 0.96078431
v 13.44332581 22.99964689 -17.97139056 0.43529412 0.89019608 0.96078431
v 13.44332581 22.96226434 -17.96921579 0.43529412 0.89019608 0.96078431
v 44.25720343 99.34820570 -19.26964811 0.43529412 0.89019608 0.96078431
v 11.35653739 22.96226434 2.90947981 0.43529412 0.89019608 0.96078431
v 11.39138883 22.99964689 2.90947981 0.43529412 0.89019608 0.96078431
v 15.49961600 37.37809116 2.75508208 0.43529412 0.89019608 0.96078431
v 21.66413520 53.81273194 2.53544121 0.43529412 0.89019608 0.96078431
v 23.71607034 59.98133021 2.45715680 0.43529412 0.89019608 0.96078431
v 25.76800502 66.13497417 2.37669394 0.43529412 0.89019608 0.96078431
v 36.04075001 90.78693626 2.01570397 0.43529412 0.89019608 0.96078431
v 38.09268515 96.94805738 1.92219616 0.43529412 0.89019608 0.96078431
v 36.04075001 92.84313645 1.96786268 0.43529412 0.89019608 0.96078431
v 38.43249590 99.34820570 1.84390807 0.43529412 0.89019608 0.96078431
v 46.35706068 99.34820570 -19.10655129 0.43529412 0.89019608 0.96078431
v 15.15544929 22.96226434 -17.51254324 0.43529412 0.89019608 0.96078431
v 11.39138883 22.96226434 2.90730503 0.43529412 0.89019608 0.96078431
v 13.44332581 25.05584892 2.75073253 0.43529412 0.89019608 0.96078431
v 17.55155206 35.32936858 2.63547701 0.43529412 0.89019608 0.96078431
v 17.55155206 37.37809116 2.68549307 0.43529412 0.89019608 0.96078431
v 17.55155206 39.43428951 2.68766784 0.43529412 0.89019608 0.96078431
v 29.87623173 74.35229456 2.23969071 0.43529412 0.89019608 0.96078431
v 40.14897626 99.34820570 1.85260716 0.43529412 0.89019608 0.96078431
v 47.38520578 99.34820570 -18.17798280 0.43529412 0.89019608 0.96078431
v 18.73653324 29.70659700 -17.26680879 0.43529412 0.89019608 0.96078431
v 16.75430282 25.52690729 -17.30160513 0.43529412 0.89019608 0.96078431
v 16.44934444 24.15859419 -17.00802572 0.43529412 0.89019608 0.96078431
v 16.23151833 22.96226434 -16.27734670 0.43529412 0.89019608 0.96078431
v 13.40847253 22.96226434 2.59198159 0.43529412 0.89019608 0.96078431
v 13.44332581 22.99964689 2.58763205 0.43529412 0.89019608 0.96078431
v 19.60784317 37.37809116 2.38104348 0.43529412 0.89019608 0.96078431
v 19.60784317 39.43428951 2.52457103 0.43529412 0.89019608 0.96078431
v 44.62315276 99.34820570 1.52206031 0.43529412 0.89019608 0.96078431
v 44.34869076 99.34820570 1.55468188 0.43529412 0.89019608 0.96078431
v 42.20091140 96.94805738 1.70690484 0.43529412 0.89019608 0.96078431
v 42.54072306 99.34820570 1.71995347 0.43529412 0.89019608 0.96078431
v 47.61610255 99.34820570 -17.54516113 0.43529412 0.89019608 0.96078431
v 18.45771435 28.33829124 -16.80361193 0.43529412 0.89019608 0.96078431
v 16.27943860 22.96226434 -16.16209118 0.43529412 0.89019608 0.96078431
v 13.44332581 22.96226434 2.58328250 0.43529412 0.89019608 0.96078431
v 19.78210589 35.17982735 1.94394020 0.43529412 0.89019608 0.96078431
v 21.09778365 37.37809116 1.73952273 0.43529412 0.89019608 0.96078431
v 39.26895347 83.23507655 1.45464608 0.43529412 0.89019608 0.96078431
v 43.30311811 93.61327728 1.40245525 0.43529412 0.89019608 0.96078431
v 45.36812392 99.34820570 1.40897956 0.43529412 0.89019608 0.96078431
v 45.04573797 99.34820570 1.46334517 0.43529412 0.89019608 0.96078431
v 47.84264427 99.34820570 -16.43174811 0.43529412 0.89019608 0.96078431
v 18.64940280 27.94948478 -15.43576170 0.43529412 0.89019608 0.96078431
v 16.72816332 23.50808781 -15.63800440 0.43529412 0.89019608 0.96078431
v 16.69331188 22.96226434 -14.04399634 0.43529412 0.89019608 0.96078431
v 15.05089312 22.96226434 1.83085945 0.43529412 0.89019608 0.96078431
v 19.28110218 33.27317023 1.81563605 0.43529412 0.89019608 0.96078431
v 20.83639049 35.77051650 1.54815757 0.43529412 0.89019608 0.96078431
v 26.84407269 50.59010684 1.40245525 0.43529412 0.89019608 0.96078431
v 34.93418641 71.45118477 1.32199606 0.43529412 0.89019608 0.96078431
v 42.97202022 92.24496785 1.25458183 0.43529412 0.89019608 0.96078431
v 45.13722714 98.19673051 1.32199606 0.43529412 0.89019608 0.96078431
v 46.39191212 99.34820570 0.55652071 0.43529412 0.89019608 0.96078431
v 47.88185260 99.34820570 -15.97942510 0.43529412 0.89019608 0.96078431
v 43.22905650 87.70637478 -15.07694651 0.43529412 0.89019608 0.96078431
v 37.16909622 73.08118951 -15.60756128 0.43529412 0.89019608 0.96078431
v 28.86551190 52.74350865 -15.16393368 0.43529412 0.89019608 0.96078431
v 18.29216541 26.83539214 -14.04399634 0.43529412 0.89019608 0.96078431
v 17.56026492 25.05584892 -14.04399634 0.43529412 0.89019608 0.96078431
v 16.46241510 22.96226434 -1.72032508 0.43529412 0.89019608 0.96078431
v 15.07267390 22.96226434 1.81998559 0.43529412 0.89019608 0.96078431
v 16.65845860 25.75121730 1.48291811 0.43529412 0.89019608 0.96078431
v 20.57935421 34.39473497 1.22848458 0.43529412 0.89019608 0.96078431
v 28.76095481 55.11374560 1.25240706 0.43529412 0.89019608 0.96078431
v 47.08024739 99.34820570 -0.09804500 0.43529412 0.89019608 0.96078431
v 46.62280890 99.34820570 0.34558260 0.43529412 0.89019608 0.96078431
v 47.90799210 99.34820570 -14.48109595 0.43529412 0.89019608 0.96078431
v 47.34599745 97.96494289 -15.15958414 0.43529412 0.89019608 0.96078431
v 43.22905650 87.70637478 -15.02910522 0.43529412 0.89019608 0.96078431
v 34.92111666 67.39860253 -14.04399634 0.43529412 0.89019608 0.96078431
v 24.31291736 41.49048970 -14.04399634 0.43529412 0.89019608 0.96078431
v 22.72277669 38.32020422 -0.59385975 0.43529412 0.89019608 0.96078431
v 16.65410355 23.71744627 -0.32638127 0.43529412 0.89019608 0.96078431
v 16.41884988 22.96226434 -1.22233187 0.43529412 0.89019608 0.96078431
v 46.84499373 96.94805738 -3.77535522 0.43529412 0.89019608 0.96078431
v 37.09503461 73.25316266 -2.44013024 0.43529412 0.89019608 0.96078431
v 16.05725377 22.96226434 0.38037527 0.43529412 0.89019608 0.96078431
v 16.36221399 24.38291155 1.04364005 0.43529412 0.89019608 0.96078431
v 16.07032444 22.96226434 0.34775737 0.43529412 0.89019608 0.96078431
v 41.18147825 83.57902285 -0.67867215 0.43529412 0.89019608 0.96078431
v 45.30713114 93.80768051 -0.65040380 0.43529412 0.89019608 0.96078431
v 47.47669311 99.34820570 -0.66562353 0.43529412 0.89019608 0.96078431
v 47.90363521 99.34820570 -13.98963074 0.43529412 0.89019608 0.96078431
v 38.95528222 77.86652726 -1.72032508 0.43529412 0.89019608 0.96078431
v 47.29807534 98.07709606 -3.77535522 0.43529412 0.89019608 0.96078431
v 47.70323483 99.34820570 -1.72032508 0.43529412 0.89019608 0.96078431
v 47.66402466 99.25100225 -1.72032508 0.43529412 0.89019608 0.96078431
v 47.62917322 99.34820570 -1.36803419 0.43529412 0.89019608 0.96078431
v 47.80343410 99.34820570 -4.02543921 0.43529412 0.89019608 0.96078431
v 47.70323483 99.10145735 -3.77535522 0.43529412 0.89019608 0.96078431
v 47.79907905 99.34820570 -3.77535522 0.43529412 0.89019608 0.96078431
f 328 329 338
f 328 338 350
f 328 350 360
f 328 360 372
f 328 372 382
f 328 382 394
f 328 394 406
f 328 406 419
f 328 419 431
f 328 431 442
f 328 442 453
f 328 453 468
f 328 468 482
f 328 482 487
f 328 487 485
f 328 485 469
f 328 469 454
f 328 454 443
f 328 443 432
f 328 432 420
f 328 420 408
f 328 408 397
f 328 397 387
f 328 387 376
f 328 376 364
f 328 364 352
f 328 352 342
f 328 342 330
f 328 330 331
f 328 331 332
f 328 332 333
f 328 333 334
f 328 334 329
f 329 335 336
f 329 336 337
f 329 337 338
f 329 334 339
f 329 339 340
f 329 340 341
f 329 341 335
f 330 342 343
f 330 343 332
f 330 332 331
f 332 344 333
f 332 343 344
f 333 344 345
f 333 345 357
f 333 357 370
f 333 370 380
f 333 380 393
f 333 393 403
f 333 403 417
f 333 417 426
f 333 426 439
f 333 439 437
f 333 437 436
f 333 436 449
f 333 449 448
f 333 448 461
f 333 461 474
f 333 474 473
f 333 473 490
f 333 490 496
f 333 496 494
f 333 494 499
f 333 499 497
f 333 497 491
f 333 491 475
f 333 475 462
f 333 462 450
f 333 450 440
f 333 440 427
f 333 427 418
f 333 418 407
f 333 407 396
f 333 396 385
f 333 385 375
f 333 375 362
f 333 362 358
f 333 358 347
f 333 347 346
f 333 346 334
f 334 346 347
f 334 347 339
f 335 348 349
f 335 349 336
f 335 341 348
f 336 349 337
f 337 349 338
f 338 349 350
f 339 351 340
f 339 347 351
f 340 351 348
f 340 348 341
f 342 352 353
f 342 353 354
f 342 354 355
f 342 355 343
f 343 355 356
f 343 356 344
f 344 357 345
f 344 356 357
f 347 358 351
f 348 350 349
f 348 351 359
f 348 359 350
f 350 359 361
f 350 361 360
f 351 358 362
f 351 362 361
f 351 361 359
f 352 363 355
f 352 355 353
f 352 364 365
f 352 365 363
f 353 355 354
f 355 363 366
f 355 366 367
f 355 367 356
f 356 367 368
f 356 368 369
f 356 369 357
f 357 369 370
f 360 371 372
f 360 361 371
f 361 362 373
f 361 373 374
f 361 374 371
f 362 375 373
f 363 365 366
f 364 376 377
f 364 377 365
f 365 377 378
f 365 378 379
f 365 379 366
f 366 379 367
f 367 379 380
f 367 380 368
f 368 380 370
f 368 370 369
f 371 381 372
f 371 374 381
f 372 381 383
f 372 383 375
f 372 375 382
f 373 375 384
f 373 384 374
f 374 384 375
f 374 375 383
f 374 383 381
f 375 385 386
f 375 386 382
f 376 387 388
f 376 388 377
f 377 388 378
f 378 388 389
f 378 389 390
f 378 390 391
f 378 391 392
f 378 392 379
f 379 392 393
f 379 393 380
f 382 386 385
f 382 385 395
f 382 395 396
f 382 396 394
f 385 396 395
f 387 397 388
f 388 397 389
f 389 397 398
f 389 398 399
f 389 399 400
f 389 400 401
f 389 401 390
f 390 401 402
f 390 402 391
f 391 402 403
f 391 403 393
f 391 393 392
f 394 404 405
f 394 405 406
f 394 396 407
f 394 407 404
f 397 408 409
f 397 409 399
f 397 399 398
f 399 409 410
f 399 410 411
f 399 411 412
f 399 412 413
f 399 413 401
f 399 401 400
f 401 413 414
f 401 414 415
f 401 415 416
f 401 416 402
f 402 416 417
f 402 417 403
f 404 407 418
f 404 418 405
f 405 418 406
f 406 418 419
f 408 420 409
f 409 420 421
f 409 421 422
f 409 422 423
f 409 423 424
f 409 424 411
f 409 411 410
f 411 424 425
f 411 425 414
f 411 414 412
f 412 414 413
f 414 426 415
f 414 425 424
f 414 424 423
f 414 423 426
f 415 426 417
f 415 417 416
f 418 427 428
f 418 428 419
f 419 428 429
f 419 429 430
f 419 430 431
f 420 432 421
f 421 432 433
f 421 433 434
f 421 434 435
f 421 435 422
f 422 435 436
f 422 436 437
f 422 437 423
f 423 437 438
f 423 438 439
f 423 439 426
f 427 440 441
f 427 441 428
f 428 441 430
f 428 430 429
f 430 441 431
f 431 441 442
f 432 443 433
f 433 443 434
f 434 443 444
f 434 444 445
f 434 445 446
f 434 446 447
f 434 447 448
f 434 448 435
f 435 448 449
f 435 449 436
f 437 439 438
f 440 450 451
f 440 451 441
f 441 451 452
f 441 452 442
f 442 452 453
f 443 454 455
f 443 455 444
f 444 455 445
f 445 455 456
f 445 456 457
f 445 457 446
f 446 458 459
f 446 459 447
f 446 457 458
f 447 459 460
f 447 460 448
f 448 460 461
f 450 462 463
f 450 463 464
f 450 464 451
f 451 465 466
f 451 466 467
f 451 467 453
f 451 453 452
f 451 464 465
f 453 467 468
f 454 469 456
f 454 456 455
f 456 469 470
f 456 470 471
f 456 471 457
f 457 471 472
f 457 472 458
f 458 472 459
f 459 472 473
f 459 473 474
f 459 474 460
f 460 474 461
f 462 475 476
f 462 476 463
f 463 476 475
f 463 475 477
f 463 477 478
f 463 478 479
f 463 479 465
f 463 465 464
f 465 479 466
f 466 468 467
f 466 479 468
f 468 480 481
f 468 481 482
f 468 479 483
f 468 483 484
f 468 484 480
f 469 485 486
f 469 486 470
f 470 486 471
f 471 486 485
f 471 485 487
f 471 487 481
f 471 481 480
f 471 480 488
f 471 488 489
f 471 489 472
f 472 489 473
f 473 489 490
f 475 491 477
f 477 491 483
f 477 483 478
f 478 483 479
f 480 484 492
f 480 492 488
f 481 487 482
f 483 491 493
f 483 493 494
f 483 494 495
f 483 495 492
f 483 492 484
f 488 492 495
f 488 495 489
f 489 495 494
f 489 494 496
f 489 496 490
f 491 497 493
f 493 497 498
f 493 498 494
f 494 498 499
f 497 499 498

o geometry_3
v 16.68927092 22.96226434 -14.04491842 0.38039216 0.78823529 0.52549020
v 12.76371718 12.92602617 -23.08831111 0.38039216 0.78823529 0.52549020
v 13.23551945 14.77949691 -23.08831111 0.38039216 0.78823529 0.52549020
v 16.27465741 22.96226434 -16.16190015 0.38039216 0.78823529 0.52549020
v 16.45847700 22.96226434 -1.72059692 0.38039216 0.78823529 0.52549020
v 13.65626052 12.72512067 -3.77508338 0.38039216 0.78823529 0.52549020
v 13.69302407 12.72512067 -5.82957351 0.38039216 0.78823529 0.52549020
v 13.71344928 12.72512067 -7.88405996 0.38039216 0.78823529 0.52549020
v 12.32663777 11.89883621 -23.08831111 0.38039216 0.78823529 0.52549020
v 12.91485826 10.67074442 -7.88405996 0.38039216 0.78823529 0.52549020
v 12.42263077 9.59974678 -8.96989160 0.38039216 0.78823529 0.52549020
v 12.88626296 16.42450923 -23.08831111 0.38039216 0.78823529 0.52549020
v 16.22768125 22.96226434 -16.27647239 0.38039216 0.78823529 0.52549020
v 16.41558405 22.96226434 -1.22064569 0.38039216 0.78823529 0.52549020
v 13.60111427 12.72512067 -1.72059692 0.38039216 0.78823529 0.52549020
v 12.78822744 10.47738816 -3.81674567 0.38039216 0.78823529 0.52549020
v 12.90464565 10.67074442 -5.82957351 0.38039216 0.78823529 0.52549020
v 11.99576398 11.14959449 -23.08831111 0.38039216 0.78823529 0.52549020
v 12.43284338 9.58313109 -7.88405996 0.38039216 0.78823529 0.52549020
v 10.56810387 7.53026469 -8.65742254 0.38039216 0.78823529 0.52549020
v 10.53746789 7.53479791 -9.93594551 0.38039216 0.78823529 0.52549020
v 11.67305843 8.79612476 -9.76668807 0.38039216 0.78823529 0.52549020
v 10.83770569 8.95775581 -23.08831111 0.38039216 0.78823529 0.52549020
v 11.22168321 9.64959753 -23.08831111 0.38039216 0.78823529 0.52549020
v 11.77722336 10.67074442 -23.08831111 0.38039216 0.78823529 0.52549020
v 11.72616215 17.45169919 -23.08831111 0.38039216 0.78823529 0.52549020
v 15.15132016 22.96226434 -17.51333306 0.38039216 0.78823529 0.52549020
v 16.06632756 22.96226434 0.34691244 0.38039216 0.78823529 0.52549020
v 12.68406251 11.19188865 -0.10096183 0.38039216 0.78823529 0.52549020
v 12.84949941 10.82028933 -1.72059692 0.38039216 0.78823529 0.52549020
v 13.01085126 12.58161516 0.48491857 0.38039216 0.78823529 0.52549020
v 12.42058825 9.62542892 -4.53022122 0.38039216 0.78823529 0.52549020
v 12.40424992 9.66319353 -3.16055991 0.38039216 0.78823529 0.52549020
v 12.42875834 9.60277015 -5.82957351 0.38039216 0.78823529 0.52549020
v 10.39245620 7.57709207 -2.71268931 0.38039216 0.78823529 0.52549020
v 10.10855673 7.53026469 -8.65742254 0.38039216 0.78823529 0.52549020
v 10.11264177 7.53479791 -9.93594551 0.38039216 0.78823529 0.52549020
v 10.38632864 7.57558222 -11.04000187 0.38039216 0.78823529 0.52549020
v 9.33243344 8.20700057 -23.08831111 0.38039216 0.78823529 0.52549020
v 10.69881974 18.02269417 -23.08831111 0.38039216 0.78823529 0.52549020
v 13.44180494 22.96226434 -17.96901741 0.38039216 0.78823529 0.52549020
v 9.88389038 18.35804241 -23.08831111 0.38039216 0.78823529 0.52549020
v 9.33243344 18.58311653 -23.08831111 0.38039216 0.78823529 0.52549020
v 7.27774678 19.40033454 -23.08831111 0.38039216 0.78823529 0.52549020
v 6.52000619 19.67828278 -23.08831111 0.38039216 0.78823529 0.52549020
v 5.93587074 19.86559229 -23.08831111 0.38039216 0.78823529 0.52549020
v 16.05203175 22.96226434 0.38076099 0.38039216 0.78823529 0.52549020
v 12.32051021 9.79309937 -1.72059692 0.38039216 0.78823529 0.52549020
v 12.35114619 11.80216176 1.26869580 0.38039216 0.78823529 0.52549020
v 12.09584202 10.57255644 0.48491857 0.38039216 0.78823529 0.52549020
v 12.65138400 13.17073936 1.61241250 0.38039216 0.78823529 0.52549020
v 10.33322492 7.57709207 -2.71268931 0.38039216 0.78823529 0.52549020
v 11.03582110 8.94566967 0.33388953 0.38039216 0.78823529 0.52549020
v 10.69269218 9.16772409 1.68271786 0.38039216 0.78823529 0.52549020
v 9.33243344 8.26893379 0.33388953 0.38039216 0.78823529 0.52549020
v 1.11573114 8.37316484 -20.20838146 0.38039216 0.78823529 0.52549020
v 10.28216371 7.57558222 -11.04000187 0.38039216 0.78823529 0.52549020
v 7.27774678 8.23267903 -22.26287158 0.38039216 0.78823529 0.52549020
v 7.27774678 8.27951008 -23.08831111 0.38039216 0.78823529 0.52549020
v 4.90852649 20.03477626 -23.08831111 0.38039216 0.78823529 0.52549020
v 7.27774678 22.96226434 -18.29711029 0.38039216 0.78823529 0.52549020
v 15.06758045 22.96226434 1.82072398 0.38039216 0.78823529 0.52549020
v 14.71424075 20.94111948 1.57335479 0.38039216 0.78823529 0.52549020
v 12.84337184 14.77949691 1.78427085 0.38039216 0.78823529 0.52549020
v 8.41742420 9.53932341 3.47681220 0.38039216 0.78823529 0.52549020
v 11.07462717 10.67074442 1.92227698 0.38039216 0.78823529 0.52549020
v 7.27774678 8.55745465 0.33388953 0.38039216 0.78823529 0.52549020
v -4.07204214 9.59219386 -6.68365609 0.38039216 0.78823529 0.52549020
v 9.19354749 9.04234780 2.37535675 0.38039216 0.78823529 0.52549020
v 7.27774678 8.95926566 2.38837966 0.38039216 0.78823529 0.52549020
v -0.68977708 9.02572843 -20.20838146 0.38039216 0.78823529 0.52549020
v -0.35073320 9.32633544 -22.26287158 0.38039216 0.78823529 0.52549020
v 1.11573114 8.88826967 -22.26287158 0.38039216 0.78823529 0.52549020
v 5.22510447 8.54990173 -23.08831111 0.38039216 0.78823529 0.52549020
v -4.06591457 9.59672708 -7.88405996 0.38039216 0.78823529 0.52549020
v -4.02915286 9.63146832 -8.93083388 0.38039216 0.78823529 0.52549020
v 3.95675370 20.03477626 -23.08831111 0.38039216 0.78823529 0.52549020
v 5.15770310 22.96226434 -17.87267358 0.38039216 0.78823529 0.52549020
v 15.04715707 22.96226434 1.83114231 0.38039216 0.78823529 0.52549020
v 13.44180494 22.96226434 2.58106732 0.38039216 0.78823529 0.52549020
v 13.40708391 22.96226434 2.59148198 0.38039216 0.78823529 0.52549020
v 8.41742420 9.91696581 3.47681220 0.38039216 0.78823529 0.52549020
v 7.27774678 9.49702926 3.51326901 0.38039216 0.78823529 0.52549020
v 5.13932224 9.33237851 2.52378121 0.38039216 0.78823529 0.52549020
v 3.55235280 9.51213510 1.92748614 0.38039216 0.78823529 0.52549020
v 2.18392398 9.65110738 1.13068968 0.38039216 0.78823529 0.52549020
v -0.93691117 10.24627097 0.33388953 0.38039216 0.78823529 0.52549020
v -2.46873620 11.11636311 0.33388953 0.38039216 0.78823529 0.52549020
v -4.05570197 11.60276610 -2.60071798 0.38039216 0.78823529 0.52549020
v -4.13127526 11.39732738 -3.77508338 0.38039216 0.78823529 0.52549020
v -4.17620706 10.69188966 -5.93112650 0.38039216 0.78823529 0.52549020
v 5.76430628 9.55291940 3.48202137 0.38039216 0.78823529 0.52549020
v -0.59786729 10.62995644 -23.08831111 0.38039216 0.78823529 0.52549020
v -0.15057344 9.47437049 -23.08831111 0.38039216 0.78823529 0.52549020
v 0.40905175 9.30820622 -23.08831111 0.38039216 0.78823529 0.52549020
v 1.12798627 9.11334379 -23.08831111 0.38039216 0.78823529 0.52549020
v 3.17041780 8.82331308 -23.08831111 0.38039216 0.78823529 0.52549020
v -4.11289257 10.50911337 -7.91270302 0.38039216 0.78823529 0.52549020
v -4.02915286 9.71757382 -8.93083388 0.38039216 0.78823529 0.52549020
v 3.54418271 19.71453386 -23.08831111 0.38039216 0.78823529 0.52549020
v 3.89548172 22.96226434 -16.06555632 0.38039216 0.78823529 0.52549020
v 5.02903159 22.96226434 -17.78674441 0.38039216 0.78823529 0.52549020
v 11.38712011 22.96226434 2.90655929 0.38039216 0.78823529 0.52549020
v 7.27774678 10.11334176 3.51326901 0.38039216 0.78823529 0.52549020
v 11.35239724 22.96226434 2.90916020 0.38039216 0.78823529 0.52549020
v 0.04754013 11.64204056 3.43775449 0.38039216 0.78823529 0.52549020
v -0.75717662 11.17376311 2.27901292 0.38039216 0.78823529 0.52549020
v -2.10313954 11.46530367 1.52127416 0.38039216 0.78823529 0.52549020
v -4.05570197 11.82179715 -2.60071798 0.38039216 0.78823529 0.52549020
v -4.13127526 12.03629865 -3.77508338 0.38039216 0.78823529 0.52549020
v -4.17416454 12.13448662 -5.82957351 0.38039216 0.78823529 0.52549020
v -0.32213790 12.80215973 -23.08831111 0.38039216 0.78823529 0.52549020
v -0.78985697 10.67074442 -22.26287158 0.38039216 0.78823529 0.52549020
v -4.11493509 11.95322018 -7.24870351 0.38039216 0.78823529 0.52549020
v -3.94337063 11.08766127 -8.61836482 0.38039216 0.78823529 0.52549020
v 2.92941128 19.22359765 -23.08831111 0.38039216 0.78823529 0.52549020
v 3.87097147 22.96226434 -15.97702257 0.38039216 0.78823529 0.52549020
v 1.94904319 18.19641136 -23.08831111 0.38039216 0.78823529 0.52549020
v 5.22510447 16.83236331 3.29714378 0.38039216 0.78823529 0.52549020
v 1.11573114 11.80367161 3.44036275 0.38039216 0.78823529 0.52549020
v 0.04754013 11.75533438 3.43775449 0.38039216 0.78823529 0.52549020
v 9.33243344 22.96226434 2.94301243 0.38039216 0.78823529 0.52549020
v -2.10313954 12.03176910 1.52127416 0.38039216 0.78823529 0.52549020
v -2.52183809 12.71907760 0.40159030 0.38039216 0.78823529 0.52549020
v -3.55530623 12.59370131 -1.83777374 0.38039216 0.78823529 0.52549020
v -3.77180617 13.06348861 -3.77508338 0.38039216 0.78823529 0.52549020
v -3.78201877 13.16167658 -5.82957351 0.38039216 0.78823529 0.52549020
v 0.07613543 13.78252231 -23.08831111 0.38039216 0.78823529 0.52549020
v -3.65742863 12.67225022 -7.91270302 0.38039216 0.78823529 0.52549020
v 1.32610351 16.83236331 -23.08831111 0.38039216 0.78823529 0.52549020
v 0.46215363 14.73266954 -23.08831111 0.38039216 0.78823529 0.52549020
v 0.20684946 14.10427089 -23.08831111 0.38039216 0.78823529 0.52549020
v 3.85463313 22.96226434 -15.90671721 0.38039216 0.78823529 0.52549020
v 1.70190910 17.65864777 -23.08831111 0.38039216 0.78823529 0.52549020
v -2.88538855 14.77949691 -5.82957351 0.38039216 0.78823529 0.52549020
v -2.02144235 15.88070624 -7.04039203 0.38039216 0.78823529 0.52549020
v 9.29771241 22.96226434 2.94301243 0.38039216 0.78823529 0.52549020
v 7.27774678 22.96226434 2.91176478 0.38039216 0.78823529 0.52549020
v 7.24506827 22.96226434 2.90916020 0.38039216 0.78823529 0.52549020
v 3.17041780 18.88674323 2.74772018 0.38039216 0.78823529 0.52549020
v 0.94008531 16.98191189 2.15663061 0.38039216 0.78823529 0.52549020
v -0.16078605 16.39883077 1.62022258 0.38039216 0.78823529 0.52549020
v -1.81106998 13.40034670 1.13068968 0.38039216 0.78823529 0.52549020
v -2.22159844 14.26741546 -0.23897163 0.38039216 0.78823529 0.52549020
v -2.43401333 14.88221812 -1.80392152 0.38039216 0.78823529 0.52549020
v -1.88051204 15.63448321 -1.17377423 0.38039216 0.78823529 0.52549020
v -2.86088197 14.77949691 -3.77508338 0.38039216 0.78823529 0.52549020
v 3.72391726 22.96226434 -14.07877064 0.38039216 0.78823529 0.52549020
v -2.09701197 15.98191392 -5.82957351 0.38039216 0.78823529 0.52549020
v 5.06783766 22.96226434 2.17225443 0.38039216 0.78823529 0.52549020
v 4.91465405 22.96226434 2.10715457 0.38039216 0.78823529 0.52549020
v 1.55689742 18.88674323 1.84676246 0.38039216 0.78823529 0.52549020
v 0.13740740 17.76740837 1.23484358 0.38039216 0.78823529 0.52549020
v -0.08317390 18.11786245 -0.13481406 0.38039216 0.78823529 0.52549020
v -2.00101714 15.85804748 -2.54343187 0.38039216 0.78823529 0.52549020
v -2.08067180 15.96529822 -3.77508338 0.38039216 0.78823529 0.52549020
v 3.72187474 22.96226434 -14.04491842 0.38039216 0.78823529 0.52549020
v -1.32088685 16.99248451 -3.77508338 0.38039216 0.78823529 0.52549020
v -0.29354627 18.33991687 -3.77508338 0.38039216 0.78823529 0.52549020
v -1.31271677 17.00910020 -5.82957351 0.38039216 0.78823529 0.52549020
v 4.04049341 22.96226434 1.48742561 0.38039216 0.78823529 0.52549020
v 1.99806371 20.08915656 1.55252180 0.38039216 0.78823529 0.52549020
v 3.62587990 22.96226434 0.41721780 0.38039216 0.78823529 0.52549020
v 0.63780314 18.83689248 0.46408559 0.38039216 0.78823529 0.52549020
v -0.22205802 18.28553657 -1.72059692 0.38039216 0.78823529 0.52549020
v -1.34131207 16.65864979 -1.80392152 0.38039216 0.78823529 0.52549020
v -0.28537619 18.33991687 -5.82957351 0.38039216 0.78823529 0.52549020
v 3.49720839 22.96226434 -7.88405996 0.38039216 0.78823529 0.52549020
v 3.40325608 22.96226434 -1.72059692 0.38039216 0.78823529 0.52549020
v 3.40325608 22.96226434 -1.76746838 0.38039216 0.78823529 0.52549020
f 500 501 502
f 500 502 503
f 500 503 512
f 500 512 526
f 500 526 540
f 500 540 560
f 500 560 577
f 500 577 601
f 500 601 600
f 500 600 616
f 500 616 632
f 500 632 647
f 500 647 656
f 500 656 667
f 500 667 669
f 500 669 668
f 500 668 662
f 500 662 660
f 500 660 650
f 500 650 649
f 500 649 638
f 500 638 637
f 500 637 636
f 500 636 621
f 500 621 604
f 500 604 602
f 500 602 580
f 500 580 579
f 500 579 578
f 500 578 561
f 500 561 546
f 500 546 527
f 500 527 513
f 500 513 504
f 500 504 505
f 500 505 506
f 500 506 507
f 500 507 501
f 501 508 517
f 501 517 524
f 501 524 523
f 501 523 522
f 501 522 538
f 501 538 558
f 501 558 573
f 501 573 596
f 501 596 595
f 501 595 594
f 501 594 593
f 501 593 592
f 501 592 611
f 501 611 627
f 501 627 631
f 501 631 630
f 501 630 629
f 501 629 633
f 501 633 617
f 501 617 615
f 501 615 599
f 501 599 576
f 501 576 559
f 501 559 545
f 501 545 544
f 501 544 543
f 501 543 542
f 501 542 541
f 501 541 539
f 501 539 525
f 501 525 511
f 501 511 502
f 501 507 509
f 501 509 510
f 501 510 508
f 502 511 512
f 502 512 503
f 504 513 514
f 504 514 505
f 505 515 516
f 505 516 506
f 505 514 515
f 506 516 507
f 507 516 509
f 508 510 517
f 509 518 510
f 509 516 518
f 510 518 519
f 510 519 520
f 510 520 521
f 510 521 522
f 510 522 523
f 510 523 524
f 510 524 517
f 511 525 526
f 511 526 512
f 513 527 514
f 514 528 529
f 514 529 515
f 514 527 530
f 514 530 528
f 515 531 516
f 515 529 532
f 515 532 531
f 516 533 518
f 516 531 533
f 518 533 519
f 519 533 531
f 519 531 534
f 519 534 551
f 519 551 535
f 519 535 536
f 519 536 520
f 520 536 556
f 520 556 537
f 520 537 538
f 520 538 522
f 520 522 521
f 525 539 526
f 526 539 541
f 526 541 542
f 526 542 543
f 526 543 544
f 526 544 545
f 526 545 540
f 527 546 530
f 528 547 529
f 528 530 548
f 528 548 549
f 528 549 547
f 529 547 532
f 530 546 550
f 530 550 548
f 531 532 534
f 532 547 534
f 534 547 552
f 534 552 553
f 534 553 554
f 534 554 551
f 535 551 555
f 535 555 536
f 536 555 556
f 537 556 538
f 538 557 558
f 538 556 557
f 540 545 559
f 540 559 560
f 546 561 562
f 546 562 550
f 547 549 552
f 548 550 553
f 548 553 549
f 549 553 552
f 550 562 561
f 550 561 563
f 550 563 564
f 550 564 565
f 550 565 553
f 551 554 566
f 551 566 567
f 551 567 555
f 553 565 564
f 553 564 568
f 553 568 554
f 554 568 569
f 554 569 566
f 555 570 571
f 555 571 572
f 555 572 573
f 555 573 558
f 555 558 557
f 555 557 556
f 555 567 574
f 555 574 575
f 555 575 570
f 559 576 560
f 560 576 577
f 561 578 564
f 561 564 563
f 564 579 580
f 564 580 581
f 564 581 603
f 564 603 582
f 564 582 568
f 564 578 579
f 566 569 583
f 566 583 584
f 566 584 567
f 567 584 585
f 567 585 586
f 567 586 587
f 567 587 588
f 567 588 589
f 567 589 590
f 567 590 574
f 568 582 569
f 569 582 591
f 569 591 583
f 570 575 571
f 571 592 593
f 571 593 572
f 571 575 592
f 572 593 594
f 572 594 595
f 572 595 596
f 572 596 573
f 574 590 597
f 574 597 575
f 575 597 598
f 575 598 592
f 576 599 600
f 576 600 601
f 576 601 577
f 580 602 581
f 581 602 604
f 581 604 603
f 582 603 620
f 582 620 605
f 582 605 591
f 583 591 584
f 584 591 606
f 584 606 586
f 584 586 585
f 586 606 607
f 586 607 587
f 587 607 588
f 588 608 609
f 588 609 589
f 588 607 622
f 588 622 608
f 589 609 610
f 589 610 590
f 590 610 597
f 591 605 606
f 592 598 612
f 592 612 611
f 597 610 613
f 597 613 598
f 598 613 614
f 598 614 612
f 599 615 600
f 600 615 617
f 600 617 616
f 603 618 619
f 603 619 620
f 603 604 618
f 604 621 618
f 605 620 622
f 605 622 607
f 605 607 606
f 608 622 623
f 608 623 624
f 608 624 625
f 608 625 609
f 609 625 610
f 610 625 626
f 610 626 613
f 611 612 614
f 611 614 613
f 611 613 627
f 613 626 628
f 613 628 629
f 613 629 630
f 613 630 631
f 613 631 627
f 616 617 632
f 617 633 628
f 617 628 626
f 617 626 634
f 617 634 635
f 617 635 632
f 618 620 619
f 618 621 636
f 618 636 637
f 618 637 620
f 620 637 638
f 620 638 639
f 620 639 640
f 620 640 641
f 620 641 622
f 622 641 642
f 622 642 623
f 623 642 643
f 623 643 624
f 624 644 625
f 624 643 645
f 624 645 644
f 625 644 646
f 625 646 626
f 626 646 634
f 628 633 629
f 632 635 648
f 632 648 647
f 634 646 648
f 634 648 635
f 638 649 639
f 639 649 650
f 639 650 651
f 639 651 640
f 640 651 641
f 641 652 642
f 641 651 652
f 642 652 643
f 643 652 645
f 644 645 646
f 645 652 653
f 645 653 654
f 645 654 646
f 646 654 655
f 646 655 648
f 647 648 656
f 648 655 657
f 648 657 658
f 648 658 659
f 648 659 656
f 650 660 661
f 650 661 651
f 651 661 652
f 652 661 660
f 652 660 662
f 652 662 663
f 652 663 653
f 653 663 662
f 653 662 664
f 653 664 665
f 653 665 654
f 654 665 664
f 654 664 655
f 655 664 657
f 656 659 666
f 656 666 667
f 657 664 658
f 658 664 668
f 658 668 669
f 658 669 666
f 658 666 659
f 662 668 664
f 666 669 667

o geometry_4
v 17.82566415 21.72813315 -110.60287966 0.56470588 0.92549020 0.07058824
v 14.58403184 5.36619843 -115.34655511 0.56470588 0.92549020 0.07058824
v 14.58403184 5.36619843 -115.88920827 0.56470588 0.92549020 0.07058824
v 17.82370520 21.72813315 -112.65665343 0.56470588 0.92549020 0.07058824
v 17.65134081 21.72813315 -100.33140252 0.56470588 0.92549020 0.07058824
v 13.00141011 5.23100260 -108.54650497 0.56470588 0.92549020 0.07058824
v 13.53025604 5.15933067 -114.68186864 0.56470588 0.92549020 0.07058824
v 13.82405954 12.72540721 -92.07475532 0.56470588 0.92549020 0.07058824
v 12.12195764 8.49199110 -92.07475532 0.56470588 0.92549020 0.07058824
v 12.10237185 8.45778254 -92.07475532 0.56470588 0.92549020 0.07058824
v 11.09364540 6.76213700 -92.07475532 0.56470588 0.92549020 0.07058824
v 13.44211536 5.25380831 -116.08653569 0.56470588 0.92549020 0.07058824
v 9.33278427 7.11559976 -118.16627814 0.56470588 0.92549020 0.07058824
v 10.56871736 7.34689695 -117.91182992 0.56470588 0.92549020 0.07058824
v 16.46437497 21.72813315 -115.68668638 0.56470588 0.92549020 0.07058824
v 17.22042938 21.72813315 -114.59618560 0.56470588 0.92549020 0.07058824
v 17.37516508 21.72813315 -98.32176337 0.56470588 0.92549020 0.07058824
v 11.38744890 5.08929716 -112.65665343 0.56470588 0.92549020 0.07058824
v 13.09738658 5.19517031 -110.60287966 0.56470588 0.92549020 0.07058824
v 10.60201487 5.47207892 -96.88853409 0.56470588 0.92549020 0.07058824
v 13.14243594 5.16259283 -112.65665343 0.56470588 0.92549020 0.07058824
v 16.95012957 21.72813315 -97.20270402 0.56470588 0.92549020 0.07058824
v 14.08652539 14.73867955 -92.07475532 0.56470588 0.92549020 0.07058824
v 9.33278427 6.14968177 -92.07475532 0.56470588 0.92549020 0.07058824
v 11.86145165 5.32710398 -116.05018909 0.56470588 0.92549020 0.07058824
v 5.22540938 7.29640332 -118.59728692 0.56470588 0.92549020 0.07058824
v 7.28007584 7.09442513 -118.39995583 0.56470588 0.92549020 0.07058824
v 11.26013478 5.24403654 -114.65590364 0.56470588 0.92549020 0.07058824
v 9.33278427 7.99355707 -118.16627814 0.56470588 0.92549020 0.07058824
v 10.56871736 7.73130979 -117.91182992 0.56470588 0.92549020 0.07058824
v 15.44585654 21.72813315 -116.04239738 0.56470588 0.92549020 0.07058824
v 1.80749571 7.51304286 -114.71043088 0.56470588 0.92549020 0.07058824
v 10.11821830 5.47207892 -96.88853409 0.56470588 0.92549020 0.07058824
v 0.07601420 7.57819782 -95.14892657 0.56470588 0.92549020 0.07058824
v 0.07601420 7.57819782 -95.27615068 0.56470588 0.92549020 0.07058824
v 16.81498151 21.72813315 -96.95084936 0.56470588 0.92549020 0.07058824
v 14.09044145 14.77777400 -92.07475532 0.56470588 0.92549020 0.07058824
v 3.20600029 7.41205192 -92.07475532 0.56470588 0.92549020 0.07058824
v 3.63299567 7.46906252 -118.43890334 0.56470588 0.92549020 0.07058824
v -0.93858633 9.18425529 -118.12473707 0.56470588 0.92549020 0.07058824
v 3.03755288 8.46755432 -118.48563887 0.56470588 0.92549020 0.07058824
v 5.17644397 8.68256644 -118.57910995 0.56470588 0.92549020 0.07058824
v 7.28007584 8.22811275 -118.39995583 0.56470588 0.92549020 0.07058824
v 2.04841407 7.56842237 -116.04239738 0.56470588 0.92549020 0.07058824
v 3.03755288 7.40064907 -116.74343413 0.56470588 0.92549020 0.07058824
v 13.44211536 21.72813315 -116.37993509 0.56470588 0.92549020 0.07058824
v 0.77918163 7.77529013 -114.71043088 0.56470588 0.92549020 0.07058824
v 2.35592928 7.62869145 -92.07475532 0.56470588 0.92549020 0.07058824
v 1.24143438 8.06359792 -92.07475532 0.56470588 0.92549020 0.07058824
v -0.13356835 9.15167780 -92.07475532 0.56470588 0.92549020 0.07058824
v -2.09225834 11.19101433 -106.49272752 0.56470588 0.92549020 0.07058824
v -2.18235705 10.87990450 -108.54650497 0.56470588 0.92549020 0.07058824
v -1.76711536 9.85209003 -108.54650497 0.56470588 0.92549020 0.07058824
v -1.99236213 9.58332946 -113.47452902 0.56470588 0.92549020 0.07058824
v -2.02957938 9.47256308 -114.71043088 0.56470588 0.92549020 0.07058824
v -2.12555585 9.37646171 -116.76420466 0.56470588 0.92549020 0.07058824
v -0.93858633 8.66301922 -116.76420466 0.56470588 0.92549020 0.07058824
v 16.22541464 21.72813315 -96.60552362 0.56470588 0.92549020 0.07058824
v 13.18356923 16.48156391 -92.07475532 0.56470588 0.92549020 0.07058824
v 13.20119700 16.45061751 -92.07475532 0.56470588 0.92549020 0.07058824
v 2.26387070 7.68407097 -117.41071783 0.56470588 0.92549020 0.07058824
v -2.11772006 9.45464693 -117.93519401 0.56470588 0.92549020 0.07058824
v -0.93858633 9.99868871 -118.12473707 0.56470588 0.92549020 0.07058824
v 1.11608013 9.99868871 -118.22080171 0.56470588 0.92549020 0.07058824
v 9.33278427 21.72813315 -116.45003840 0.56470588 0.92549020 0.07058824
v 11.38744890 21.72813315 -116.45523287 0.56470588 0.92549020 0.07058824
v 1.26493807 7.89745570 -116.74343413 0.56470588 0.92549020 0.07058824
v -0.13356835 10.20392539 -92.07475532 0.56470588 0.92549020 0.07058824
v -1.99432016 11.55099406 -105.40223041 0.56470588 0.92549020 0.07058824
v -2.09225834 11.95984001 -106.49272752 0.56470588 0.92549020 0.07058824
v -2.18235705 12.14552947 -108.54650497 0.56470588 0.92549020 0.07058824
v 15.58296264 21.72813315 -96.28356566 0.56470588 0.92549020 0.07058824
v 11.36198718 17.65109117 -92.07475532 0.56470588 0.92549020 0.07058824
v 14.22167346 21.72813315 -95.70456223 0.56470588 0.92549020 0.07058824
v -2.11772006 9.83905977 -117.93519401 0.56470588 0.92549020 0.07058824
v 7.26832399 21.72813315 -116.13067766 0.56470588 0.92549020 0.07058824
v 0.28167702 11.23173619 -92.07475532 0.56470588 0.92549020 0.07058824
v -1.99432016 11.75134485 -105.40223041 0.56470588 0.92549020 0.07058824
v 2.14047448 15.81373284 -92.07475532 0.56470588 0.92549020 0.07058824
v 2.48912115 16.52554425 -92.07475532 0.56470588 0.92549020 0.07058824
v 2.53025261 16.60861536 -92.07475532 0.56470588 0.92549020 0.07058824
v 2.55375630 16.65422311 -92.07475532 0.56470588 0.92549020 0.07058824
v -1.51444148 12.98765448 -106.49272752 0.56470588 0.92549020 0.07058824
v -1.63392165 13.17334394 -108.54650497 0.56470588 0.92549020 0.07058824
v -2.11772006 11.99404490 -110.60287966 0.56470588 0.92549020 0.07058824
v 9.64225751 18.37593284 -92.07475532 0.56470588 0.92549020 0.07058824
v 13.34418086 21.72813315 -95.56954641 0.56470588 0.92549020 0.07058824
v 7.28007584 19.18548038 -92.07475532 0.56470588 0.92549020 0.07058824
v -1.51444148 13.02185937 -110.60287966 0.56470588 0.92549020 0.07058824
v 2.12284487 17.88564685 -113.73157448 0.56470588 0.92549020 0.07058824
v 5.41736232 21.72813315 -114.66369534 0.56470588 0.92549020 0.07058824
v 6.12444948 21.72813315 -115.80612246 0.56470588 0.92549020 0.07058824
v 3.67216910 18.45411807 -92.07475532 0.56470588 0.92549020 0.07058824
v 4.86109480 21.72813315 -98.27762507 0.56470588 0.92549020 0.07058824
v -0.60756927 14.61000069 -108.54650497 0.56470588 0.92549020 0.07058824
v 2.06016591 17.96545948 -112.65665343 0.56470588 0.92549020 0.07058824
v 4.77099426 21.72813315 -100.33140252 0.56470588 0.92549020 0.07058824
v 12.00051945 21.72813315 -95.48126981 0.56470588 0.92549020 0.07058824
v 7.24090241 19.18873519 -92.07475532 0.56470588 0.92549020 0.07058824
v 4.89439231 21.72813315 -112.65665343 0.56470588 0.92549020 0.07058824
v 5.19602976 19.25063534 -92.07475532 0.56470588 0.92549020 0.07058824
v 5.40561047 21.72813315 -96.39781094 0.56470588 0.92549020 0.07058824
v 4.79645781 21.72813315 -110.11734731 0.56470588 0.92549020 0.07058824
v 4.79841584 21.72813315 -110.60287966 0.56470588 0.92549020 0.07058824
v 2.01315853 18.02247008 -110.60287966 0.56470588 0.92549020 0.07058824
v 9.62854580 21.72813315 -95.41635730 0.56470588 0.92549020 0.07058824
v 5.22540938 19.26366560 -92.07475532 0.56470588 0.92549020 0.07058824
v 5.93053851 21.72813315 -96.08623824 0.56470588 0.92549020 0.07058824
v 9.33278427 21.72813315 -95.41635730 0.56470588 0.92549020 0.07058824
v 7.32316717 21.72813315 -95.43193704 0.56470588 0.92549020 0.07058824
v 7.28007584 21.72813315 -95.43972874 0.56470588 0.92549020 0.07058824
f 670 671 672
f 670 672 673
f 670 673 685
f 670 685 684
f 670 684 700
f 670 700 715
f 670 715 735
f 670 735 734
f 670 734 745
f 670 745 761
f 670 761 760
f 670 760 769
f 670 769 773
f 670 773 772
f 670 772 766
f 670 766 763
f 670 763 771
f 670 771 777
f 670 777 780
f 670 780 779
f 670 779 778
f 670 778 775
f 670 775 767
f 670 767 756
f 670 756 743
f 670 743 741
f 670 741 727
f 670 727 705
f 670 705 691
f 670 691 686
f 670 686 674
f 670 674 671
f 671 675 676
f 671 676 672
f 671 674 677
f 671 677 678
f 671 678 679
f 671 679 680
f 671 680 675
f 672 676 681
f 672 681 682
f 672 682 683
f 672 683 684
f 672 684 685
f 672 685 673
f 674 686 677
f 675 687 688
f 675 688 676
f 675 680 689
f 675 689 687
f 676 688 690
f 676 690 687
f 676 687 681
f 677 686 691
f 677 691 692
f 677 692 706
f 677 706 729
f 677 729 728
f 677 728 742
f 677 742 755
f 677 755 757
f 677 757 768
f 677 768 776
f 677 776 770
f 677 770 762
f 677 762 751
f 677 751 750
f 677 750 749
f 677 749 748
f 677 748 746
f 677 746 737
f 677 737 719
f 677 719 718
f 677 718 717
f 677 717 707
f 677 707 693
f 677 693 680
f 677 680 679
f 677 679 678
f 680 693 689
f 681 694 695
f 681 695 696
f 681 696 682
f 681 687 697
f 681 697 694
f 682 696 712
f 682 712 698
f 682 698 699
f 682 699 683
f 683 699 684
f 684 699 700
f 687 701 697
f 687 690 688
f 687 689 702
f 687 702 703
f 687 703 704
f 687 704 701
f 689 693 702
f 691 705 706
f 691 706 692
f 693 707 703
f 693 703 702
f 694 708 695
f 694 697 708
f 695 708 709
f 695 709 710
f 695 710 711
f 695 711 712
f 695 712 696
f 697 701 713
f 697 713 714
f 697 714 708
f 698 712 715
f 698 715 700
f 698 700 699
f 701 716 713
f 701 704 716
f 703 707 717
f 703 717 718
f 703 718 719
f 703 719 720
f 703 720 721
f 703 721 722
f 703 722 723
f 703 723 724
f 703 724 725
f 703 725 704
f 704 725 726
f 704 726 716
f 705 727 728
f 705 728 729
f 705 729 706
f 708 714 730
f 708 730 726
f 708 726 731
f 708 731 709
f 709 731 744
f 709 744 732
f 709 732 710
f 710 732 711
f 711 732 733
f 711 733 734
f 711 734 735
f 711 735 715
f 711 715 712
f 713 716 730
f 713 730 714
f 716 726 736
f 716 736 730
f 719 737 747
f 719 747 738
f 719 738 720
f 720 738 747
f 720 747 739
f 720 739 740
f 720 740 721
f 721 740 744
f 721 744 731
f 721 731 725
f 721 725 724
f 721 724 723
f 721 723 722
f 725 731 726
f 726 730 736
f 727 741 728
f 728 741 743
f 728 743 742
f 732 744 745
f 732 745 734
f 732 734 733
f 737 746 747
f 739 747 748
f 739 748 749
f 739 749 750
f 739 750 751
f 739 751 752
f 739 752 753
f 739 753 740
f 740 753 754
f 740 754 744
f 742 743 755
f 743 756 757
f 743 757 755
f 744 754 758
f 744 758 759
f 744 759 760
f 744 760 761
f 744 761 745
f 746 748 747
f 751 762 763
f 751 763 752
f 752 763 753
f 753 764 765
f 753 765 758
f 753 758 754
f 753 763 766
f 753 766 764
f 756 767 768
f 756 768 757
f 758 765 759
f 759 765 769
f 759 769 760
f 762 770 771
f 762 771 763
f 764 772 773
f 764 773 774
f 764 774 765
f 764 766 772
f 765 774 773
f 765 773 769
f 767 775 776
f 767 776 768
f 770 776 771
f 771 776 777
f 775 778 776
f 776 778 779
f 776 779 780
f 776 780 777

o geometry_5
v 14.09071697 14.77573147 -92.07475532 0.08627451 0.01960784 0.83137255
v 13.76673852 14.77573147 -61.29556268 0.08627451 0.01960784 0.83137255
v 14.08774503 14.73908732 -92.07475532 0.08627451 0.01960784 0.83137255
v 13.20200703 16.45152488 -92.07475532 0.08627451 0.01960784 0.83137255
v 12.97611370 16.48676206 -34.59505458 0.08627451 0.01960784 0.83137255
v 12.91072362 16.45434621 -26.37691774 0.08627451 0.01960784 0.83137255
v 12.88694441 16.42333735 -23.08831111 0.08627451 0.01960784 0.83137255
v 13.80091953 12.72502883 -83.89037886 0.08627451 0.01960784 0.83137255
v 13.43681619 14.77713846 -34.59505458 0.08627451 0.01960784 0.83137255
v 13.81280914 12.72502883 -85.94322505 0.08627451 0.01960784 0.83137255
v 13.82024083 12.72502883 -90.05567135 0.08627451 0.01960784 0.83137255
v 13.82321277 12.72502883 -92.07475532 0.08627451 0.01960784 0.83137255
v 13.18268573 16.48112308 -92.07475532 0.08627451 0.01960784 0.83137255
v 11.75747959 17.48180802 -26.37691774 0.08627451 0.01960784 0.83137255
v 12.88843038 16.45011790 -24.32406603 0.08627451 0.01960784 0.83137255
v 13.23470207 14.77713846 -23.08831111 0.08627451 0.01960784 0.83137255
v 13.26145139 14.77713846 -24.32406603 0.08627451 0.01960784 0.83137255
v 11.73221441 17.47757970 -24.32406603 0.08627451 0.01960784 0.83137255
v 11.72627053 17.45220982 -23.08831111 0.08627451 0.01960784 0.83137255
v 13.77417022 12.72502883 -81.83753267 0.08627451 0.01960784 0.83137255
v 12.03092951 8.61658492 -67.46085449 0.08627451 0.01960784 0.83137255
v 13.74147518 12.72502883 -79.78468647 0.08627451 0.01960784 0.83137255
v 12.09037387 8.61658492 -77.72508637 0.08627451 0.01960784 0.83137255
v 12.12158294 8.49255684 -92.07475532 0.08627451 0.01960784 0.83137255
v 11.36068121 17.65093688 -92.07475532 0.08627451 0.01960784 0.83137255
v 11.68465782 17.51563452 -42.81319235 0.08627451 0.01960784 0.83137255
v 11.70100534 17.51422386 -34.59505458 0.08627451 0.01960784 0.83137255
v 10.73055781 18.02302479 -26.37691774 0.08627451 0.01960784 0.83137255
v 10.69934874 18.02161413 -23.08831111 0.08627451 0.01960784 0.83137255
v 12.76210814 12.92516655 -23.08831111 0.08627451 0.01960784 0.83137255
v 12.78885929 12.88993305 -24.32406603 0.08627451 0.01960784 0.83137255
v 13.45910759 12.72502883 -63.34840911 0.08627451 0.01960784 0.83137255
v 11.82435564 8.61658492 -53.08417722 0.08627451 0.01960784 0.83137255
v 11.04116068 6.90837199 -48.97848392 0.08627451 0.01960784 0.83137255
v 11.15113540 6.74487842 -67.46085449 0.08627451 0.01960784 0.83137255
v 11.75599362 8.61658492 -48.97848392 0.08627451 0.01960784 0.83137255
v 12.10226347 8.45873033 -92.07475532 0.08627451 0.01960784 0.83137255
v 11.11844036 6.61521504 -77.72508637 0.08627451 0.01960784 0.83137255
v 11.09317518 6.57574956 -85.94322505 0.08627451 0.01960784 0.83137255
v 9.64270385 18.37537813 -92.07475532 0.08627451 0.01960784 0.83137255
v 9.33061501 18.58679013 -26.37691774 0.08627451 0.01960784 0.83137255
v 9.33061501 18.58256181 -23.08831111 0.08627451 0.01960784 0.83137255
v 9.88345873 18.35846487 -23.08831111 0.08627451 0.01960784 0.83137255
v 12.32667083 11.89911173 -23.08831111 0.08627451 0.01960784 0.83137255
v 10.94307556 6.99716657 -42.81319235 0.08627451 0.01960784 0.83137255
v 11.60440620 8.61658492 -42.81319235 0.08627451 0.01960784 0.83137255
v 9.33210098 5.72869090 -77.72508637 0.08627451 0.01960784 0.83137255
v 9.33210098 5.63707866 -85.94322505 0.08627451 0.01960784 0.83137255
v 11.09466115 6.76320234 -92.07475532 0.08627451 0.01960784 0.83137255
v 7.27825741 19.18579263 -92.07475532 0.08627451 0.01960784 0.83137255
v 6.52032579 19.67767664 -23.08831111 0.08627451 0.01960784 0.83137255
v 7.27677144 19.39438698 -26.37691774 0.08627451 0.01960784 0.83137255
v 7.27677144 19.40002228 -23.08831111 0.08627451 0.01960784 0.83137255
v 11.99526253 11.15071494 -23.08831111 0.08627451 0.01960784 0.83137255
v 11.77828503 10.67151220 -23.08831111 0.08627451 0.01960784 0.83137255
v 10.87768548 7.06763724 -40.75359316 0.08627451 0.01960784 0.83137255
v 9.33061501 6.51937449 -42.81319235 0.08627451 0.01960784 0.83137255
v 9.33210098 6.15856453 -57.18986984 0.08627451 0.01960784 0.83137255
v 1.11821082 6.13882996 -83.89037886 0.08627451 0.01960784 0.83137255
v 7.27825741 5.80057222 -85.94322505 0.08627451 0.01960784 0.83137255
v 9.33210098 6.15151490 -92.07475532 0.08627451 0.01960784 0.83137255
v 9.36479602 6.16138219 -92.07475532 0.08627451 0.01960784 0.83137255
v 7.23813068 19.18861028 -92.07475532 0.08627451 0.01960784 0.83137255
v 4.20194996 19.91445852 -50.01841301 0.08627451 0.01960784 0.83137255
v 4.90935121 20.03426196 -23.08831111 0.08627451 0.01960784 0.83137255
v 5.93478703 19.86512942 -23.08831111 0.08627451 0.01960784 0.83137255
v 11.21949742 9.65109636 -23.08831111 0.08627451 0.01960784 0.83137255
v 10.65327812 7.31428273 -34.59505458 0.08627451 0.01960784 0.83137255
v 10.55816495 7.40871262 -32.53545448 0.08627451 0.01960784 0.83137255
v 9.33061501 7.09441411 -34.59505458 0.08627451 0.01960784 0.83137255
v 3.98200051 7.56656721 -33.44032825 0.08627451 0.01960784 0.83137255
v 1.11821082 7.87381975 -32.53545448 0.08627451 0.01960784 0.83137255
v 1.11821082 6.78011559 -59.24271626 0.08627451 0.01960784 0.83137255
v -0.59827873 6.87172783 -83.89037886 0.08627451 0.01960784 0.83137255
v -0.52991671 7.00844085 -85.94322505 0.08627451 0.01960784 0.83137255
v 1.11821082 6.36292690 -85.94322505 0.08627451 0.01960784 0.83137255
v -0.54626423 7.22267050 -59.24271626 0.08627451 0.01960784 0.83137255
v 3.20623724 7.41294461 -92.07475532 0.08627451 0.01960784 0.83137255
v 1.11821082 6.80125716 -87.99607124 0.08627451 0.01960784 0.83137255
v 5.22738578 19.26189860 -92.07475532 0.08627451 0.01960784 0.83137255
v 4.19897802 19.91445852 -50.01841301 0.08627451 0.01960784 0.83137255
v 3.95673717 20.03426196 -23.08831111 0.08627451 0.01960784 0.83137255
v 10.83755875 8.95766397 -23.08831111 0.08627451 0.01960784 0.83137255
v 10.43630245 7.52569473 -31.15788758 0.08627451 0.01960784 0.83137255
v 9.33061501 7.27763857 -32.53545448 0.08627451 0.01960784 0.83137255
v 7.27677144 8.28114116 -23.08831111 0.08627451 0.01960784 0.83137255
v 5.22589980 8.55034256 -23.08831111 0.08627451 0.01960784 0.83137255
v 3.17205623 8.82376860 -23.08831111 0.08627451 0.01960784 0.83137255
v 1.12713032 9.11410790 -23.08831111 0.08627451 0.01960784 0.83137255
v 0.40932359 9.31001731 -23.08831111 0.08627451 0.01960784 0.83137255
v -0.15095182 9.47632852 -23.08831111 0.08627451 0.01960784 0.83137255
v -0.68447608 8.78853143 -32.53545448 0.08627451 0.01960784 0.83137255
v -0.90888160 8.61658492 -83.89037886 0.08627451 0.01960784 0.83137255
v -0.81822818 8.61658492 -85.94322505 0.08627451 0.01960784 0.83137255
v -1.09167626 8.61658492 -59.24271626 0.08627451 0.01960784 0.83137255
v -0.55963981 8.61658492 -87.99607124 0.08627451 0.01960784 0.83137255
v -0.13460430 9.15216272 -92.07475532 0.08627451 0.01960784 0.83137255
v -0.29361975 7.26072532 -87.99607124 0.08627451 0.01960784 0.83137255
v 2.35765220 7.62999191 -92.07475532 0.08627451 0.01960784 0.83137255
v -0.06327034 7.46931967 -89.27910172 0.08627451 0.01960784 0.83137255
v 5.19617671 19.25062432 -92.07475532 0.08627451 0.01960784 0.83137255
v 3.67139764 18.45289476 -92.07475532 0.08627451 0.01960784 0.83137255
v 3.38457398 18.72632447 -67.46085449 0.08627451 0.01960784 0.83137255
v 1.97868547 18.12309366 -30.48260828 0.08627451 0.01960784 0.83137255
v 2.92981538 19.22243679 -23.08831111 0.08627451 0.01960784 0.83137255
v 3.54359126 19.71432447 -23.08831111 0.08627451 0.01960784 0.83137255
v 9.33061501 8.20644218 -23.08831111 0.08627451 0.01960784 0.83137255
v -0.59679092 10.63063973 -23.08831111 0.08627451 0.01960784 0.83137255
v -1.03074593 10.67151220 -32.53545448 0.08627451 0.01960784 0.83137255
v -0.68596021 10.67010154 -53.08417722 0.08627451 0.01960784 0.83137255
v -0.57598733 10.67010154 -59.24271626 0.08627451 0.01960784 0.83137255
v -0.26092471 10.49674436 -79.78468647 0.08627451 0.01960784 0.83137255
v -0.21931384 10.40372147 -83.89037886 0.08627451 0.01960784 0.83137255
v -0.13311649 10.20499441 -92.07475532 0.08627451 0.01960784 0.83137255
v 1.24304709 8.06268320 -92.07475532 0.08627451 0.01960784 0.83137255
v 2.55382243 16.65448026 -92.07475532 0.08627451 0.01960784 0.83137255
v 2.55382243 17.00683727 -85.94322505 0.08627451 0.01960784 0.83137255
v 2.52409933 17.07448661 -83.89037886 0.08627451 0.01960784 0.83137255
v 2.49734818 17.14213962 -81.83753267 0.08627451 0.01960784 0.83137255
v 2.13175703 17.87644448 -48.09386913 0.08627451 0.01960784 0.83137255
v 1.41246617 16.83065876 -30.48260828 0.08627451 0.01960784 0.83137255
v 1.32478469 16.83065876 -23.08831111 0.08627451 0.01960784 0.83137255
v 1.70226544 17.65798652 -23.08831111 0.08627451 0.01960784 0.83137255
v 1.95045018 18.19497131 -23.08831111 0.08627451 0.01960784 0.83137255
v -0.32334284 12.80254913 -23.08831111 0.08627451 0.01960784 0.83137255
v 1.07957189 14.77573147 -59.24271626 0.08627451 0.01960784 0.83137255
v 2.02178414 16.11467414 -81.83753267 0.08627451 0.01960784 0.83137255
v -0.32037090 10.63768570 -73.61939398 0.08627451 0.01960784 0.83137255
v 0.29191901 11.25923676 -92.07475532 0.08627451 0.01960784 0.83137255
v 2.52855725 16.60937947 -92.07475532 0.08627451 0.01960784 0.83137255
v 2.13175703 15.83138081 -91.51427419 0.08627451 0.01960784 0.83137255
v 2.11243757 15.87507461 -90.05567135 0.08627451 0.01960784 0.83137255
v 0.46133809 14.72922003 -23.08831111 0.08627451 0.01960784 0.83137255
v 2.13918872 15.81306057 -92.07475532 0.08627451 0.01960784 0.83137255
f 781 782 783
f 781 783 792
f 781 792 804
f 781 804 817
f 781 817 829
f 781 829 842
f 781 842 841
f 781 841 858
f 781 858 879
f 781 879 895
f 781 895 877
f 781 877 894
f 781 894 909
f 781 909 914
f 781 914 910
f 781 910 896
f 781 896 882
f 781 882 881
f 781 881 860
f 781 860 843
f 781 843 830
f 781 830 820
f 781 820 805
f 781 805 793
f 781 793 784
f 781 784 785
f 781 785 786
f 781 786 787
f 781 787 782
f 782 788 783
f 782 787 789
f 782 789 788
f 783 788 790
f 783 790 791
f 783 791 792
f 784 793 785
f 785 794 786
f 785 793 794
f 786 794 795
f 786 795 787
f 787 796 797
f 787 797 789
f 787 795 798
f 787 798 799
f 787 799 809
f 787 809 823
f 787 823 822
f 787 822 833
f 787 833 831
f 787 831 846
f 787 846 845
f 787 845 862
f 787 862 886
f 787 886 885
f 787 885 904
f 787 904 903
f 787 903 902
f 787 902 913
f 787 913 905
f 787 905 888
f 787 888 871
f 787 871 870
f 787 870 869
f 787 869 868
f 787 868 867
f 787 867 866
f 787 866 887
f 787 887 863
f 787 863 847
f 787 847 835
f 787 835 834
f 787 834 824
f 787 824 810
f 787 810 796
f 788 800 801
f 788 801 803
f 788 803 790
f 788 789 800
f 789 797 802
f 789 802 800
f 790 803 804
f 790 804 791
f 791 804 792
f 793 805 806
f 793 806 807
f 793 807 794
f 794 807 808
f 794 808 809
f 794 809 798
f 794 798 795
f 796 810 811
f 796 811 797
f 797 811 812
f 797 812 802
f 798 809 799
f 800 802 813
f 800 813 801
f 801 813 814
f 801 814 815
f 801 815 804
f 801 804 803
f 802 812 816
f 802 816 813
f 804 815 818
f 804 818 819
f 804 819 817
f 805 820 808
f 805 808 807
f 805 807 806
f 808 821 822
f 808 822 823
f 808 823 809
f 808 820 821
f 810 824 825
f 810 825 811
f 811 825 826
f 811 826 816
f 811 816 812
f 813 816 814
f 814 827 815
f 814 816 825
f 814 825 827
f 815 827 828
f 815 828 818
f 816 826 825
f 817 819 829
f 818 828 819
f 819 828 829
f 820 830 831
f 820 831 832
f 820 832 833
f 820 833 821
f 821 833 822
f 824 834 825
f 825 834 835
f 825 835 836
f 825 836 837
f 825 837 838
f 825 838 827
f 827 839 828
f 827 838 839
f 828 839 840
f 828 840 841
f 828 841 842
f 828 842 829
f 830 843 844
f 830 844 845
f 830 845 846
f 830 846 831
f 831 833 832
f 835 847 848
f 835 848 836
f 836 848 837
f 837 848 849
f 837 849 850
f 837 850 851
f 837 851 852
f 837 852 853
f 837 853 839
f 837 839 838
f 839 854 855
f 839 855 856
f 839 856 841
f 839 841 840
f 839 853 857
f 839 857 854
f 841 856 859
f 841 859 858
f 843 860 844
f 844 860 861
f 844 861 862
f 844 862 845
f 847 863 848
f 848 863 849
f 849 864 865
f 849 865 850
f 849 863 864
f 850 865 851
f 851 865 866
f 851 866 852
f 852 866 867
f 852 867 868
f 852 868 869
f 852 869 870
f 852 870 871
f 852 871 872
f 852 872 857
f 852 857 853
f 854 873 874
f 854 874 855
f 854 857 875
f 854 875 873
f 855 874 876
f 855 876 877
f 855 877 878
f 855 878 856
f 856 878 859
f 857 872 875
f 858 859 879
f 859 878 880
f 859 880 879
f 860 881 861
f 861 881 882
f 861 882 883
f 861 883 884
f 861 884 885
f 861 885 886
f 861 886 862
f 863 887 864
f 864 887 865
f 865 887 866
f 871 888 872
f 872 888 889
f 872 889 875
f 873 890 891
f 873 891 892
f 873 892 893
f 873 893 894
f 873 894 874
f 873 875 889
f 873 889 890
f 874 894 877
f 874 877 876
f 877 895 880
f 877 880 878
f 879 880 895
f 882 896 897
f 882 897 898
f 882 898 899
f 882 899 900
f 882 900 883
f 883 900 884
f 884 901 902
f 884 902 903
f 884 903 904
f 884 904 885
f 884 900 901
f 888 905 889
f 889 905 901
f 889 901 890
f 890 900 906
f 890 906 907
f 890 907 891
f 890 901 900
f 891 907 908
f 891 908 892
f 892 908 907
f 892 907 893
f 893 907 894
f 894 907 909
f 896 910 898
f 896 898 897
f 898 910 899
f 899 910 911
f 899 911 912
f 899 912 907
f 899 907 900
f 900 907 906
f 901 905 913
f 901 913 902
f 907 912 909
f 909 912 911
f 909 911 914
f 910 914 911

o geometry_6
v 44.25885196 99.34820570 -19.26920360 0.77647059 0.86666667 0.97647059
v 46.35933280 99.34820570 -19.10587902 0.77647059 0.86666667 0.97647059
v 40.15019544 99.34820570 -18.89718916 0.77647059 0.86666667 0.97647059
v 47.21258240 102.06363523 -29.01417673 0.77647059 0.86666667 0.97647059
v 47.40844773 102.06363523 -29.01417673 0.77647059 0.86666667 0.97647059
v 47.38593407 99.34820570 -18.17735461 0.77647059 0.86666667 0.97647059
v 38.08798753 99.34820570 -18.46468523 0.77647059 0.86666667 0.97647059
v 46.48315516 102.23260613 -29.01417673 0.77647059 0.86666667 0.97647059
v 47.70111884 102.22964154 -29.01417673 0.77647059 0.86666667 0.97647059
v 47.61556896 99.34820570 -17.54523093 0.77647059 0.86666667 0.97647059
v 48.43504807 102.64762741 -29.01417673 0.77647059 0.86666667 0.97647059
v 36.53908027 99.34820570 -17.62689505 0.77647059 0.86666667 0.97647059
v 46.18823213 102.30671734 -29.01417673 0.77647059 0.86666667 0.97647059
v 47.84520294 99.34820570 -16.43221465 0.77647059 0.86666667 0.97647059
v 49.38510529 103.38281026 -29.01417673 0.77647059 0.86666667 0.97647059
v 49.76107436 103.67629048 -29.01417673 0.77647059 0.86666667 0.97647059
v 35.74436489 99.34820570 -16.01180788 0.77647059 0.86666667 0.97647059
v 39.29694584 107.22769175 -29.01417673 0.77647059 0.86666667 0.97647059
v 39.54909347 106.64369590 -29.01417673 0.77647059 0.86666667 0.97647059
v 40.28752608 105.02511146 -29.01417673 0.77647059 0.86666667 0.97647059
v 40.83684774 104.49447832 -29.01417673 0.77647059 0.86666667 0.97647059
v 41.53925932 103.99941665 -29.01417673 0.77647059 0.86666667 0.97647059
v 42.06381725 103.77115385 -29.01417673 0.77647059 0.86666667 0.97647059
v 44.25885196 102.91442627 -29.01417673 0.77647059 0.86666667 0.97647059
v 47.88122442 99.34820570 -15.97853609 0.77647059 0.86666667 0.97647059
v 49.99521309 104.10909933 -29.01417673 0.77647059 0.86666667 0.97647059
v 35.67232284 99.34820570 -15.51276036 0.77647059 0.86666667 0.97647059
v 39.68417266 108.69509285 -29.01417673 0.77647059 0.86666667 0.97647059
v 35.49446826 99.34820570 -14.04285018 0.77647059 0.86666667 0.97647059
v 47.90598907 99.34820570 -14.48140454 0.77647059 0.86666667 0.97647059
v 50.55579158 105.17333387 -29.01417673 0.77647059 0.86666667 0.97647059
v 39.84401650 109.28205330 -29.01417673 0.77647059 0.86666667 0.97647059
v 39.16186665 108.09923863 -22.26044333 0.77647059 0.86666667 0.97647059
v 35.30535776 99.34820570 -3.77463887 0.77647059 0.86666667 0.97647059
v 47.90598907 99.34820570 -13.98840743 0.77647059 0.86666667 0.97647059
v 51.90658160 108.23856725 -29.01417673 0.77647059 0.86666667 0.97647059
v 45.79875432 123.66256580 -29.01417673 0.77647059 0.86666667 0.97647059
v 46.60022361 125.71692368 -26.37075343 0.77647059 0.86666667 0.97647059
v 45.78524649 123.66256580 -28.42439680 0.77647059 0.86666667 0.97647059
v 46.18598113 125.71692368 -3.77463887 0.77647059 0.86666667 0.97647059
v 46.33006523 125.71692368 -11.99223203 0.77647059 0.86666667 0.97647059
v 35.30760876 99.34820570 -1.72099367 0.77647059 0.86666667 0.97647059
v 46.18147822 125.71692368 -1.72099367 0.77647059 0.86666667 0.97647059
v 47.80467945 99.34820570 -4.02567065 0.77647059 0.86666667 0.97647059
v 55.94769945 117.76332276 -29.01417673 0.77647059 0.86666667 0.97647059
v 47.18781774 127.00645643 -26.37075343 0.77647059 0.86666667 0.97647059
v 46.60247552 125.38194280 -29.01417673 0.77647059 0.86666667 0.97647059
v 47.16305309 127.05388627 -24.31711191 0.77647059 0.86666667 0.97647059
v 46.96943968 127.50744729 -3.77463887 0.77647059 0.86666667 0.97647059
v 35.87043916 99.34820570 0.27820878 0.77647059 0.86666667 0.97647059
v 36.89028652 102.58537458 -0.26318066 0.77647059 0.86666667 0.97647059
v 39.08757315 108.34232440 -0.59587656 0.77647059 0.86666667 0.97647059
v 45.16838478 122.92441835 -0.43557903 0.77647059 0.86666667 0.97647059
v 47.09776495 127.19321857 -0.31459636 0.77647059 0.86666667 0.97647059
v 46.96943968 127.47187582 -1.72099367 0.77647059 0.86666667 0.97647059
v 47.80017654 99.34820570 -3.77463887 0.77647059 0.86666667 0.97647059
v 57.80728857 122.22481064 -29.01417673 0.77647059 0.86666667 0.97647059
v 47.53902400 128.53611036 -3.77463887 0.77647059 0.86666667 0.97647059
v 47.89473225 128.07958475 -24.31711191 0.77647059 0.86666667 0.97647059
v 47.98478504 128.03511950 -26.37075343 0.77647059 0.86666667 0.97647059
v 47.26661463 126.86119861 -27.97072007 0.77647059 0.86666667 0.97647059
v 46.84786924 125.90665042 -29.01417673 0.77647059 0.86666667 0.97647059
v 36.08656531 99.34820570 0.62300184 0.77647059 0.86666667 0.97647059
v 37.29552316 101.66046866 1.10389811 0.77647059 0.86666667 0.97647059
v 45.25843757 120.65365605 1.38517831 0.77647059 0.86666667 0.97647059
v 47.60431213 128.50053522 -1.72099367 0.77647059 0.86666667 0.97647059
v 46.82535558 125.61909939 0.35684586 0.77647059 0.86666667 0.97647059
v 47.24635197 124.86909356 1.43054359 0.77647059 0.86666667 0.97647059
v 47.71912958 126.23866670 1.05550578 0.77647059 0.86666667 0.97647059
v 48.33148746 127.89579088 0.45060347 0.77647059 0.86666667 0.97647059
v 48.94384717 129.04895960 -0.15429883 0.77647059 0.86666667 0.97647059
v 57.55514186 122.79398351 -3.77463887 0.77647059 0.86666667 0.97647059
v 47.70336984 99.34820570 -1.72099367 0.77647059 0.86666667 0.97647059
v 57.95812658 122.65169030 -29.01417673 0.77647059 0.86666667 0.97647059
v 48.56787626 129.31279754 -3.77463887 0.77647059 0.86666667 0.97647059
v 48.92133351 129.11417334 -24.31711191 0.77647059 0.86666667 0.97647059
v 49.19599388 128.93038314 -27.92232774 0.77647059 0.86666667 0.97647059
v 48.25269149 127.74756847 -29.01417673 0.77647059 0.86666667 0.97647059
v 47.33415376 126.75448054 -29.01417673 0.77647059 0.86666667 0.97647059
v 49.01138630 129.04599133 -26.37075343 0.77647059 0.86666667 0.97647059
v 36.78447398 99.34820570 1.52128151 0.77647059 0.86666667 0.97647059
v 36.98259031 100.29089552 1.42146980 0.77647059 0.86666667 0.97647059
v 38.91197048 104.64862992 1.51523109 0.77647059 0.86666667 0.97647059
v 38.61929845 103.11897599 1.62713996 0.77647059 0.86666667 0.97647059
v 48.63316532 129.25053737 -1.72099367 0.77647059 0.86666667 0.97647059
v 49.09018318 127.22582544 1.50615730 0.77647059 0.86666667 0.97647059
v 48.39002260 125.61909939 1.56967384 0.77647059 0.86666667 0.97647059
v 50.42071147 129.12307080 -0.03029279 0.77647059 0.86666667 0.97647059
v 50.42071147 129.56180884 -1.72099367 0.77647059 0.86666667 0.97647059
v 50.42071147 128.31081215 0.99803966 0.77647059 0.86666667 0.97647059
v 57.92886085 123.79596523 -5.82828040 0.77647059 0.86666667 0.97647059
v 57.89508945 123.82264659 -3.77463887 0.77647059 0.86666667 0.97647059
v 57.42456375 123.17046872 -1.72099367 0.77647059 0.86666667 0.97647059
v 56.84597544 121.60820792 -1.72099367 0.77647059 0.86666667 0.97647059
v 55.94995137 119.37894628 -1.61816226 0.77647059 0.86666667 0.97647059
v 55.61225202 118.39771672 -2.23516173 0.77647059 0.86666667 0.97647059
v 58.30482992 123.66256580 -29.01417673 0.77647059 0.86666667 0.97647059
v 55.53570890 118.57558141 -0.86505959 0.77647059 0.86666667 0.97647059
v 49.45489634 103.98459368 -0.59889993 0.77647059 0.86666667 0.97647059
v 47.63132779 99.34820570 -1.37015019 0.77647059 0.86666667 0.97647059
v 50.42071147 129.62999085 -3.77463887 0.77647059 0.86666667 0.97647059
v 50.42071147 129.33947523 -24.31711191 0.77647059 0.86666667 0.97647059
v 50.42071147 129.25053737 -26.37075343 0.77647059 0.86666667 0.97647059
v 50.44997904 128.98670677 -29.01417673 0.77647059 0.86666667 0.97647059
v 50.19783049 128.93334406 -29.01417673 0.77647059 0.86666667 0.97647059
v 49.53144131 128.78808992 -29.01417673 0.77647059 0.86666667 0.97647059
v 36.93531291 99.34820570 1.56967384 0.77647059 0.86666667 0.97647059
v 38.08348462 99.34820570 1.79953466 0.77647059 0.86666667 0.97647059
v 42.20564943 109.28205330 1.76626654 0.77647059 0.86666667 0.97647059
v 50.42071147 125.71692368 1.73299842 0.77647059 0.86666667 0.97647059
v 50.42071147 127.28214908 1.53942909 0.77647059 0.86666667 0.97647059
v 48.36525794 123.66256580 1.69367621 0.77647059 0.86666667 0.97647059
v 51.89307378 128.97780932 -0.34786816 0.77647059 0.86666667 0.97647059
v 52.19249972 129.10825150 -1.72099367 0.77647059 0.86666667 0.97647059
v 52.47616592 126.95309739 1.44869118 0.77647059 0.86666667 0.97647059
v 53.57931123 126.78708741 1.38517831 0.77647059 0.86666667 0.97647059
v 57.92886085 125.47977076 -5.82828040 0.77647059 0.86666667 0.97647059
v 57.89508945 125.55388197 -3.77463887 0.77647059 0.86666667 0.97647059
v 57.76226310 124.19913180 -1.72099367 0.77647059 0.86666667 0.97647059
v 57.64069082 124.59043631 -0.64729226 0.77647059 0.86666667 0.97647059
v 58.10671452 125.54795278 -29.01417673 0.77647059 0.86666667 0.97647059
v 58.08870286 125.57759505 -24.31711191 0.77647059 0.86666667 0.97647059
v 58.07294311 125.60427641 -22.26044333 0.77647059 0.86666667 0.97647059
v 58.05943529 125.59834722 -20.20680181 0.77647059 0.86666667 0.97647059
v 57.97838832 125.53016521 -9.93859050 0.77647059 0.86666667 0.97647059
v 55.80586543 119.94515455 -0.33576732 0.77647059 0.86666667 0.97647059
v 53.60407680 114.16745624 -0.54748423 0.77647059 0.86666667 0.97647059
v 47.47823786 99.34820570 -0.66543985 0.77647059 0.86666667 0.97647059
v 51.67919863 109.75043361 -0.38113628 0.77647059 0.86666667 0.97647059
v 47.53677208 99.61203998 -0.42045482 0.77647059 0.86666667 0.97647059
v 52.25103302 129.11714161 -3.77463887 0.77647059 0.86666667 0.97647059
v 52.04391179 129.02228192 -24.31711191 0.77647059 0.86666667 0.97647059
v 52.00113639 129.00152608 -26.37075343 0.77647059 0.86666667 0.97647059
v 51.89982769 128.94817071 -29.01417673 0.77647059 0.86666667 0.97647059
v 50.72689133 128.98670677 -29.01417673 0.77647059 0.86666667 0.97647059
v 38.43469087 99.34820570 1.84187657 0.77647059 0.86666667 0.97647059
v 40.15019544 103.11897599 1.86002416 0.77647059 0.86666667 0.97647059
v 46.31430641 117.49948849 1.77231329 0.77647059 0.86666667 0.97647059
v 42.20564943 107.22769175 1.86002416 0.77647059 0.86666667 0.97647059
v 46.31430641 115.44513061 1.81768224 0.77647059 0.86666667 0.97647059
v 50.42071147 123.66256580 1.72089758 0.77647059 0.86666667 0.97647059
v 52.47616592 123.66256580 1.63621376 0.77647059 0.86666667 0.97647059
v 52.47616592 125.71692368 1.61806617 0.77647059 0.86666667 0.97647059
v 54.36952461 127.26436518 0.35079544 0.77647059 0.86666667 0.97647059
v 56.00848467 126.99163345 -0.32367015 0.77647059 0.86666667 0.97647059
v 54.52936845 128.08551394 -1.72099367 0.77647059 0.86666667 0.97647059
v 53.21910007 128.67247439 -1.72099367 0.77647059 0.86666667 0.97647059
v 54.52936845 128.18630650 -3.77463887 0.77647059 0.86666667 0.97647059
v 53.27763521 128.70508126 -3.77463887 0.77647059 0.86666667 0.97647059
v 54.36952461 125.53312980 1.44566780 0.77647059 0.86666667 0.97647059
v 55.57623238 124.72680034 1.37308114 0.77647059 0.86666667 0.97647059
v 54.94811292 126.09637348 1.04643199 0.77647059 0.86666667 0.97647059
v 57.50561071 126.57957677 -3.77463887 0.77647059 0.86666667 0.97647059
v 57.39754810 126.26238346 -1.72099367 0.77647059 0.86666667 0.97647059
v 57.76226310 125.23372039 -1.72099367 0.77647059 0.86666667 0.97647059
v 57.64069082 124.82166371 -0.64729226 0.77647059 0.86666667 0.97647059
v 55.57623238 124.58747172 1.37308114 0.77647059 0.86666667 0.97647059
v 56.49026811 123.90268698 0.30844985 0.77647059 0.86666667 0.97647059
v 56.10304129 121.60820792 0.01507617 0.77647059 0.86666667 0.97647059
v 57.64294090 126.28016736 -29.01417673 0.77647059 0.86666667 0.97647059
v 57.44707741 126.60032894 -28.42439680 0.77647059 0.86666667 0.97647059
v 57.48535081 126.62997489 -22.26044333 0.77647059 0.86666667 0.97647059
v 58.09545861 125.57166586 -28.42439680 0.77647059 0.86666667 0.97647059
v 58.09545861 125.57463046 -26.37075343 0.77647059 0.86666667 0.97647059
v 51.98988048 111.33641118 -0.01517226 0.77647059 0.86666667 0.97647059
v 49.70254106 105.17333387 -0.26620403 0.77647059 0.86666667 0.97647059
v 47.08425713 99.34820570 -0.09683271 0.77647059 0.86666667 0.97647059
v 47.82494119 101.06461444 -0.05751417 0.77647059 0.86666667 0.97647059
v 54.52936845 128.00547355 -29.01417673 0.77647059 0.86666667 0.97647059
v 53.07051397 128.62504454 -24.31711191 0.77647059 0.86666667 0.97647059
v 53.39245357 128.43235320 -29.01417673 0.77647059 0.86666667 0.97647059
v 52.92867995 128.60132778 -29.01417673 0.77647059 0.86666667 0.97647059
v 40.15019544 99.34820570 1.85397741 0.77647059 0.86666667 0.97647059
v 40.15019544 101.06461444 1.88422216 0.77647059 0.86666667 0.97647059
v 44.25885196 109.28205330 1.82675604 0.77647059 0.86666667 0.97647059
v 46.31430641 109.28205330 1.73299842 0.77647059 0.86666667 0.97647059
v 46.31430641 107.22769175 1.69670325 0.77647059 0.86666667 0.97647059
v 48.36525794 111.33641118 1.65133429 0.77647059 0.86666667 0.97647059
v 54.50460288 123.80485902 1.45776497 0.77647059 0.86666667 0.97647059
v 56.37094591 127.18432479 -1.72099367 0.77647059 0.86666667 0.97647059
v 56.47676029 125.45901860 0.19957170 0.77647059 0.86666667 0.97647059
v 56.47901036 127.24954221 -3.77463887 0.77647059 0.86666667 0.97647059
v 54.52936845 128.17444812 -5.82828040 0.77647059 0.86666667 0.97647059
v 56.45424479 127.21693166 -16.09951508 0.77647059 0.86666667 0.97647059
v 56.46325246 127.19618317 -20.20680181 0.77647059 0.86666667 0.97647059
v 56.42047706 127.17246641 -28.42439680 0.77647059 0.86666667 0.97647059
v 54.52936845 128.10033692 -16.09951508 0.77647059 0.86666667 0.97647059
v 57.48985281 126.62700662 -20.20680181 0.77647059 0.86666667 0.97647059
v 46.31430641 105.17333387 1.63621376 0.77647059 0.86666667 0.97647059
v 47.59080431 105.17333387 1.46079201 0.77647059 0.86666667 0.97647059
v 47.42195555 103.85415517 1.40937264 0.77647059 0.86666667 0.97647059
v 53.39470365 118.87499082 1.34283272 0.77647059 0.86666667 0.97647059
v 51.17490337 112.89867198 1.27024606 0.77647059 0.86666667 0.97647059
v 57.41555976 126.57364758 -29.01417673 0.77647059 0.86666667 0.97647059
v 57.12063581 126.76633892 -29.01417673 0.77647059 0.86666667 0.97647059
v 56.38670566 127.17543100 -29.01417673 0.77647059 0.86666667 0.97647059
v 47.03923073 102.48458570 1.25209848 0.77647059 0.86666667 0.97647059
v 46.62498826 99.34820570 0.34474502 0.77647059 0.86666667 0.97647059
v 42.54334693 99.34820570 1.71787421 0.77647059 0.86666667 0.97647059
v 44.25885196 101.06461444 1.64831092 0.77647059 0.86666667 0.97647059
v 44.35340766 99.34820570 1.55454963 0.77647059 0.86666667 0.97647059
v 44.62806895 99.34820570 1.52128151 0.77647059 0.86666667 0.97647059
v 45.05131634 99.34820570 1.46381539 0.77647059 0.86666667 0.97647059
v 45.41377850 99.57350024 1.42752022 0.77647059 0.86666667 0.97647059
v 45.36875210 99.34820570 1.40937264 0.77647059 0.86666667 0.97647059
v 46.39310237 99.34820570 0.55646193 0.77647059 0.86666667 0.97647059
f 915 916 920
f 915 920 924
f 915 924 928
f 915 928 939
f 915 939 944
f 915 944 949
f 915 949 958
f 915 958 970
f 915 970 987
f 915 987 1014
f 915 1014 1042
f 915 1042 1081
f 915 1081 1112
f 915 1112 1120
f 915 1120 1119
f 915 1119 1117
f 915 1117 1116
f 915 1116 1115
f 915 1115 1113
f 915 1113 1087
f 915 1087 1050
f 915 1050 1022
f 915 1022 1021
f 915 1021 995
f 915 995 977
f 915 977 964
f 915 964 956
f 915 956 948
f 915 948 943
f 915 943 941
f 915 941 931
f 915 931 926
f 915 926 921
f 915 921 917
f 915 917 918
f 915 918 919
f 915 919 916
f 916 919 920
f 917 921 918
f 918 922 927
f 918 927 938
f 918 938 937
f 918 937 936
f 918 936 935
f 918 935 934
f 918 934 933
f 918 933 932
f 918 932 942
f 918 942 946
f 918 946 951
f 918 951 961
f 918 961 976
f 918 976 993
f 918 993 992
f 918 992 1020
f 918 1020 1019
f 918 1019 1018
f 918 1018 1049
f 918 1049 1048
f 918 1048 1086
f 918 1086 1085
f 918 1085 1083
f 918 1083 1110
f 918 1110 1109
f 918 1109 1108
f 918 1108 1074
f 918 1074 1035
f 918 1035 1011
f 918 1011 988
f 918 988 971
f 918 971 959
f 918 959 950
f 918 950 945
f 918 945 940
f 918 940 930
f 918 930 929
f 918 929 925
f 918 925 923
f 918 923 919
f 918 921 922
f 919 923 920
f 920 923 925
f 920 925 924
f 921 926 927
f 921 927 922
f 924 925 929
f 924 929 930
f 924 930 928
f 926 931 932
f 926 932 933
f 926 933 934
f 926 934 935
f 926 935 936
f 926 936 937
f 926 937 938
f 926 938 927
f 928 930 939
f 930 940 939
f 931 941 932
f 932 941 943
f 932 943 942
f 939 940 945
f 939 945 944
f 942 943 946
f 943 947 946
f 943 948 947
f 944 945 949
f 945 950 949
f 946 947 951
f 947 952 953
f 947 953 951
f 947 948 954
f 947 954 955
f 947 955 952
f 948 956 957
f 948 957 954
f 949 950 958
f 950 959 958
f 951 953 952
f 951 952 960
f 951 960 961
f 952 962 960
f 952 955 963
f 952 963 962
f 954 957 963
f 954 963 955
f 956 964 965
f 956 965 966
f 956 966 957
f 957 966 967
f 957 967 968
f 957 968 969
f 957 969 963
f 958 959 970
f 959 971 970
f 960 962 972
f 960 972 973
f 960 973 974
f 960 974 975
f 960 975 976
f 960 976 961
f 962 963 972
f 963 969 972
f 964 977 978
f 964 978 979
f 964 979 965
f 965 979 967
f 965 967 966
f 967 979 968
f 968 980 969
f 968 979 981
f 968 981 982
f 968 982 983
f 968 983 984
f 968 984 985
f 968 985 980
f 969 980 972
f 970 971 986
f 970 986 987
f 971 988 986
f 972 980 989
f 972 989 990
f 972 990 973
f 973 990 974
f 974 991 992
f 974 992 993
f 974 993 975
f 974 990 994
f 974 994 991
f 975 993 976
f 977 995 996
f 977 996 978
f 978 996 979
f 979 996 997
f 979 997 998
f 979 998 982
f 979 982 981
f 980 999 989
f 980 985 999
f 982 1000 983
f 982 998 1001
f 982 1001 1000
f 983 1000 984
f 984 1000 985
f 985 1002 1003
f 985 1003 999
f 985 1000 1004
f 985 1004 1002
f 986 1005 1006
f 986 1006 1007
f 986 1007 1008
f 986 1008 1009
f 986 1009 1010
f 986 1010 987
f 986 988 1011
f 986 1011 1005
f 987 1010 1009
f 987 1009 1012
f 987 1012 1013
f 987 1013 1014
f 989 999 1003
f 989 1003 1015
f 989 1015 990
f 990 1016 994
f 990 1015 1016
f 991 994 1017
f 991 1017 1018
f 991 1018 1019
f 991 1019 1020
f 991 1020 992
f 994 1016 1017
f 995 1021 998
f 995 998 997
f 995 997 996
f 998 1021 1022
f 998 1022 1023
f 998 1023 1001
f 1000 1001 1024
f 1000 1024 1025
f 1000 1025 1004
f 1001 1023 1026
f 1001 1026 1024
f 1002 1027 1003
f 1002 1004 1027
f 1003 1028 1015
f 1003 1027 1028
f 1004 1025 1029
f 1004 1029 1030
f 1004 1030 1027
f 1005 1031 1032
f 1005 1032 1006
f 1005 1011 1031
f 1006 1032 1069
f 1006 1069 1033
f 1006 1033 1007
f 1007 1033 1034
f 1007 1034 1012
f 1007 1012 1008
f 1008 1012 1009
f 1011 1035 1036
f 1011 1036 1037
f 1011 1037 1038
f 1011 1038 1039
f 1011 1039 1031
f 1012 1034 1040
f 1012 1040 1041
f 1012 1041 1013
f 1013 1042 1014
f 1013 1041 1043
f 1013 1043 1044
f 1013 1044 1042
f 1015 1028 1045
f 1015 1045 1046
f 1015 1046 1016
f 1016 1046 1047
f 1016 1047 1048
f 1016 1048 1017
f 1017 1048 1049
f 1017 1049 1018
f 1022 1050 1051
f 1022 1051 1023
f 1023 1051 1026
f 1024 1026 1052
f 1024 1052 1053
f 1024 1053 1054
f 1024 1054 1055
f 1024 1055 1056
f 1024 1056 1057
f 1024 1057 1025
f 1025 1057 1029
f 1026 1051 1053
f 1026 1053 1052
f 1027 1058 1059
f 1027 1059 1060
f 1027 1060 1061
f 1027 1061 1028
f 1027 1030 1058
f 1028 1061 1062
f 1028 1062 1063
f 1028 1063 1045
f 1029 1057 1030
f 1030 1057 1064
f 1030 1064 1065
f 1030 1065 1066
f 1030 1066 1059
f 1030 1059 1058
f 1031 1039 1032
f 1032 1039 1067
f 1032 1067 1068
f 1032 1068 1069
f 1033 1069 1070
f 1033 1070 1034
f 1034 1070 1065
f 1034 1065 1071
f 1034 1071 1072
f 1034 1072 1073
f 1034 1073 1040
f 1035 1074 1075
f 1035 1075 1076
f 1035 1076 1077
f 1035 1077 1078
f 1035 1078 1036
f 1036 1078 1037
f 1037 1078 1067
f 1037 1067 1038
f 1038 1067 1039
f 1040 1043 1041
f 1040 1073 1079
f 1040 1079 1080
f 1040 1080 1043
f 1042 1044 1081
f 1043 1080 1044
f 1044 1080 1082
f 1044 1082 1081
f 1045 1063 1083
f 1045 1083 1084
f 1045 1084 1046
f 1046 1084 1083
f 1046 1083 1085
f 1046 1085 1047
f 1047 1085 1086
f 1047 1086 1048
f 1050 1087 1088
f 1050 1088 1051
f 1051 1088 1053
f 1053 1088 1054
f 1054 1088 1089
f 1054 1089 1090
f 1054 1090 1056
f 1054 1056 1055
f 1056 1090 1091
f 1056 1091 1092
f 1056 1092 1093
f 1056 1093 1071
f 1056 1071 1065
f 1056 1065 1057
f 1057 1065 1064
f 1059 1070 1068
f 1059 1068 1094
f 1059 1094 1060
f 1059 1066 1065
f 1059 1065 1095
f 1059 1095 1070
f 1060 1094 1096
f 1060 1096 1062
f 1060 1062 1061
f 1062 1097 1063
f 1062 1096 1098
f 1062 1098 1099
f 1062 1099 1100
f 1062 1100 1097
f 1063 1097 1101
f 1063 1101 1083
f 1065 1070 1095
f 1067 1096 1094
f 1067 1094 1068
f 1067 1078 1102
f 1067 1102 1096
f 1068 1070 1069
f 1071 1093 1092
f 1071 1092 1103
f 1071 1103 1104
f 1071 1104 1105
f 1071 1105 1106
f 1071 1106 1107
f 1071 1107 1073
f 1071 1073 1072
f 1073 1107 1105
f 1073 1105 1079
f 1074 1108 1075
f 1075 1108 1109
f 1075 1109 1110
f 1075 1110 1100
f 1075 1100 1076
f 1076 1099 1098
f 1076 1098 1096
f 1076 1096 1102
f 1076 1102 1077
f 1076 1100 1099
f 1077 1102 1078
f 1079 1082 1080
f 1079 1105 1111
f 1079 1111 1082
f 1081 1082 1112
f 1082 1111 1112
f 1083 1100 1110
f 1083 1101 1100
f 1087 1113 1091
f 1087 1091 1090
f 1087 1090 1088
f 1088 1090 1089
f 1091 1113 1103
f 1091 1103 1092
f 1097 1100 1101
f 1103 1113 1114
f 1103 1114 1115
f 1103 1115 1116
f 1103 1116 1105
f 1103 1105 1104
f 1105 1107 1106
f 1105 1116 1117
f 1105 1117 1118
f 1105 1118 1119
f 1105 1119 1111
f 1111 1119 1120
f 1111 1120 1112
f 1113 1115 1114
f 1117 1119 1118

o geometry_7
v 48.36717189 101.59456796 -85.76891457 0.79607843 0.45882353 0.78039216
v 46.36834782 101.74867547 -83.89097949 0.79607843 0.45882353 0.78039216
v 46.13052355 101.81356594 -85.76891457 0.79607843 0.45882353 0.78039216
v 49.59203550 101.92982436 -85.76891457 0.79607843 0.45882353 0.78039216
v 47.49423271 102.03526769 -32.54224880 0.79607843 0.45882353 0.78039216
v 47.10519022 102.03526769 -32.54224880 0.79607843 0.45882353 0.78039216
v 45.26033315 102.08393187 -85.76891457 0.79607843 0.45882353 0.78039216
v 46.11127756 101.81626971 -85.76891457 0.79607843 0.45882353 0.78039216
v 46.18826060 102.30833739 -29.01973121 0.79607843 0.45882353 0.78039216
v 44.25954627 102.91395973 -29.01973121 0.79607843 0.45882353 0.78039216
v 49.38857868 102.09474695 -72.71782461 0.79607843 0.45882353 0.78039216
v 47.40900060 102.06500548 -29.01973121 0.79607843 0.45882353 0.78039216
v 50.47597160 103.12214263 -85.76891457 0.79607843 0.45882353 0.78039216
v 53.34086154 106.24759366 -79.78508139 0.79607843 0.45882353 0.78039216
v 53.34086154 106.17188812 -77.72935325 0.79607843 0.45882353 0.78039216
v 53.27212664 106.34221825 -36.64814691 0.79607843 0.45882353 0.78039216
v 47.21241801 102.06500548 -29.01973121 0.79607843 0.45882353 0.78039216
v 46.47969830 102.23263552 -29.01973121 0.79607843 0.45882353 0.78039216
v 44.41626388 102.39485435 -85.76891457 0.79607843 0.45882353 0.78039216
v 42.06551445 103.77102527 -29.01973121 0.79607843 0.45882353 0.78039216
v 41.10046986 104.09817037 -34.59797509 0.79607843 0.45882353 0.78039216
v 49.76112396 103.67639701 -29.01973121 0.79607843 0.45882353 0.78039216
v 48.52251281 102.60303725 -32.54224880 0.79607843 0.45882353 0.78039216
v 48.43590770 102.64900133 -29.01973121 0.79607843 0.45882353 0.78039216
v 51.30354549 104.49290602 -85.76891457 0.79607843 0.45882353 0.78039216
v 53.34086154 106.55040115 -80.94628978 0.79607843 0.45882353 0.78039216
v 53.34086154 106.29625784 -67.45071811 0.79607843 0.45882353 0.78039216
v 53.27212664 106.36114464 -36.10365695 0.79607843 0.45882353 0.78039216
v 53.34086154 106.33140317 -65.92281281 0.79607843 0.45882353 0.78039216
v 42.20435999 103.26543874 -85.76891457 0.79607843 0.45882353 0.78039216
v 41.53900125 104.00083834 -29.01973121 0.79607843 0.45882353 0.78039216
v 41.12796400 104.11168921 -32.90338938 0.79607843 0.45882353 0.78039216
v 40.28664350 105.02553025 -29.01973121 0.79607843 0.45882353 0.78039216
v 40.86814497 103.92513646 -77.72935325 0.79607843 0.45882353 0.78039216
v 53.27212664 106.41522003 -34.59797509 0.79607843 0.45882353 0.78039216
v 53.27212664 107.11547062 -32.69781657 0.79607843 0.45882353 0.78039216
v 49.99344976 104.11168921 -29.01973121 0.79607843 0.45882353 0.78039216
v 49.38445507 103.38169716 -29.01973121 0.79607843 0.45882353 0.78039216
v 51.34478716 104.58212674 -85.76891457 0.79607843 0.45882353 0.78039216
v 53.34086154 107.35069122 -83.11869328 0.79607843 0.45882353 0.78039216
v 53.34086154 106.85321599 -81.84636400 0.79607843 0.45882353 0.78039216
v 53.34086154 128.22846841 -65.92281281 0.79607843 0.45882353 0.78039216
v 53.27212664 111.82797558 -29.01973121 0.79607843 0.45882353 0.78039216
v 40.90938572 103.92513646 -85.76891457 0.79607843 0.45882353 0.78039216
v 40.83790023 104.49560979 -29.01973121 0.79607843 0.45882353 0.78039216
v 41.20357311 104.15765330 -29.33642491 0.79607843 0.45882353 0.78039216
v 39.54980018 106.64503309 -29.01973121 0.79607843 0.45882353 0.78039216
v 40.17804132 105.18234521 -30.48652067 0.79607843 0.45882353 0.78039216
v 40.07631291 105.17423390 -40.75404501 0.79607843 0.45882353 0.78039216
v 40.14504826 105.17423390 -67.45627443 0.79607843 0.45882353 0.78039216
v 40.20141139 105.17423390 -79.78508139 0.79607843 0.45882353 0.78039216
v 40.07356368 105.17423390 -42.80977223 0.79607843 0.45882353 0.78039216
v 40.07218884 105.17423390 -44.86549944 0.79607843 0.45882353 0.78039216
v 53.12915748 111.28453627 -29.01973121 0.79607843 0.45882353 0.78039216
v 52.33182651 109.28381663 -29.01973121 0.79607843 0.45882353 0.78039216
v 51.90704264 108.23749456 -29.01973121 0.79607843 0.45882353 0.78039216
v 50.55432948 105.17423390 -29.01973121 0.79607843 0.45882353 0.78039216
v 53.34086154 109.25407884 -85.76891457 0.79607843 0.45882353 0.78039216
v 53.34086154 109.09726388 -85.60223416 0.79607843 0.45882353 0.78039216
v 53.34086154 128.22846841 -66.15616538 0.79607843 0.45882353 0.78039216
v 53.27212664 128.47450042 -29.01973121 0.79607843 0.45882353 0.78039216
v 40.85577229 104.02787236 -85.76891457 0.79607843 0.45882353 0.78039216
v 39.29685400 107.22902526 -29.01973121 0.79607843 0.45882353 0.78039216
v 40.26464782 105.17423390 -85.76891457 0.79607843 0.45882353 0.78039216
v 39.30372776 107.22902526 -30.48652067 0.79607843 0.45882353 0.78039216
v 39.38208611 107.22902526 -38.70387320 0.79607843 0.45882353 0.78039216
v 53.34086154 128.05813460 -85.76891457 0.79607843 0.45882353 0.78039216
v 53.34086154 128.15276286 -77.72935325 0.79607843 0.45882353 0.78039216
v 53.27212664 128.33120430 -57.73879610 0.79607843 0.45882353 0.78039216
v 53.27212664 128.41502116 -42.80977223 0.79607843 0.45882353 0.78039216
v 53.27212664 128.46638911 -32.54224880 0.79607843 0.45882353 0.78039216
v 52.92845035 128.60157391 -29.01973121 0.79607843 0.45882353 0.78039216
v 52.94082120 128.59346260 -32.54224880 0.79607843 0.45882353 0.78039216
v 39.68452165 108.69712068 -29.01973121 0.79607843 0.45882353 0.78039216
v 39.45219630 107.22902526 -44.86549944 0.79607843 0.45882353 0.78039216
v 39.70239279 107.22902526 -63.34481954 0.79607843 0.45882353 0.78039216
v 39.74638323 107.23172903 -65.92281281 0.79607843 0.45882353 0.78039216
v 40.25090075 105.35267534 -85.76891457 0.79607843 0.45882353 0.78039216
v 39.84398757 109.28381663 -29.01973121 0.79607843 0.45882353 0.78039216
v 39.85910948 109.28381663 -30.48652067 0.79607843 0.45882353 0.78039216
v 52.47479567 128.36905708 -85.76891457 0.79607843 0.45882353 0.78039216
v 53.34086154 128.07976476 -84.75771763 0.79607843 0.45882353 0.78039216
v 53.34086154 128.14735532 -78.54053187 0.79607843 0.45882353 0.78039216
v 52.80472535 128.52046450 -57.18875019 0.79607843 0.45882353 0.78039216
v 53.27212664 128.30687405 -61.28909233 0.79607843 0.45882353 0.78039216
v 51.77782009 128.92060402 -57.18875019 0.79607843 0.45882353 0.78039216
v 51.91391595 128.95575302 -32.54224880 0.79607843 0.45882353 0.78039216
v 51.90154326 128.95034548 -29.01973121 0.79607843 0.45882353 0.78039216
v 51.90704264 128.95575302 -34.59797509 0.79607843 0.45882353 0.78039216
v 39.88660362 109.28381663 -32.54224880 0.79607843 0.45882353 0.78039216
v 40.37874845 109.28381663 -63.34481954 0.79607843 0.45882353 0.78039216
v 40.25227559 108.76471125 -65.92281281 0.79607843 0.45882353 0.78039216
v 39.77662706 107.23172903 -67.45627443 0.79607843 0.45882353 0.78039216
v 40.41449120 109.28381663 -65.40054721 0.79607843 0.45882353 0.78039216
v 40.14092419 107.23172903 -85.76891457 0.79607843 0.45882353 0.78039216
v 45.79784418 123.65925588 -29.01973121 0.79607843 0.45882353 0.78039216
v 45.36618609 122.42638107 -57.18875019 0.79607843 0.45882353 0.78039216
v 52.29883391 128.38527969 -85.76891457 0.79607843 0.45882353 0.78039216
v 51.50012900 128.81246058 -79.08502182 0.79607843 0.45882353 0.78039216
v 51.54274460 128.82868320 -77.72935325 0.79607843 0.45882353 0.78039216
v 52.47479567 128.40420608 -83.89097949 0.79607843 0.45882353 0.78039216
v 52.56965169 128.45287393 -77.72935325 0.79607843 0.45882353 0.78039216
v 52.76348551 128.50694565 -61.28909233 0.79607843 0.45882353 0.78039216
v 51.75719834 128.91249271 -59.23892132 0.79607843 0.45882353 0.78039216
v 50.42098332 129.20990001 -38.70387320 0.79607843 0.45882353 0.78039216
v 50.72616946 128.98549449 -29.01973121 0.79607843 0.45882353 0.78039216
v 50.42098332 129.20449247 -36.64814691 0.79607843 0.45882353 0.78039216
v 50.42098332 129.15041708 -34.59797509 0.79607843 0.45882353 0.78039216
v 43.53645140 117.72469118 -57.18875019 0.79607843 0.45882353 0.78039216
v 40.75954234 109.18918837 -83.89097949 0.79607843 0.45882353 0.78039216
v 40.19591247 107.39665163 -85.76891457 0.79607843 0.45882353 0.78039216
v 46.60204755 125.37879452 -29.01973121 0.79607843 0.45882353 0.78039216
v 47.24403576 126.90096166 -34.59797509 0.79607843 0.45882353 0.78039216
v 47.24403576 126.89825789 -36.64814691 0.79607843 0.45882353 0.78039216
v 45.88170145 123.65925588 -57.18875019 0.79607843 0.45882353 0.78039216
v 47.27702836 124.84076276 -85.76891457 0.79607843 0.45882353 0.78039216
v 40.78566163 109.14322796 -85.76891457 0.79607843 0.45882353 0.78039216
v 50.41960939 128.52587204 -85.76891457 0.79607843 0.45882353 0.78039216
v 50.41960939 128.60968522 -83.89097949 0.79607843 0.45882353 0.78039216
v 51.24443359 128.81246058 -79.08502182 0.79607843 0.45882353 0.78039216
v 51.03960101 128.82868320 -77.72935325 0.79607843 0.45882353 0.78039216
v 50.42098332 129.02334726 -59.23892132 0.79607843 0.45882353 0.78039216
v 49.38170538 128.80434928 -73.03451831 0.79607843 0.45882353 0.78039216
v 49.03940301 129.06931134 -38.70387320 0.79607843 0.45882353 0.78039216
v 50.45122806 128.98549449 -29.01973121 0.79607843 0.45882353 0.78039216
v 49.03527940 129.05849626 -36.64814691 0.79607843 0.45882353 0.78039216
v 46.84949481 125.90330744 -29.01973121 0.79607843 0.45882353 0.78039216
v 47.26878021 126.84959371 -32.54224880 0.79607843 0.45882353 0.78039216
v 48.06885996 127.92835734 -34.59797509 0.79607843 0.45882353 0.78039216
v 48.00837322 127.92565357 -36.64814691 0.79607843 0.45882353 0.78039216
v 48.01112199 127.90672718 -38.70387320 0.79607843 0.45882353 0.78039216
v 47.32789303 126.76037299 -58.39996237 0.79607843 0.45882353 0.78039216
v 46.81237767 125.71405092 -57.18875019 0.79607843 0.45882353 0.78039216
v 47.71693460 125.86815844 -85.76891457 0.79607843 0.45882353 0.78039216
v 47.67844354 125.77893772 -85.76891457 0.79607843 0.45882353 0.78039216
v 48.74384170 127.54984430 -85.76891457 0.79607843 0.45882353 0.78039216
v 49.58928581 128.78812666 -74.40685400 0.79607843 0.45882353 0.78039216
v 48.19808251 127.79317621 -57.18875019 0.79607843 0.45882353 0.78039216
v 49.23461076 128.90708517 -59.23892132 0.79607843 0.45882353 0.78039216
v 49.09576706 128.99090203 -34.59797509 0.79607843 0.45882353 0.78039216
v 49.53017392 128.78812666 -29.01973121 0.79607843 0.45882353 0.78039216
v 47.33339149 126.75226168 -29.01973121 0.79607843 0.45882353 0.78039216
v 47.94788556 127.41736327 -29.01973121 0.79607843 0.45882353 0.78039216
v 48.25307079 127.74450836 -29.01973121 0.79607843 0.45882353 0.78039216
f 1121 1122 1123
f 1121 1123 1128
f 1121 1128 1127
f 1121 1127 1139
f 1121 1139 1150
f 1121 1150 1164
f 1121 1164 1182
f 1121 1182 1184
f 1121 1184 1198
f 1121 1198 1215
f 1121 1215 1231
f 1121 1231 1237
f 1121 1237 1236
f 1121 1236 1255
f 1121 1255 1254
f 1121 1254 1256
f 1121 1256 1238
f 1121 1238 1218
f 1121 1218 1201
f 1121 1201 1187
f 1121 1187 1178
f 1121 1178 1159
f 1121 1159 1145
f 1121 1145 1133
f 1121 1133 1124
f 1121 1124 1125
f 1121 1125 1126
f 1121 1126 1122
f 1122 1127 1128
f 1122 1128 1123
f 1122 1126 1129
f 1122 1129 1130
f 1122 1130 1127
f 1124 1131 1132
f 1124 1132 1125
f 1124 1133 1134
f 1124 1134 1135
f 1124 1135 1136
f 1124 1136 1131
f 1125 1132 1137
f 1125 1137 1126
f 1126 1137 1138
f 1126 1138 1129
f 1127 1130 1139
f 1129 1138 1137
f 1129 1137 1132
f 1129 1132 1144
f 1129 1144 1158
f 1129 1158 1142
f 1129 1142 1157
f 1129 1157 1177
f 1129 1177 1176
f 1129 1176 1175
f 1129 1175 1174
f 1129 1174 1163
f 1129 1163 1181
f 1129 1181 1192
f 1129 1192 1208
f 1129 1208 1226
f 1129 1226 1245
f 1129 1245 1261
f 1129 1261 1264
f 1129 1264 1263
f 1129 1263 1262
f 1129 1262 1247
f 1129 1247 1232
f 1129 1232 1216
f 1129 1216 1199
f 1129 1199 1194
f 1129 1194 1183
f 1129 1183 1167
f 1129 1167 1153
f 1129 1153 1165
f 1129 1165 1151
f 1129 1151 1140
f 1129 1140 1130
f 1130 1140 1141
f 1130 1141 1139
f 1131 1136 1142
f 1131 1142 1143
f 1131 1143 1132
f 1132 1143 1144
f 1133 1145 1146
f 1133 1146 1134
f 1134 1146 1161
f 1134 1161 1160
f 1134 1160 1179
f 1134 1179 1178
f 1134 1178 1187
f 1134 1187 1202
f 1134 1202 1203
f 1134 1203 1188
f 1134 1188 1180
f 1134 1180 1162
f 1134 1162 1149
f 1134 1149 1147
f 1134 1147 1135
f 1135 1147 1136
f 1136 1148 1142
f 1136 1147 1149
f 1136 1149 1148
f 1139 1141 1150
f 1140 1151 1152
f 1140 1152 1141
f 1141 1152 1153
f 1141 1153 1154
f 1141 1154 1150
f 1142 1148 1155
f 1142 1155 1156
f 1142 1156 1157
f 1142 1158 1143
f 1143 1158 1144
f 1145 1159 1160
f 1145 1160 1161
f 1145 1161 1146
f 1148 1149 1155
f 1149 1162 1181
f 1149 1181 1163
f 1149 1163 1156
f 1149 1156 1155
f 1150 1154 1164
f 1151 1165 1166
f 1151 1166 1152
f 1152 1166 1165
f 1152 1165 1153
f 1153 1167 1168
f 1153 1168 1169
f 1153 1169 1154
f 1154 1170 1171
f 1154 1171 1164
f 1154 1169 1172
f 1154 1172 1173
f 1154 1173 1170
f 1156 1163 1174
f 1156 1174 1175
f 1156 1175 1176
f 1156 1176 1177
f 1156 1177 1157
f 1159 1178 1179
f 1159 1179 1160
f 1162 1180 1181
f 1164 1171 1182
f 1167 1183 1169
f 1167 1169 1168
f 1169 1183 1172
f 1170 1173 1183
f 1170 1183 1171
f 1171 1184 1182
f 1171 1183 1185
f 1171 1185 1186
f 1171 1186 1184
f 1172 1183 1173
f 1180 1188 1189
f 1180 1189 1190
f 1180 1190 1191
f 1180 1191 1181
f 1181 1191 1193
f 1181 1193 1192
f 1183 1194 1185
f 1184 1186 1195
f 1184 1195 1196
f 1184 1196 1197
f 1184 1197 1198
f 1185 1194 1186
f 1186 1194 1199
f 1186 1199 1200
f 1186 1200 1195
f 1187 1201 1202
f 1188 1203 1189
f 1189 1204 1190
f 1189 1203 1205
f 1189 1205 1204
f 1190 1204 1206
f 1190 1206 1191
f 1191 1206 1193
f 1192 1193 1207
f 1192 1207 1208
f 1193 1209 1207
f 1193 1206 1209
f 1195 1200 1210
f 1195 1210 1196
f 1196 1210 1211
f 1196 1211 1197
f 1197 1212 1213
f 1197 1213 1198
f 1197 1211 1214
f 1197 1214 1212
f 1198 1213 1215
f 1199 1216 1217
f 1199 1217 1200
f 1200 1217 1210
f 1201 1218 1219
f 1201 1219 1220
f 1201 1220 1221
f 1201 1221 1202
f 1202 1221 1220
f 1202 1220 1222
f 1202 1222 1203
f 1203 1222 1223
f 1203 1223 1205
f 1204 1205 1223
f 1204 1223 1206
f 1206 1223 1224
f 1206 1224 1225
f 1206 1225 1209
f 1207 1209 1225
f 1207 1225 1208
f 1208 1225 1227
f 1208 1227 1228
f 1208 1228 1226
f 1210 1217 1229
f 1210 1229 1211
f 1211 1229 1214
f 1212 1215 1213
f 1212 1214 1215
f 1214 1229 1217
f 1214 1217 1230
f 1214 1230 1231
f 1214 1231 1215
f 1216 1232 1233
f 1216 1233 1234
f 1216 1234 1235
f 1216 1235 1217
f 1217 1235 1236
f 1217 1236 1237
f 1217 1237 1230
f 1218 1238 1219
f 1219 1239 1240
f 1219 1240 1241
f 1219 1241 1220
f 1219 1238 1239
f 1220 1241 1242
f 1220 1242 1225
f 1220 1225 1224
f 1220 1224 1222
f 1222 1224 1223
f 1225 1242 1243
f 1225 1243 1244
f 1225 1244 1227
f 1226 1228 1245
f 1227 1244 1246
f 1227 1246 1228
f 1228 1246 1245
f 1230 1237 1231
f 1232 1247 1233
f 1233 1247 1248
f 1233 1248 1249
f 1233 1249 1250
f 1233 1250 1234
f 1234 1250 1251
f 1234 1251 1252
f 1234 1252 1253
f 1234 1253 1235
f 1235 1253 1254
f 1235 1254 1255
f 1235 1255 1236
f 1238 1256 1243
f 1238 1243 1239
f 1239 1243 1257
f 1239 1257 1240
f 1240 1257 1241
f 1241 1257 1243
f 1241 1243 1242
f 1243 1256 1252
f 1243 1252 1258
f 1243 1258 1259
f 1243 1259 1244
f 1244 1258 1251
f 1244 1251 1250
f 1244 1250 1246
f 1244 1259 1258
f 1245 1246 1260
f 1245 1260 1261
f 1246 1250 1249
f 1246 1249 1260
f 1247 1262 1248
f 1248 1262 1249
f 1249 1262 1263
f 1249 1263 1264
f 1249 1264 1260
f 1251 1258 1252
f 1252 1256 1254
f 1252 1254 1253
f 1260 1264 1261

o geometry_8
v 42.20584045 99.35105642 -116.79005946 0.11764706 0.63921569 0.14117647
v 42.20584045 101.06486057 -116.82668525 0.11764706 0.63921569 0.14117647
v 46.31499153 105.17513393 -116.79005946 0.11764706 0.63921569 0.14117647
v 44.26041599 99.35105642 -116.70765326 0.11764706 0.63921569 0.14117647
v 40.15126491 99.35105642 -116.68934037 0.11764706 0.63921569 0.14117647
v 42.20584045 103.12142628 -116.81142511 0.11764706 0.63921569 0.14117647
v 48.36737485 115.44367586 -116.93656262 0.11764706 0.63921569 0.14117647
v 50.41975817 119.55394923 -116.95182275 0.11764706 0.63921569 0.14117647
v 50.41975817 115.44367586 -116.85109999 0.11764706 0.63921569 0.14117647
v 48.36737485 107.22884158 -116.74122629 0.11764706 0.63921569 0.14117647
v 46.31499153 103.12142628 -116.72596616 0.11764706 0.63921569 0.14117647
v 46.31499153 101.06486057 -116.65271458 0.11764706 0.63921569 0.14117647
v 46.31499153 99.35105642 -116.56420286 0.11764706 0.63921569 0.14117647
v 40.15126491 101.06486057 -116.48179667 0.11764706 0.63921569 0.14117647
v 48.36737485 119.55394923 -116.78700669 0.11764706 0.63921569 0.14117647
v 38.63390468 99.35105642 -116.13690809 0.11764706 0.63921569 0.14117647
v 48.36737485 117.49738352 -116.92130248 0.11764706 0.63921569 0.14117647
v 50.41975817 121.60765688 -116.95182275 0.11764706 0.63921569 0.14117647
v 52.47433279 123.66136820 -116.95182275 0.11764706 0.63921569 0.14117647
v 52.47433279 121.60765688 -116.90604235 0.11764706 0.63921569 0.14117647
v 54.52890741 121.60765688 -116.80227050 0.11764706 0.63921569 0.14117647
v 50.41975817 111.33911495 -116.74427905 0.11764706 0.63921569 0.14117647
v 50.41975817 109.28255291 -116.64050720 0.11764706 0.63921569 0.14117647
v 52.47433279 113.39282260 -116.60082865 0.11764706 0.63921569 0.14117647
v 50.41975817 107.22884158 -116.44211811 0.11764706 0.63921569 0.14117647
v 48.04723807 99.35105642 -116.08807125 0.11764706 0.63921569 0.14117647
v 46.31499153 115.44367586 -116.63745444 0.11764706 0.63921569 0.14117647
v 40.78715312 105.17513393 -116.07586388 0.11764706 0.63921569 0.14117647
v 48.16783776 121.80188745 -116.33834627 0.11764706 0.63921569 0.14117647
v 48.63050012 123.66136820 -116.20710691 0.11764706 0.63921569 0.14117647
v 50.41975817 123.66136820 -116.83583986 0.11764706 0.63921569 0.14117647
v 39.10314646 102.13598678 -115.75844648 0.11764706 0.63921569 0.14117647
v 38.93650003 101.06486057 -115.91410426 0.11764706 0.63921569 0.14117647
v 37.70419370 99.35105642 -114.69020404 0.11764706 0.63921569 0.14117647
v 52.47433279 125.71507586 -116.71986063 0.11764706 0.63921569 0.14117647
v 54.52890741 123.66136820 -116.81447420 0.11764706 0.63921569 0.14117647
v 56.58348387 123.66136820 -116.47874391 0.11764706 0.63921569 0.14117647
v 56.58348387 121.60765688 -116.42991074 0.11764706 0.63921569 0.14117647
v 54.52890741 119.55394923 -116.69544222 0.11764706 0.63921569 0.14117647
v 52.47433279 115.44367586 -116.73512077 0.11764706 0.63921569 0.14117647
v 51.79239877 107.22884158 -115.96903927 0.11764706 0.63921569 0.14117647
v 51.55997011 105.89493175 -115.83474715 0.11764706 0.63921569 0.14117647
v 49.53609209 101.70182238 -115.83474715 0.11764706 0.63921569 0.14117647
v 49.25761852 100.33363786 -115.54785002 0.11764706 0.63921569 0.14117647
v 49.08877803 99.35105642 -115.02288525 0.11764706 0.63921569 0.14117647
v 41.03712322 106.56045947 -115.87442570 0.11764706 0.63921569 0.14117647
v 45.16381574 116.75473591 -115.85306005 0.11764706 0.63921569 0.14117647
v 47.13068225 121.24775797 -115.92936439 0.11764706 0.63921569 0.14117647
v 46.83247318 119.55394923 -116.15216822 0.11764706 0.63921569 0.14117647
v 47.34776169 122.61880056 -115.71876793 0.11764706 0.63921569 0.14117647
v 49.05588829 125.21235841 -115.99651045 0.11764706 0.63921569 0.14117647
v 50.30573698 125.82361604 -116.32919165 0.11764706 0.63921569 0.14117647
v 38.94527074 102.54444333 -114.71156970 0.11764706 0.63921569 0.14117647
v 37.25907186 99.35105642 -112.65749469 0.11764706 0.63921569 0.14117647
v 50.91311896 127.01756539 -116.04839637 0.11764706 0.63921569 0.14117647
v 52.47433279 127.07469354 -116.11248967 0.11764706 0.63921569 0.14117647
v 53.97634289 126.91187960 -115.92631163 0.11764706 0.63921569 0.14117647
v 54.60784573 125.84075338 -116.26204560 0.11764706 0.63921569 0.14117647
v 56.58348387 125.24663677 -116.06976203 0.11764706 0.63921569 0.14117647
v 57.83113942 124.88102541 -115.88663308 0.11764706 0.63921569 0.14117647
v 57.94735375 123.66136820 -115.99040492 0.11764706 0.63921569 0.14117647
v 57.83113942 121.60765688 -115.92631163 0.11764706 0.63921569 0.14117647
v 56.63391689 119.65106451 -116.12164795 0.11764706 0.63921569 0.14117647
v 57.67545593 120.40228263 -115.79812136 0.11764706 0.63921569 0.14117647
v 51.21132895 104.52388916 -115.29452224 0.11764706 0.63921569 0.14117647
v 49.57775438 99.56528240 -114.17745032 0.11764706 0.63921569 0.14117647
v 49.38698801 99.35105642 -114.38804678 0.11764706 0.63921569 0.14117647
v 49.54486281 126.58054660 -115.55090278 0.11764706 0.63921569 0.14117647
v 41.12702356 108.38851625 -113.89360227 0.11764706 0.63921569 0.14117647
v 45.26029549 118.58565075 -113.78372490 0.11764706 0.63921569 0.14117647
v 47.20962056 122.96156212 -114.34836822 0.11764706 0.63921569 0.14117647
v 47.64158540 123.65279770 -114.90385326 0.11764706 0.63921569 0.14117647
v 48.73794373 125.82361604 -114.80313418 0.11764706 0.63921569 0.14117647
v 47.52756420 124.22406452 -112.65749469 0.11764706 0.63921569 0.14117647
v 37.21083199 99.35105642 -110.60037059 0.11764706 0.63921569 0.14117647
v 47.48809504 124.31546736 -110.60037059 0.11764706 0.63921569 0.14117647
v 50.30573698 127.40031409 -114.80313418 0.11764706 0.63921569 0.14117647
v 52.47433279 127.75164616 -114.71156970 0.11764706 0.63921569 0.14117647
v 55.34679218 126.60910884 -115.44713093 0.11764706 0.63921569 0.14117647
v 54.60784573 127.12039313 -114.74208997 0.11764706 0.63921569 0.14117647
v 56.53743713 126.25778044 -114.74208997 0.11764706 0.63921569 0.14117647
v 58.22144471 125.20950402 -114.71156970 0.11764706 0.63921569 0.14117647
v 58.80909212 123.66136820 -114.71156970 0.11764706 0.63921569 0.14117647
v 58.47799056 121.60765688 -114.71156970 0.11764706 0.63921569 0.14117647
v 57.89034316 119.95098088 -114.71156970 0.11764706 0.63921569 0.14117647
v 51.75731406 105.19512934 -114.65052549 0.11764706 0.63921569 0.14117647
v 51.51173023 103.99260947 -113.92412254 0.11764706 0.63921569 0.14117647
v 49.67204100 99.35105642 -112.76126654 0.11764706 0.63921569 0.14117647
v 49.17648707 127.02327784 -114.18050308 0.11764706 0.63921569 0.14117647
v 48.18976456 125.71507586 -112.65749469 0.11764706 0.63921569 0.14117647
v 37.05514941 99.35105642 -102.38407789 0.11764706 0.63921569 0.14117647
v 40.81785155 109.06261448 -90.05963884 0.11764706 0.63921569 0.14117647
v 47.99461283 125.71507586 -104.43815290 0.11764706 0.63921569 0.14117647
v 48.11521253 125.71507586 -110.60037059 0.11764706 0.63921569 0.14117647
v 47.27978724 124.83818021 -85.95149249 0.11764706 0.63921569 0.14117647
v 47.79946111 125.71507586 -94.17083795 0.11764706 0.63921569 0.14117647
v 50.41975817 128.04585009 -112.65749469 0.11764706 0.63921569 0.14117647
v 52.47433279 128.14010731 -112.65749469 0.11764706 0.63921569 0.14117647
v 55.82261154 126.84618461 -114.07978032 0.11764706 0.63921569 0.14117647
v 57.00229263 126.47200642 -112.65749469 0.11764706 0.63921569 0.14117647
v 58.52403914 125.44657979 -112.65749469 0.11764706 0.63921569 0.14117647
v 59.38796881 123.66136820 -112.65749469 0.11764706 0.63921569 0.14117647
v 58.92969089 121.60765688 -112.65749469 0.11764706 0.63921569 0.14117647
v 55.67131432 114.13547388 -113.96380109 0.11764706 0.63921569 0.14117647
v 49.68519799 99.35105642 -112.65749469 0.11764706 0.63921569 0.14117647
v 49.02957430 127.21465403 -112.65749469 0.11764706 0.63921569 0.14117647
v 37.01787248 99.35105642 -100.33305931 0.11764706 0.63921569 0.14117647
v 40.78495998 109.13973436 -85.77447089 0.11764706 0.63921569 0.14117647
v 48.99229828 127.26892412 -110.60037059 0.11764706 0.63921569 0.14117647
v 47.71833057 125.86931930 -85.77447089 0.11764706 0.63921569 0.14117647
v 47.27978724 124.84389266 -85.77447089 0.11764706 0.63921569 0.14117647
v 50.41975817 128.12011191 -110.60037059 0.11764706 0.63921569 0.14117647
v 54.52890741 127.47457959 -112.65749469 0.11764706 0.63921569 0.14117647
v 52.47433279 128.18295251 -110.60037059 0.11764706 0.63921569 0.14117647
v 55.97390875 126.90902521 -112.65749469 0.11764706 0.63921569 0.14117647
v 55.98925888 126.91759572 -110.60037059 0.11764706 0.63921569 0.14117647
v 56.12959040 126.98329071 -88.00556750 0.11764706 0.63921569 0.14117647
v 57.02202721 126.49485621 -106.49222424 0.11764706 0.63921569 0.14117647
v 57.15797612 126.52627651 -88.00556750 0.11764706 0.63921569 0.14117647
v 59.41866725 123.66136820 -110.60037059 0.11764706 0.63921569 0.14117647
v 57.15359168 126.53198896 -85.77447089 0.11764706 0.63921569 0.14117647
v 58.36177623 125.59510710 -85.77447089 0.11764706 0.63921569 0.14117647
v 58.47141298 125.50656233 -85.77447089 0.11764706 0.63921569 0.14117647
v 58.47360612 125.50370794 -85.95149249 0.11764706 0.63921569 0.14117647
v 58.94504103 121.60765688 -110.60037059 0.11764706 0.63921569 0.14117647
v 49.67642727 99.35105642 -111.89141686 0.11764706 0.63921569 0.14117647
v 37.08365471 99.35105642 -99.84472033 0.11764706 0.63921569 0.14117647
v 40.14030106 107.22884158 -85.77447089 0.11764706 0.63921569 0.14117647
v 40.19511943 107.39736798 -85.77447089 0.11764706 0.63921569 0.14117647
v 50.41975817 128.20008985 -106.49222424 0.11764706 0.63921569 0.14117647
v 48.91116866 127.32605227 -104.43815290 0.11764706 0.63921569 0.14117647
v 48.81030263 127.46601275 -94.17083795 0.11764706 0.63921569 0.14117647
v 50.41975817 128.43716562 -94.17083795 0.11764706 0.63921569 0.14117647
v 47.80603869 126.01499223 -85.77447089 0.11764706 0.63921569 0.14117647
v 54.52890741 127.50885795 -110.60037059 0.11764706 0.63921569 0.14117647
v 52.47433279 128.25435994 -104.43815290 0.11764706 0.63921569 0.14117647
v 54.52890741 127.62882303 -88.00556750 0.11764706 0.63921569 0.14117647
v 54.52890741 127.63453547 -85.95149249 0.11764706 0.63921569 0.14117647
v 56.12739910 126.98614509 -85.77447089 0.11764706 0.63921569 0.14117647
v 56.21510813 126.94901235 -85.77447089 0.11764706 0.63921569 0.14117647
v 59.16431086 123.66136820 -85.77447089 0.11764706 0.63921569 0.14117647
v 49.66107714 99.35105642 -110.65530927 0.11764706 0.63921569 0.14117647
v 59.10949340 123.48427497 -85.77447089 0.11764706 0.63921569 0.14117647
v 58.51526658 121.60765688 -85.77447089 0.11764706 0.63921569 0.14117647
v 58.45606284 121.45627150 -85.77447089 0.11764706 0.63921569 0.14117647
v 37.51561955 99.35105642 -98.20267996 0.11764706 0.63921569 0.14117647
v 40.26528611 105.17513393 -85.77447089 0.11764706 0.63921569 0.14117647
v 40.25213003 105.34936910 -85.77447089 0.11764706 0.63921569 0.14117647
v 48.74452131 127.54598702 -85.95149249 0.11764706 0.63921569 0.14117647
v 48.74452131 127.54884508 -85.77447089 0.11764706 0.63921569 0.14117647
v 50.41975817 128.52857213 -85.77447089 0.11764706 0.63921569 0.14117647
v 52.47433279 128.27721341 -102.38407789 0.11764706 0.63921569 0.14117647
v 52.47433279 128.29720881 -100.33305931 0.11764706 0.63921569 0.14117647
v 52.47433279 128.32862544 -96.22490929 0.11764706 0.63921569 0.14117647
v 52.47433279 128.34290839 -94.17083795 0.11764706 0.63921569 0.14117647
v 54.35349118 127.70023046 -85.77447089 0.11764706 0.63921569 0.14117647
v 54.52890741 127.63453547 -85.77447089 0.11764706 0.63921569 0.14117647
v 49.56240608 99.63668983 -100.33305931 0.11764706 0.63921569 0.14117647
v 49.43961233 99.35105642 -100.33305931 0.11764706 0.63921569 0.14117647
v 53.67155532 110.01091756 -85.77447089 0.11764706 0.63921569 0.14117647
v 37.60113544 99.35105642 -98.02870929 0.11764706 0.63921569 0.14117647
v 40.90994503 103.92119836 -85.77447089 0.11764706 0.63921569 0.14117647
v 40.85512757 104.02688416 -85.77447089 0.11764706 0.63921569 0.14117647
v 52.29891472 128.38860798 -85.77447089 0.11764706 0.63921569 0.14117647
v 52.47433279 128.36861625 -85.77447089 0.11764706 0.63921569 0.14117647
v 51.34508288 104.57815925 -85.77447089 0.11764706 0.63921569 0.14117647
v 51.30561556 104.49246886 -85.77447089 0.11764706 0.63921569 0.14117647
v 49.36506030 99.35105642 -99.05117132 0.11764706 0.63921569 0.14117647
v 38.54838879 99.35105642 -96.82312564 0.11764706 0.63921569 0.14117647
v 42.20584045 103.26709921 -85.77447089 0.11764706 0.63921569 0.14117647
v 50.47676877 103.12142628 -85.77447089 0.11764706 0.63921569 0.14117647
v 49.27735126 99.35105642 -98.27898430 0.11764706 0.63921569 0.14117647
v 38.77204673 99.35105642 -96.65831326 0.11764706 0.63921569 0.14117647
v 45.26029549 102.08457475 -85.77447089 0.11764706 0.63921569 0.14117647
v 44.43802628 102.38734551 -85.77447089 0.11764706 0.63921569 0.14117647
v 44.41609857 102.39591602 -85.77447089 0.11764706 0.63921569 0.14117647
v 49.59310268 101.93033131 -85.77447089 0.11764706 0.63921569 0.14117647
v 49.20060792 99.35105642 -97.70823913 0.11764706 0.63921569 0.14117647
v 40.15784341 99.35105642 -96.17302336 0.11764706 0.63921569 0.14117647
v 46.11106909 101.81322062 -85.77447089 0.11764706 0.63921569 0.14117647
v 48.36737485 101.59328220 -85.77447089 0.11764706 0.63921569 0.14117647
v 48.50551507 99.35105642 -96.22796205 0.11764706 0.63921569 0.14117647
v 40.63585545 99.35105642 -96.05399138 0.11764706 0.63921569 0.14117647
v 44.28015057 99.35105642 -95.38557988 0.11764706 0.63921569 0.14117647
v 46.31499153 99.35105642 -95.09562999 0.11764706 0.63921569 0.14117647
v 47.22058350 99.35105642 -95.14446315 0.11764706 0.63921569 0.14117647
v 48.20511378 99.35105642 -95.89528452 0.11764706 0.63921569 0.14117647
f 1265 1266 1267
f 1265 1267 1268
f 1265 1268 1277
f 1265 1277 1290
f 1265 1290 1309
f 1265 1309 1331
f 1265 1331 1352
f 1265 1352 1369
f 1265 1369 1390
f 1265 1390 1406
f 1265 1406 1423
f 1265 1423 1432
f 1265 1432 1436
f 1265 1436 1442
f 1265 1442 1446
f 1265 1446 1451
f 1265 1451 1450
f 1265 1450 1449
f 1265 1449 1448
f 1265 1448 1447
f 1265 1447 1443
f 1265 1443 1437
f 1265 1437 1433
f 1265 1433 1425
f 1265 1425 1410
f 1265 1410 1391
f 1265 1391 1371
f 1265 1371 1355
f 1265 1355 1339
f 1265 1339 1318
f 1265 1318 1298
f 1265 1298 1280
f 1265 1280 1269
f 1265 1269 1266
f 1266 1269 1270
f 1266 1270 1271
f 1266 1271 1267
f 1267 1271 1272
f 1267 1272 1273
f 1267 1273 1274
f 1267 1274 1275
f 1267 1275 1268
f 1268 1275 1276
f 1268 1276 1277
f 1269 1278 1279
f 1269 1279 1270
f 1269 1280 1278
f 1270 1281 1271
f 1270 1279 1281
f 1271 1281 1282
f 1271 1282 1272
f 1272 1282 1283
f 1272 1283 1284
f 1272 1284 1273
f 1273 1284 1285
f 1273 1285 1286
f 1273 1286 1274
f 1274 1286 1276
f 1274 1276 1275
f 1276 1286 1287
f 1276 1287 1277
f 1277 1287 1288
f 1277 1288 1289
f 1277 1289 1290
f 1278 1291 1279
f 1278 1280 1292
f 1278 1292 1291
f 1279 1291 1293
f 1279 1293 1294
f 1279 1294 1295
f 1279 1295 1281
f 1280 1296 1297
f 1280 1297 1292
f 1280 1298 1296
f 1281 1295 1282
f 1282 1295 1283
f 1283 1295 1299
f 1283 1299 1300
f 1283 1300 1285
f 1283 1285 1284
f 1285 1300 1301
f 1285 1301 1302
f 1285 1302 1303
f 1285 1303 1304
f 1285 1304 1286
f 1286 1304 1287
f 1287 1304 1303
f 1287 1303 1288
f 1288 1302 1289
f 1288 1303 1302
f 1289 1302 1305
f 1289 1305 1290
f 1290 1305 1306
f 1290 1306 1307
f 1290 1307 1308
f 1290 1308 1309
f 1291 1292 1293
f 1292 1297 1296
f 1292 1296 1310
f 1292 1310 1311
f 1292 1311 1312
f 1292 1312 1313
f 1292 1313 1294
f 1292 1294 1293
f 1294 1313 1312
f 1294 1312 1314
f 1294 1314 1315
f 1294 1315 1316
f 1294 1316 1295
f 1295 1316 1299
f 1296 1314 1310
f 1296 1298 1317
f 1296 1317 1314
f 1298 1318 1317
f 1299 1301 1300
f 1299 1316 1319
f 1299 1319 1320
f 1299 1320 1321
f 1299 1321 1322
f 1299 1322 1323
f 1299 1323 1301
f 1301 1323 1324
f 1301 1324 1325
f 1301 1325 1302
f 1302 1325 1326
f 1302 1326 1327
f 1302 1327 1305
f 1305 1327 1306
f 1306 1327 1328
f 1306 1328 1329
f 1306 1329 1330
f 1306 1330 1331
f 1306 1331 1309
f 1306 1309 1308
f 1306 1308 1307
f 1310 1314 1311
f 1311 1314 1312
f 1314 1332 1315
f 1314 1317 1333
f 1314 1333 1334
f 1314 1334 1335
f 1314 1335 1336
f 1314 1336 1337
f 1314 1337 1332
f 1315 1319 1316
f 1315 1332 1319
f 1317 1318 1333
f 1318 1338 1334
f 1318 1334 1333
f 1318 1339 1340
f 1318 1340 1338
f 1319 1332 1341
f 1319 1341 1342
f 1319 1342 1320
f 1320 1342 1321
f 1321 1343 1324
f 1321 1324 1323
f 1321 1323 1322
f 1321 1342 1344
f 1321 1344 1343
f 1324 1343 1345
f 1324 1345 1346
f 1324 1346 1347
f 1324 1347 1325
f 1325 1347 1326
f 1326 1328 1327
f 1326 1347 1348
f 1326 1348 1328
f 1328 1348 1349
f 1328 1349 1350
f 1328 1350 1329
f 1329 1350 1330
f 1330 1350 1349
f 1330 1349 1351
f 1330 1351 1352
f 1330 1352 1331
f 1332 1337 1353
f 1332 1353 1341
f 1334 1338 1335
f 1335 1338 1354
f 1335 1354 1336
f 1336 1354 1353
f 1336 1353 1337
f 1338 1340 1354
f 1339 1355 1356
f 1339 1356 1340
f 1340 1357 1358
f 1340 1358 1354
f 1340 1356 1359
f 1340 1359 1360
f 1340 1360 1357
f 1341 1353 1361
f 1341 1361 1342
f 1342 1361 1362
f 1342 1362 1344
f 1343 1344 1363
f 1343 1363 1345
f 1344 1362 1363
f 1345 1363 1364
f 1345 1364 1346
f 1346 1364 1365
f 1346 1365 1366
f 1346 1366 1347
f 1347 1366 1348
f 1348 1366 1367
f 1348 1367 1349
f 1349 1367 1368
f 1349 1368 1351
f 1351 1369 1352
f 1351 1368 1367
f 1351 1367 1369
f 1353 1354 1370
f 1353 1370 1361
f 1354 1358 1370
f 1355 1371 1356
f 1356 1372 1359
f 1356 1371 1372
f 1357 1373 1358
f 1357 1360 1374
f 1357 1374 1373
f 1358 1373 1370
f 1359 1372 1375
f 1359 1375 1374
f 1359 1374 1360
f 1361 1370 1373
f 1361 1373 1376
f 1361 1376 1362
f 1362 1377 1363
f 1362 1376 1378
f 1362 1378 1377
f 1363 1377 1379
f 1363 1379 1364
f 1364 1379 1380
f 1364 1380 1381
f 1364 1381 1382
f 1364 1382 1383
f 1364 1383 1365
f 1365 1384 1366
f 1365 1383 1385
f 1365 1385 1386
f 1365 1386 1387
f 1365 1387 1388
f 1365 1388 1384
f 1366 1384 1367
f 1367 1384 1389
f 1367 1389 1369
f 1369 1389 1390
f 1371 1391 1392
f 1371 1392 1393
f 1371 1393 1372
f 1372 1393 1392
f 1372 1392 1412
f 1372 1412 1411
f 1372 1411 1427
f 1372 1427 1426
f 1372 1426 1434
f 1372 1434 1440
f 1372 1440 1439
f 1372 1439 1438
f 1372 1438 1444
f 1372 1444 1445
f 1372 1445 1441
f 1372 1441 1435
f 1372 1435 1431
f 1372 1431 1430
f 1372 1430 1424
f 1372 1424 1409
f 1372 1409 1408
f 1372 1408 1407
f 1372 1407 1405
f 1372 1405 1387
f 1372 1387 1386
f 1372 1386 1385
f 1372 1385 1404
f 1372 1404 1403
f 1372 1403 1421
f 1372 1421 1420
f 1372 1420 1429
f 1372 1429 1428
f 1372 1428 1415
f 1372 1415 1414
f 1372 1414 1398
f 1372 1398 1374
f 1372 1374 1375
f 1373 1394 1376
f 1373 1374 1395
f 1373 1395 1396
f 1373 1396 1397
f 1373 1397 1394
f 1374 1398 1396
f 1374 1396 1395
f 1376 1394 1378
f 1377 1378 1399
f 1377 1399 1379
f 1378 1400 1399
f 1378 1394 1397
f 1378 1397 1400
f 1379 1399 1380
f 1380 1399 1381
f 1381 1401 1402
f 1381 1402 1403
f 1381 1403 1404
f 1381 1404 1385
f 1381 1385 1383
f 1381 1383 1382
f 1381 1399 1401
f 1384 1388 1387
f 1384 1387 1405
f 1384 1405 1389
f 1389 1406 1390
f 1389 1405 1407
f 1389 1407 1408
f 1389 1408 1409
f 1389 1409 1406
f 1391 1410 1411
f 1391 1411 1412
f 1391 1412 1392
f 1396 1398 1413
f 1396 1413 1414
f 1396 1414 1397
f 1397 1414 1415
f 1397 1415 1416
f 1397 1416 1400
f 1398 1414 1413
f 1399 1400 1416
f 1399 1416 1417
f 1399 1417 1418
f 1399 1418 1419
f 1399 1419 1401
f 1401 1419 1420
f 1401 1420 1402
f 1402 1420 1421
f 1402 1421 1403
f 1406 1422 1423
f 1406 1409 1424
f 1406 1424 1422
f 1410 1425 1426
f 1410 1426 1427
f 1410 1427 1411
f 1415 1428 1419
f 1415 1419 1418
f 1415 1418 1417
f 1415 1417 1416
f 1419 1428 1429
f 1419 1429 1420
f 1422 1424 1430
f 1422 1430 1423
f 1423 1430 1431
f 1423 1431 1432
f 1425 1433 1426
f 1426 1433 1434
f 1431 1435 1432
f 1432 1435 1436
f 1433 1437 1438
f 1433 1438 1439
f 1433 1439 1440
f 1433 1440 1434
f 1435 1441 1436
f 1436 1441 1442
f 1437 1443 1444
f 1437 1444 1438
f 1441 1445 1446
f 1441 1446 1442
f 1443 1447 1445
f 1443 1445 1444
f 1445 1447 1448
f 1445 1448 1449
f 1445 1449 1450
f 1445 1450 1451
f 1445 1451 1446

o geometry_9
v 59.59076622 103.80000630 -36.64506292 0.94117647 0.52156863 0.41176471
v 59.59076622 103.89180589 -34.59281736 0.94117647 0.52156863 0.41176471
v 59.30438706 103.98843994 -34.59281736 0.94117647 0.52156863 0.41176471
v 53.27248482 106.35833800 -36.09948190 0.94117647 0.52156863 0.41176471
v 53.27248482 106.33901487 -36.64506292 0.94117647 0.52156863 0.41176471
v 53.27248482 106.33176686 -65.92208360 0.94117647 0.52156863 0.41176471
v 59.59076622 103.89663668 -65.92208360 0.94117647 0.52156863 0.41176471
v 59.59076622 104.07782230 -33.46914030 0.94117647 0.52156863 0.41176471
v 59.50293412 104.08748754 -33.48359224 0.94117647 0.52156863 0.41176471
v 53.27248482 106.41390488 -34.59281736 0.94117647 0.52156863 0.41176471
v 53.27248482 128.25516446 -65.92208360 0.94117647 0.52156863 0.41176471
v 59.59076622 118.44217830 -65.92208360 0.94117647 0.52156863 0.41176471
v 59.59076622 105.13594397 -32.76458425 0.94117647 0.52156863 0.41176471
v 53.27248482 111.82771475 -29.01417673 0.94117647 0.52156863 0.41176471
v 53.27248482 107.11448609 -32.69593569 0.94117647 0.52156863 0.41176471
v 53.27248482 128.28173928 -63.97461829 0.94117647 0.52156863 0.41176471
v 54.53119423 127.77683604 -65.92208360 0.94117647 0.52156863 0.41176471
v 58.84296271 123.66272744 -65.92208360 0.94117647 0.52156863 0.41176471
v 59.59076622 118.50740674 -36.68841875 0.94117647 0.52156863 0.41176471
v 59.59076622 107.22802972 -31.95524795 0.94117647 0.52156863 0.41176471
v 54.04750419 113.36658207 -29.01417673 0.94117647 0.52156863 0.41176471
v 53.27248482 128.47742093 -29.01417673 0.94117647 0.52156863 0.41176471
v 53.27248482 128.30348332 -61.88624104 0.94117647 0.52156863 0.41176471
v 54.95179387 127.59806765 -65.92208360 0.94117647 0.52156863 0.41176471
v 54.53119423 127.78167050 -65.40540830 0.94117647 0.52156863 0.41176471
v 58.34442949 125.52289515 -65.92208360 0.94117647 0.52156863 0.41176471
v 58.34257249 125.52772594 -65.40540830 0.94117647 0.52156863 0.41176471
v 58.18917765 125.53255672 -34.59281736 0.94117647 0.52156863 0.41176471
v 59.59076622 118.42043794 -34.71927553 0.94117647 0.52156863 0.41176471
v 59.59076622 118.50740674 -36.64506292 0.94117647 0.52156863 0.41176471
v 59.59076622 109.28387540 -31.84324172 0.94117647 0.52156863 0.41176471
v 58.30422378 123.66272744 -29.01417673 0.94117647 0.52156863 0.41176471
v 57.95846639 122.65292095 -29.01417673 0.94117647 0.52156863 0.41176471
v 57.80878189 122.22532494 -29.01417673 0.94117647 0.52156863 0.41176471
v 55.94824498 117.76334113 -29.01417673 0.94117647 0.52156863 0.41176471
v 53.27248482 128.46775569 -32.53695698 0.94117647 0.52156863 0.41176471
v 54.53119423 128.00633685 -29.01417673 0.94117647 0.52156863 0.41176471
v 54.53119423 128.00392329 -30.48109843 0.94117647 0.52156863 0.41176471
v 53.27248482 128.30831410 -61.29369121 0.94117647 0.52156863 0.41176471
v 56.21730495 127.05692802 -65.92208360 0.94117647 0.52156863 0.41176471
v 56.22472745 127.05934524 -65.40540830 0.94117647 0.52156863 0.41176471
v 53.27248482 128.33247170 -57.74200524 0.94117647 0.52156863 0.41176471
v 54.53119423 127.80824164 -61.29369121 0.94117647 0.52156863 0.41176471
v 57.52920624 126.29111836 -65.92208360 0.94117647 0.52156863 0.41176471
v 57.46178650 126.63174556 -36.64506292 0.94117647 0.52156863 0.41176471
v 58.15887045 125.60261594 -36.64506292 0.94117647 0.52156863 0.41176471
v 57.64425237 126.28145679 -29.01417673 0.94117647 0.52156863 0.41176471
v 58.10753189 125.54705274 -29.01417673 0.94117647 0.52156863 0.41176471
v 59.59076622 118.41318993 -34.59281736 0.94117647 0.52156863 0.41176471
v 59.59076622 115.44658535 -31.75652640 0.94117647 0.52156863 0.41176471
v 59.59076622 117.43237549 -32.66702997 0.94117647 0.52156863 0.41176471
v 53.27248482 128.45809412 -34.59281736 0.94117647 0.52156863 0.41176471
v 56.38925697 127.17530242 -29.01417673 0.94117647 0.52156863 0.41176471
v 56.43440919 127.14872760 -36.64506292 0.94117647 0.52156863 0.41176471
v 54.53119423 127.92661605 -42.80902649 0.94117647 0.52156863 0.41176471
v 53.27248482 128.41460972 -42.80902649 0.94117647 0.52156863 0.41176471
v 56.98366380 126.68247798 -65.92208360 0.94117647 0.52156863 0.41176471
v 57.25148760 126.55685556 -65.40540830 0.94117647 0.52156863 0.41176471
v 57.24406509 126.55202477 -65.92208360 0.94117647 0.52156863 0.41176471
v 57.12159462 126.76461600 -29.01417673 0.94117647 0.52156863 0.41176471
v 57.41539628 126.57376881 -29.01417673 0.94117647 0.52156863 0.41176471
f 1452 1453 1454
f 1452 1454 1455
f 1452 1455 1456
f 1452 1456 1457
f 1452 1457 1458
f 1452 1458 1463
f 1452 1463 1470
f 1452 1470 1481
f 1452 1481 1480
f 1452 1480 1500
f 1452 1500 1502
f 1452 1502 1501
f 1452 1501 1482
f 1452 1482 1471
f 1452 1471 1464
f 1452 1464 1459
f 1452 1459 1453
f 1453 1459 1460
f 1453 1460 1454
f 1454 1460 1461
f 1454 1461 1455
f 1455 1461 1466
f 1455 1466 1465
f 1455 1465 1473
f 1455 1473 1487
f 1455 1487 1503
f 1455 1503 1507
f 1455 1507 1493
f 1455 1493 1490
f 1455 1490 1474
f 1455 1474 1467
f 1455 1467 1462
f 1455 1462 1457
f 1455 1457 1456
f 1457 1462 1468
f 1457 1468 1475
f 1457 1475 1491
f 1457 1491 1508
f 1457 1508 1510
f 1457 1510 1495
f 1457 1495 1477
f 1457 1477 1469
f 1457 1469 1463
f 1457 1463 1458
f 1459 1464 1465
f 1459 1465 1460
f 1460 1465 1466
f 1460 1466 1461
f 1462 1467 1468
f 1463 1469 1470
f 1464 1471 1465
f 1465 1472 1486
f 1465 1486 1485
f 1465 1485 1484
f 1465 1484 1483
f 1465 1483 1499
f 1465 1499 1498
f 1465 1498 1512
f 1465 1512 1511
f 1465 1511 1504
f 1465 1504 1488
f 1465 1488 1473
f 1465 1471 1472
f 1467 1474 1468
f 1468 1474 1476
f 1468 1476 1475
f 1469 1477 1478
f 1469 1478 1479
f 1469 1479 1480
f 1469 1480 1481
f 1469 1481 1470
f 1471 1482 1483
f 1471 1483 1484
f 1471 1484 1485
f 1471 1485 1486
f 1471 1486 1472
f 1473 1488 1489
f 1473 1489 1487
f 1474 1490 1476
f 1475 1476 1492
f 1475 1492 1491
f 1476 1490 1493
f 1476 1493 1494
f 1476 1494 1492
f 1477 1495 1496
f 1477 1496 1478
f 1478 1496 1497
f 1478 1497 1479
f 1479 1497 1498
f 1479 1498 1499
f 1479 1499 1500
f 1479 1500 1480
f 1482 1501 1483
f 1483 1501 1502
f 1483 1502 1499
f 1487 1489 1503
f 1488 1504 1505
f 1488 1505 1489
f 1489 1505 1492
f 1489 1492 1506
f 1489 1506 1493
f 1489 1493 1507
f 1489 1507 1503
f 1491 1492 1508
f 1492 1509 1508
f 1492 1494 1506
f 1492 1505 1509
f 1493 1506 1494
f 1495 1510 1509
f 1495 1509 1496
f 1496 1505 1504
f 1496 1504 1511
f 1496 1511 1512
f 1496 1512 1498
f 1496 1498 1497
f 1496 1509 1505
f 1499 1502 1500
f 1508 1509 1510

o geometry_10
v 53.34280120 128.23095176 -65.92569658 0.26274510 0.77254902 0.45490196
v 54.53073687 127.77816588 -65.92569658 0.26274510 0.77254902 0.45490196
v 54.53073687 127.76858513 -67.46059550 0.26274510 0.77254902 0.45490196
v 53.34280120 128.14950071 -78.54101311 0.26274510 0.77254902 0.45490196
v 53.34280120 106.33199829 -65.92569658 0.26274510 0.77254902 0.45490196
v 54.95220164 127.59849011 -65.92569658 0.26274510 0.77254902 0.45490196
v 57.20450410 126.55876583 -81.84007480 0.26274510 0.77254902 0.45490196
v 56.17806171 126.99238287 -81.84007480 0.26274510 0.77254902 0.45490196
v 54.53073687 127.68234003 -79.78641858 0.26274510 0.77254902 0.45490196
v 54.53073687 127.63442527 -85.77446906 0.26274510 0.77254902 0.45490196
v 54.35517553 127.70150520 -85.77446906 0.26274510 0.77254902 0.45490196
v 53.34280120 128.08242077 -84.68643877 0.26274510 0.77254902 0.45490196
v 53.34280120 106.29366428 -67.45088158 0.26274510 0.77254902 0.45490196
v 59.59138154 103.89558603 -65.92569658 0.26274510 0.77254902 0.45490196
v 56.21720943 127.05706761 -65.92569658 0.26274510 0.77254902 0.45490196
v 57.17881278 126.55157659 -83.89567435 0.26274510 0.77254902 0.45490196
v 56.21598612 126.94926215 -85.77446906 0.26274510 0.77254902 0.45490196
v 57.23019542 126.55876583 -73.62544991 0.26274510 0.77254902 0.45490196
v 58.46094873 125.52622343 -83.89567435 0.26274510 0.77254902 0.45490196
v 58.47257200 125.50705826 -85.77446906 0.26274510 0.77254902 0.45490196
v 56.12790054 126.98519730 -85.77446906 0.26274510 0.77254902 0.45490196
v 53.34280120 128.06085674 -85.77446906 0.26274510 0.77254902 0.45490196
v 53.34280120 106.26731355 -69.51619505 0.26274510 0.77254902 0.45490196
v 59.59138154 103.75663578 -77.73082086 0.26274510 0.77254902 0.45490196
v 59.59138154 118.44218198 -65.92569658 0.26274510 0.77254902 0.45490196
v 56.98367850 126.68333760 -65.92569658 0.26274510 0.77254902 0.45490196
v 58.36246503 125.59330337 -85.77446906 0.26274510 0.77254902 0.45490196
v 57.15495642 126.53241142 -85.77446906 0.26274510 0.77254902 0.45490196
v 57.24365365 126.55157659 -65.92569658 0.26274510 0.77254902 0.45490196
v 57.52870847 126.29044609 -65.92569658 0.26274510 0.77254902 0.45490196
v 58.34411356 125.52382825 -65.92569658 0.26274510 0.77254902 0.45490196
v 59.15401192 123.66238212 -83.89567435 0.26274510 0.77254902 0.45490196
v 59.16380023 123.66238212 -85.77446906 0.26274510 0.77254902 0.45490196
v 53.34280120 109.25473274 -85.77446906 0.26274510 0.77254902 0.45490196
v 53.34280120 106.17148402 -77.73082086 0.26274510 0.77254902 0.45490196
v 59.59138154 103.84767126 -79.35509387 0.26274510 0.77254902 0.45490196
v 53.34280120 106.24575319 -79.78641858 0.26274510 0.77254902 0.45490196
v 59.59138154 118.44937121 -67.46059550 0.26274510 0.77254902 0.45490196
v 58.94603290 123.66238212 -71.56985127 0.26274510 0.77254902 0.45490196
v 58.84326578 123.66238212 -65.92569658 0.26274510 0.77254902 0.45490196
v 59.59138154 118.45416159 -69.51619505 0.26274510 0.77254902 0.45490196
v 59.59138154 118.45416159 -69.52396655 0.26274510 0.77254902 0.45490196
v 59.59138154 118.44458084 -71.58928003 0.26274510 0.77254902 0.45490196
v 59.59138154 118.41822643 -75.73350847 0.26274510 0.77254902 0.45490196
v 59.59138154 118.38948051 -77.73082086 0.26274510 0.77254902 0.45490196
v 59.59138154 118.29125580 -79.78641858 0.26274510 0.77254902 0.45490196
v 59.59138154 118.22657105 -79.94768043 0.26274510 0.77254902 0.45490196
v 59.59138154 117.43120361 -81.78955912 0.26274510 0.77254902 0.45490196
v 59.59138154 116.70770648 -82.20922934 0.26274510 0.77254902 0.45490196
v 59.59138154 115.36133212 -82.55118088 0.26274510 0.77254902 0.45490196
v 59.59138154 114.37910335 -82.70466939 0.26274510 0.77254902 0.45490196
v 59.59138154 113.39208053 -82.71827089 0.26274510 0.77254902 0.45490196
v 59.59138154 112.44099287 -82.70078456 0.26274510 0.77254902 0.45490196
v 59.59138154 109.28347866 -82.62112438 0.26274510 0.77254902 0.45490196
v 59.59138154 108.33239466 -82.54146604 0.26274510 0.77254902 0.45490196
v 59.59138154 107.22798196 -82.40157536 0.26274510 0.77254902 0.45490196
v 59.11058079 123.48510153 -85.77446906 0.26274510 0.77254902 0.45490196
v 53.67251230 110.01176983 -85.77446906 0.26274510 0.77254902 0.45490196
v 59.59138154 106.27689430 -82.11402616 0.26274510 0.77254902 0.45490196
v 59.59138154 105.13655011 -81.56418193 0.26274510 0.77254902 0.45490196
v 59.59138154 104.57835395 -81.25137307 0.26274510 0.77254902 0.45490196
v 59.59138154 104.07526180 -80.90165003 0.26274510 0.77254902 0.45490196
v 53.34280120 109.09661732 -85.60349237 0.26274510 0.77254902 0.45490196
v 59.59138154 103.88360642 -79.78641858 0.26274510 0.77254902 0.45490196
v 59.50574258 104.08963659 -80.88804853 0.26274510 0.77254902 0.45490196
v 59.59138154 104.04411702 -80.80839019 0.26274510 0.77254902 0.45490196
v 53.34280120 106.54760922 -80.95022237 0.26274510 0.77254902 0.45490196
v 58.45666715 121.45595557 -85.77446906 0.26274510 0.77254902 0.45490196
v 58.51600314 121.60688542 -85.77446906 0.26274510 0.77254902 0.45490196
v 53.34280120 107.34776703 -83.12239627 0.26274510 0.77254902 0.45490196
v 53.34280120 106.85425562 -81.85173297 0.26274510 0.77254902 0.45490196
f 1513 1514 1515
f 1513 1515 1516
f 1513 1516 1524
f 1513 1524 1534
f 1513 1534 1546
f 1513 1546 1575
f 1513 1575 1582
f 1513 1582 1583
f 1513 1583 1579
f 1513 1579 1549
f 1513 1549 1547
f 1513 1547 1535
f 1513 1535 1525
f 1513 1525 1517
f 1513 1517 1526
f 1513 1526 1537
f 1513 1537 1552
f 1513 1552 1543
f 1513 1543 1542
f 1513 1542 1541
f 1513 1541 1538
f 1513 1538 1527
f 1513 1527 1518
f 1513 1518 1514
f 1514 1518 1519
f 1514 1519 1520
f 1514 1520 1515
f 1515 1521 1516
f 1515 1520 1521
f 1516 1521 1522
f 1516 1522 1523
f 1516 1523 1524
f 1517 1525 1526
f 1518 1527 1519
f 1519 1528 1529
f 1519 1529 1520
f 1519 1527 1530
f 1519 1530 1531
f 1519 1531 1532
f 1519 1532 1528
f 1520 1529 1521
f 1521 1529 1533
f 1521 1533 1522
f 1522 1533 1529
f 1522 1529 1540
f 1522 1540 1539
f 1522 1539 1532
f 1522 1532 1545
f 1522 1545 1569
f 1522 1569 1581
f 1522 1581 1580
f 1522 1580 1570
f 1522 1570 1546
f 1522 1546 1534
f 1522 1534 1523
f 1523 1534 1524
f 1525 1535 1526
f 1526 1535 1536
f 1526 1536 1548
f 1526 1548 1576
f 1526 1576 1578
f 1526 1578 1574
f 1526 1574 1573
f 1526 1573 1572
f 1526 1572 1571
f 1526 1571 1568
f 1526 1568 1567
f 1526 1567 1566
f 1526 1566 1565
f 1526 1565 1564
f 1526 1564 1563
f 1526 1563 1562
f 1526 1562 1561
f 1526 1561 1560
f 1526 1560 1559
f 1526 1559 1558
f 1526 1558 1557
f 1526 1557 1556
f 1526 1556 1555
f 1526 1555 1554
f 1526 1554 1553
f 1526 1553 1550
f 1526 1550 1537
f 1527 1538 1530
f 1528 1532 1539
f 1528 1539 1540
f 1528 1540 1529
f 1530 1538 1541
f 1530 1541 1531
f 1531 1541 1542
f 1531 1542 1543
f 1531 1543 1544
f 1531 1544 1545
f 1531 1545 1532
f 1535 1547 1536
f 1536 1547 1549
f 1536 1549 1548
f 1537 1550 1545
f 1537 1545 1544
f 1537 1544 1551
f 1537 1551 1552
f 1543 1552 1551
f 1543 1551 1544
f 1545 1550 1553
f 1545 1553 1554
f 1545 1554 1555
f 1545 1555 1556
f 1545 1556 1557
f 1545 1557 1558
f 1545 1558 1559
f 1545 1559 1560
f 1545 1560 1561
f 1545 1561 1562
f 1545 1562 1563
f 1545 1563 1564
f 1545 1564 1565
f 1545 1565 1566
f 1545 1566 1567
f 1545 1567 1568
f 1545 1568 1569
f 1546 1570 1568
f 1546 1568 1571
f 1546 1571 1572
f 1546 1572 1573
f 1546 1573 1574
f 1546 1574 1575
f 1548 1549 1576
f 1549 1577 1578
f 1549 1578 1576
f 1549 1579 1577
f 1568 1570 1580
f 1568 1580 1581
f 1568 1581 1569
f 1574 1578 1577
f 1574 1577 1582
f 1574 1582 1575
f 1577 1579 1583
f 1577 1583 1582

