# https://github.com/mikedh/trimesh
mtllib material.mtl
usemtl material_0
v 63.76699356 102.08808671 -73.17024129
v 63.78776776 102.08808671 -73.17024129
v 63.76699356 102.08808671 -72.45806620
v 60.69449196 103.26945766 -77.72916774
v 62.74905923 102.52687985 -77.72916774
v 64.80362834 102.41597754 -77.72916774
v 63.78776776 102.08808671 -72.45806620
v 64.80362834 102.36936691 -75.67790119
v 62.74905923 102.66832447 -36.64868142
v 62.74905923 102.65224880 -38.69994796
v 60.69449196 103.33053493 -36.64868142
v 59.59242117 103.75807583 -77.72916774
v 59.59242117 103.84647734 -79.35413138
v 59.59242117 103.88344478 -79.78544875
v 60.69449196 103.44626068 -79.78544875
v 59.59242117 103.79825767 -36.64868142
v 62.74905923 102.85637972 -79.78544875
v 64.80362834 102.98817746 -79.78544875
v 66.17368273 103.72432280 -79.78544875
v 66.47802578 103.36428797 -77.72916774
v 64.80362834 102.84191308 -40.75622897
v 64.80362834 102.88048956 -38.69994796
v 66.50191520 103.35785917 -75.67790119
v 64.80362834 102.96567299 -36.64868142
v 62.74905923 103.11194104 -34.59240041
v 60.69449196 103.52340995 -34.59240041
v 59.59242117 103.89148261 -34.59240041
v 59.59242117 104.04417579 -80.80857387
v 59.59242117 104.07471443 -80.89884891
v 60.69449196 103.88505382 -81.07940084
v 62.74905923 103.66485456 -81.26998352
v 64.80362834 103.83683414 -81.09444790
v 65.87869266 104.08435763 -80.85872769
v 67.16461426 105.32359145 -79.64501988
v 67.92495025 106.10634742 -78.87266020
v 67.50531126 104.95551878 -77.72916774
v 67.52920068 104.91533695 -75.67790119
v 66.17160714 103.77414783 -38.69994796
v 66.12486426 103.82719094 -36.64868142
v 66.00333790 103.96059772 -35.32463703
v 64.77454445 103.57966378 -34.62249270
v 64.07133661 103.94934549 -33.35863290
v 62.74905923 103.84808638 -33.20315697
v 60.69449196 103.95095452 -33.29844832
v 59.59242117 104.07792883 -33.46896948
v 59.59242117 104.57780291 -81.24992200
v 60.69449196 105.17411267 -81.80160670
v 62.74905923 105.17411267 -81.99218938
v 64.80362834 105.17411267 -81.66117783
v 67.85431794 108.31317806 -80.76845081
v 67.64657587 107.22824646 -80.35218051
v 66.16433709 105.17411267 -81.06937007
v 68.63646409 109.11200971 -79.96600067
v 69.92238570 110.37534969 -78.30091397
v 67.97584430 105.98258751 -77.72916774
v 69.94523916 110.29337698 -76.93173206
v 67.99142404 105.94240568 -75.67790119
v 66.97037634 105.17411267 -38.69994796
v 66.88727951 105.17411267 -36.64868142
v 67.97480467 108.03993570 -35.43497544
v 66.27755376 105.28501498 -34.62249270
v 65.91712218 106.04366479 -33.48401470
v 65.43931541 104.67263322 -33.95545513
v 64.77454445 105.28501498 -33.13294346
v 62.74905923 105.17411267 -32.47092035
v 60.69449196 105.17411267 -32.50101264
v 59.59242117 105.13553620 -32.76682514
v 59.59242117 105.13553620 -81.56087202
v 59.59242117 106.27672531 -82.11255672
v 64.80362834 107.22824646 -82.10252596
v 59.59242117 107.22824646 -82.39843075
v 60.69449196 107.22824646 -82.41849228
v 62.74905923 107.22824646 -82.37836923
v 66.61929039 107.22824646 -81.34019704
v 68.15969695 109.68420963 -81.04429408
v 69.53598544 111.16935790 -79.75034199
v 70.06676552 111.74477589 -79.04318136
v 70.12078213 111.16935790 -77.66396869
v 70.15402086 111.15328590 -75.72303871
v 69.94523916 110.29337698 -76.44023011
v 68.80577297 109.28238392 -38.69994796
v 67.61852793 106.81677756 -36.64868142
v 68.87121448 111.33491235 -34.59240041
v 68.18566563 109.47204454 -34.68769175
v 68.70398119 109.28238392 -36.64868142
v 69.57857348 111.47796233 -36.72391123
v 67.89690231 110.28373378 -33.55423006
v 68.12334301 111.33491235 -33.32352431
v 66.15810299 107.22824646 -33.29844832
v 64.80362834 107.22824646 -32.57624246
v 62.74905923 107.22824646 -31.99947993
v 60.69449196 107.22824646 -31.88914335
v 59.59242117 107.22824646 -31.95434240
v 66.85715599 111.33491235 -82.03732691
v 64.80362834 109.28238392 -82.32320094
v 59.59242117 108.33085910 -82.53885962
v 59.59242117 109.28238392 -82.61910390
v 60.69449196 109.28238392 -82.58399714
v 62.74905923 109.28238392 -82.51378363
v 64.80362834 111.33491235 -82.46362981
v 68.41937271 111.33491235 -81.25493830
v 70.06676552 112.61432800 -79.04318136
v 70.16025129 112.77987878 -77.72916774
v 70.20283933 112.84095605 -75.67790119
v 70.19764486 111.40724186 -73.62162018
v 70.19764486 111.45224713 -71.56533918
v 69.99925210 112.18999783 -38.69994796
v 69.60869700 111.16132373 -38.69994796
v 68.19085643 113.02579691 -33.25832526
v 69.97535901 112.25911294 -37.46116416
v 69.97535901 112.43752499 -37.46116416
v 66.85715599 111.33491235 -32.58627322
v 64.80362834 109.28238392 -32.23018567
v 64.80362834 111.33491235 -31.93929718
v 63.86047933 114.20555882 -31.48290198
v 63.33281446 114.20555882 -31.48290198
v 59.59242117 109.28238392 -31.84400583
v 64.80362834 113.39065517 -82.33323170
v 66.85715599 113.39065517 -81.75145471
v 68.22721405 113.39065517 -81.08943160
v 59.59242117 112.43752499 -82.69935002
v 62.74905923 111.33491235 -82.57396638
v 62.74905923 113.39065517 -82.56895191
v 67.90209678 114.42897247 -80.82863540
v 69.29396868 113.80694751 -77.72916774
v 69.34590236 113.86802479 -75.67790119
v 69.34590236 113.87445359 -73.62162018
v 70.19764486 112.84738485 -73.62162018
v 70.19764486 112.84738485 -71.56533918
v 70.19349002 111.54064864 -69.51407355
v 69.99925210 112.48574099 -38.69994796
v 68.57829631 113.58192483 -34.40683402
v 67.86781842 114.39521943 -33.59936758
v 67.05243354 113.58192483 -32.77183961
v 69.29812352 113.51280972 -38.69994796
v 69.37083141 113.22992416 -36.72391123
v 64.64885958 113.46780445 -31.75874525
v 63.86047933 114.47880118 -31.48290198
v 63.33281446 114.47880118 -31.48290198
v 59.59242117 115.44478896 -31.75373079
v 59.59242117 116.70813262 -82.20784807
v 59.59242117 115.35960553 -82.54889039
v 64.80362834 115.11047301 -81.47561144
v 66.85715599 114.65560419 -81.06937007
v 59.59242117 113.39065517 -82.71941155
v 60.69449196 113.39065517 -82.66925772
v 59.59242117 114.37754207 -82.70436448
v 59.59242117 117.43142036 -81.78656147
v 62.25982757 116.68563182 -81.11952389
v 63.62884600 116.40596066 -80.35218051
v 59.59242117 118.29293463 -79.78544875
v 66.85715599 115.06385870 -79.78544875
v 68.06621118 114.51576861 -79.78544875
v 68.26668320 114.62506556 -77.72916774
v 68.31862056 114.65399516 -75.67790119
v 69.33967193 113.87445359 -71.56533918
v 68.27083804 114.71346707 -38.69994796
v 70.19349002 112.82166966 -69.51407355
v 68.13684716 114.58970349 -34.96854948
v 67.05243354 115.05903893 -34.40683402
v 63.80127192 116.48150090 -33.54419929
v 66.49776036 114.83401625 -33.11288193
v 68.26772283 114.69578603 -36.64868142
v 64.51590465 115.34192449 -32.64645597
v 62.74905923 116.70331286 -33.14297422
v 60.69449196 117.14692576 -32.69660979
v 59.59242117 117.43302572 -32.66651750
v 60.69449196 115.44478896 -31.72865296
v 59.59242117 118.22703393 -79.94593914
v 63.83970512 116.49757657 -78.97798230
v 59.59242117 118.38937398 -77.72916774
v 66.85715599 115.26959499 -77.72916774
v 66.85715599 115.30013362 -75.67790119
v 66.85715599 115.40460713 -48.97132316
v 66.85715599 115.43996920 -38.69994796
v 66.85715599 115.42228816 -36.64868142
v 64.96566349 116.11825166 -34.59240041
v 59.59242117 118.41348381 -34.59240041
v 59.59242117 118.41830358 -75.72805501
v 59.59242117 118.44562781 -71.58540070
v 59.59242117 118.45366565 -69.51908893
v 59.59242117 118.50831412 -36.64868142
v 65.09758246 116.17129477 -36.64868142
v 59.59242117 118.41991261 -34.71778404
v 4.77013096 21.73573383 -100.33135843
v 4.79650924 21.73573383 -110.11890124
v 4.86245955 21.73573383 -98.27776099
v 8.26547309 30.29096020 -99.11110243
v 7.80382281 29.16647128 -100.33135843
v 4.80090654 21.73573383 -110.60147634
v 37.01521555 99.34060503 -100.33135843
v 5.40764565 21.73573383 -96.39848321
v 34.92240610 94.08286437 -99.11110243
v 24.64302154 69.43530142 -98.98780172
v 4.89763243 21.73573383 -112.65720080
v 34.88723322 94.16644244 -102.38708289
v 36.85253844 98.48964133 -110.60147634
v 37.25703118 99.34060503 -112.65720080
v 35.00594284 93.87772320 -113.69462908
v 37.08116493 99.34060503 -99.84453298
v 37.20866824 99.34060503 -110.60147634
v 36.77339900 98.67958848 -102.38708289
v 36.05234757 96.95486640 -102.38708289
v 5.93084709 21.73573383 -96.08597741
v 38.76948164 99.34060503 -96.65783936
v 38.54525153 99.34060503 -96.82153130
v 34.91800972 91.97824797 -97.17017797
v 37.20427186 97.71465869 -97.44866623
v 37.59557361 99.34060503 -98.02903256
v 37.51203779 99.34060503 -98.20335222
v 36.87012580 98.48204432 -98.81985943
v 6.15507812 24.25823324 -113.96461663
v 5.41643841 21.73573383 -114.66402964
v 37.70109410 99.34060503 -114.69166613
v 36.95366163 98.25410847 -113.98587575
v 36.67667219 96.93207538 -114.68741578
v 7.28062137 21.73573383 -95.43971037
v 40.15442880 99.34060503 -96.17101390
v 36.91409236 96.34703623 -97.10215025
v 34.99714916 91.84908420 -115.75460390
v 6.19904376 22.13082215 -115.78011705
v 6.12430070 21.73573383 -115.80562652
v 20.57171680 57.04313864 -115.79712214
v 38.62878828 99.34060503 -116.13513741
v 37.24823842 97.60828594 -115.35706896
v 7.32458885 21.73573383 -95.43120599
v 40.63366460 99.34060503 -96.05196355
v 36.92728242 96.23307014 -115.88003162
v 12.28401850 36.73397317 -115.85239512
v 12.03340919 35.32836201 -115.99057758
v 7.24984579 22.89061078 -116.01609074
v 7.26743131 21.73573383 -116.13088706
v 36.67667219 94.89583937 -116.06710969
v 40.14563512 99.34060503 -116.68999059
v 38.57163165 99.00630009 -116.17978267
v 9.33386064 21.73573383 -95.41632791
v 46.30974931 99.34060503 -95.09744474
v 45.16222140 99.34060503 -95.25900967
v 44.27849286 99.34060503 -95.38443739
v 13.44473647 35.32836201 -116.41575636
v 38.09239585 94.89583937 -116.61558550
v 9.33386064 25.05601056 -116.34134760
v 9.33386064 22.99698353 -116.44976655
v 9.33386064 21.73573383 -116.44976655
v 42.20327077 99.34060503 -116.78990884
v 40.14563512 99.00630009 -116.73038550
v 9.63283289 21.73573383 -95.41420089
v 47.21546067 99.34060503 -95.14421334
v 12.00263177 21.73573383 -95.48222862
v 13.44473647 33.26933499 -116.52842567
v 11.39149537 29.16647128 -116.45402058
v 11.39149537 27.10744425 -116.51354392
v 11.39149537 25.05601056 -116.51141690
v 11.39149537 22.99698353 -116.48590743
v 11.39149537 21.73573383 -116.45402058
v 40.14563512 96.95486640 -116.81329130
v 44.25651004 99.34060503 -116.70912638
v 42.20327077 99.00630009 -116.78353147
v 13.44473647 22.99698353 -116.42425707
v 13.44473647 25.05601056 -116.45827093
v 13.44473647 31.21790130 -116.55818918
v 48.20031239 99.34060503 -95.89677600
v 13.34800875 21.73573383 -95.56939212
v 14.22294453 21.73573383 -95.70544757
v 15.49797390 22.99698353 -95.97543512
v 15.58590703 21.73573383 -96.28155987
v 16.22781901 21.73573383 -96.60469339
v 17.06758191 22.99698353 -96.76413497
v 16.81697260 21.73573383 -96.95120937
v 13.44473647 21.73573383 -116.37961549
v 46.30974931 99.34060503 -116.56456655
v 44.25651004 99.00630009 -116.69849498
v 48.50368010 99.34060503 -96.22841390
v 16.95326683 21.73573383 -97.20419183
v 18.65917090 25.87658257 -97.14679183
v 22.84478796 36.00457257 -97.08726849
v 15.44961096 21.73573383 -116.04372355
v 15.49797390 25.05601056 -116.33284321
v 48.04642896 99.34060503 -116.08836881
v 46.30974931 99.00630009 -116.54543444
v 49.19835233 99.34060503 -97.70802238
v 17.37974239 21.73573383 -98.32240258
v 18.37778509 24.50896378 -97.90360484
v 20.57611318 30.27576252 -97.35937938
v 21.17405861 31.05834583 -98.13745152
v 19.68359188 31.26349067 -116.00758635
v 16.79059248 23.34648615 -115.86727688
v 16.52239397 21.97886369 -115.73547179
v 16.46523826 21.73573383 -115.68657617
v 49.08843639 99.34060503 -115.02330404
v 47.54960580 96.95486640 -115.88215863
v 47.95409854 99.00630009 -116.07774109
v 37.08556131 69.16937503 -99.22164840
v 49.27749269 99.34060503 -98.27776099
v 20.81353335 29.74391342 -98.72844557
v 18.58882422 24.00750270 -99.27267103
v 17.65673274 21.73573383 -100.33135843
v 18.03044897 23.19452770 -98.46271205
v 20.72120293 31.97009292 -115.79499880
v 22.67771539 36.37687171 -115.73122143
v 20.42223067 30.60247045 -115.52926160
v 17.22586080 21.73573383 -114.59812893
v 49.38740864 99.34060503 -114.38979174
v 47.34735943 95.89876153 -115.74610318
v 40.07968574 76.41016716 -100.33135843
v 45.40843341 89.44814972 -100.33135843
v 49.44016888 99.34060503 -100.33135843
v 49.36542582 99.34060503 -99.04945208
v 24.63862515 38.66383643 -100.33135843
v 18.25907454 22.75385000 -110.60147634
v 20.47938638 28.52064874 -100.33135843
v 17.82820260 21.73573383 -110.60147634
v 20.85310261 29.62234666 -114.16019542
v 18.61080796 23.94671931 -113.76903417
v 17.82380622 21.73573383 -112.65720080
v 49.66879537 99.34060503 -112.76349641
v 47.37373955 93.78654813 -113.77541522
v 33.02305026 58.80585034 -113.81580277
v 22.79202864 34.04431762 -113.93272611
v 49.66000261 99.34060503 -110.60147634
v 43.23208814 83.59017590 -111.52198129
v 20.56731950 28.31550758 -112.65720080
v 18.68115372 23.77956685 -110.60147634
v 49.68638089 99.34060503 -112.65720080
v 49.26430263 98.29969417 -112.65720080
v 46.18664330 90.78537865 -112.65720080
v 28.87260562 48.62467396 -113.73502031
v 3.40147805 22.96226434 -1.72032508
v 3.49732227 22.96226434 -7.88324810
v 3.62801794 22.96226434 0.41734637
v 8.26338832 34.40220707 -0.50905103
v 28.81323336 83.66874686 -0.60473361
v 35.30449263 99.34820570 -1.72032508
v 35.30013666 99.34072626 -3.77535522
v 11.37832000 41.49048970 -14.04399634
v 4.17694193 24.07634963 -14.04399634
v 3.73693283 22.99964689 -14.04399634
v 3.72386216 22.96226434 -14.07878901
v 33.62722152 94.89933480 -14.04399634
v 33.07829569 93.58336683 -14.04399634
v 20.49657883 63.38340561 -14.04399634
v 4.04188937 22.96226434 1.48726765
v 4.25536226 23.91933263 1.17194420
v 34.93854239 98.15934796 -0.48730331
v 35.30884952 99.34820570 -1.69857736
v 35.30449263 99.34820570 -3.77535522
v 35.49182418 99.34820570 -14.04399634
v 14.44533141 48.73578933 -15.17045799
v 4.19872638 24.03148763 -15.08347082
v 3.85455782 22.96226434 -15.90766133
v 34.99082139 98.02475461 -15.17698231
v 4.91755803 22.96226434 2.10703701
v 5.53618491 25.05584892 1.96133837
v 5.98055457 27.11205095 1.64818969
v 18.43157485 57.19985349 1.51771077
v 26.81793319 77.38799312 1.32852038
v 35.86648821 99.34820570 0.28034314
v 35.67044288 99.34820570 -15.51404979
v 20.54014496 63.27872638 -15.35747729
v 3.89376615 22.96226434 -16.06640860
v 32.77333730 92.25992308 -16.09903017
v 35.74014760 99.34820570 -16.01204299
v 11.71377478 39.43428951 1.97003745
v 5.07003447 22.96226434 2.17228015
v 13.44332581 41.49048970 2.35277146
v 24.36519544 70.24737272 1.66123832
v 28.79580718 81.66488812 1.41550387
v 35.00389114 95.94612709 1.36766258
v 35.30884952 97.31443284 0.88054324
v 36.08431523 99.34820570 0.62176017
v 6.28115790 28.09154289 -17.05587069
v 5.03082614 22.96226434 -17.78654603
v 35.16072630 97.65838098 -16.54700363
v 32.90839032 91.91597678 -17.18634593
v 36.53739684 99.34820570 -17.62779876
v 7.24831022 22.96226434 2.90730503
v 7.28316166 25.05584892 2.72463528
v 13.44332581 39.43428951 2.67896876
v 36.71165864 99.00425389 1.55685665
v 36.78136336 99.34820570 1.51988554
v 12.38903938 42.58962160 -17.15807758
v 5.15716859 22.96226434 -17.87353320
v 28.50391808 80.51341660 -17.46252717
v 34.87755052 96.29007523 -17.27115834
v 38.08397137 99.34820570 -18.46503422
v 36.46769212 99.00425389 -17.67564005
v 7.28316166 22.96226434 2.91165458
v 7.28316166 22.99964689 2.91165458
v 13.44332581 37.37809116 2.77900088
v 25.76800502 68.19117390 2.32450311
v 27.81993970 74.35229456 2.18315033
v 25.76800502 70.24737272 2.17010538
v 36.93384255 99.34820570 1.56990528
v 7.28316166 22.96226434 -18.29758786
v 38.09268515 99.00425389 -18.50417642
v 40.14897626 99.34820570 -18.89561319
v 9.30024720 22.96226434 2.94427247
v 13.44332581 35.32936858 2.80074860
v 15.49961600 39.43428951 2.74855776
v 19.60784317 51.76400936 2.58110773
v 27.81993970 72.29609529 2.29405631
v 38.09268515 99.00425389 1.83520899
v 38.07961540 99.34820570 1.80041632
v 13.44332581 25.05584892 -18.07577223
v 13.44332581 22.99964689 -17.97139056
v 13.44332581 22.96226434 -17.96921579
v 44.25720343 99.34820570 -19.26964811
v 11.35653739 22.96226434 2.90947981
v 11.39138883 22.99964689 2.90947981
v 15.49961600 37.37809116 2.75508208
v 21.66413520 53.81273194 2.53544121
v 23.71607034 59.98133021 2.45715680
v 25.76800502 66.13497417 2.37669394
v 36.04075001 90.78693626 2.01570397
v 38.09268515 96.94805738 1.92219616
v 36.04075001 92.84313645 1.96786268
v 38.43249590 99.34820570 1.84390807
v 46.35706068 99.34820570 -19.10655129
v 15.15544929 22.96226434 -17.51254324
v 11.39138883 22.96226434 2.90730503
v 13.44332581 25.05584892 2.75073253
v 17.55155206 35.32936858 2.63547701
v 17.55155206 37.37809116 2.68549307
v 17.55155206 39.43428951 2.68766784
v 29.87623173 74.35229456 2.23969071
v 40.14897626 99.34820570 1.85260716
v 47.38520578 99.34820570 -18.17798280
v 18.73653324 29.70659700 -17.26680879
v 16.75430282 25.52690729 -17.30160513
v 16.44934444 24.15859419 -17.00802572
v 16.23151833 22.96226434 -16.27734670
v 13.40847253 22.96226434 2.59198159
v 13.44332581 22.99964689 2.58763205
v 19.60784317 37.37809116 2.38104348
v 19.60784317 39.43428951 2.52457103
v 44.62315276 99.34820570 1.52206031
v 44.34869076 99.34820570 1.55468188
v 42.20091140 96.94805738 1.70690484
v 42.54072306 99.34820570 1.71995347
v 47.61610255 99.34820570 -17.54516113
v 18.45771435 28.33829124 -16.80361193
v 16.27943860 22.96226434 -16.16209118
v 13.44332581 22.96226434 2.58328250
v 19.78210589 35.17982735 1.94394020
v 21.09778365 37.37809116 1.73952273
v 39.26895347 83.23507655 1.45464608
v 43.30311811 93.61327728 1.40245525
v 45.36812392 99.34820570 1.40897956
v 45.04573797 99.34820570 1.46334517
v 47.84264427 99.34820570 -16.43174811
v 18.64940280 27.94948478 -15.43576170
v 16.72816332 23.50808781 -15.63800440
v 16.69331188 22.96226434 -14.04399634
v 15.05089312 22.96226434 1.83085945
v 19.28110218 33.27317023 1.81563605
v 20.83639049 35.77051650 1.54815757
v 26.84407269 50.59010684 1.40245525
v 34.93418641 71.45118477 1.32199606
v 42.97202022 92.24496785 1.25458183
v 45.13722714 98.19673051 1.32199606
v 46.39191212 99.34820570 0.55652071
v 47.88185260 99.34820570 -15.97942510
v 43.22905650 87.70637478 -15.07694651
v 37.16909622 73.08118951 -15.60756128
v 28.86551190 52.74350865 -15.16393368
v 18.29216541 26.83539214 -14.04399634
v 17.56026492 25.05584892 -14.04399634
v 16.46241510 22.96226434 -1.72032508
v 15.07267390 22.96226434 1.81998559
v 16.65845860 25.75121730 1.48291811
v 20.57935421 34.39473497 1.22848458
v 28.76095481 55.11374560 1.25240706
v 47.08024739 99.34820570 -0.09804500
v 46.62280890 99.34820570 0.34558260
v 47.90799210 99.34820570 -14.48109595
v 47.34599745 97.96494289 -15.15958414
v 43.22905650 87.70637478 -15.02910522
v 34.92111666 67.39860253 -14.04399634
v 24.31291736 41.49048970 -14.04399634
v 22.72277669 38.32020422 -0.59385975
v 16.65410355 23.71744627 -0.32638127
v 16.41884988 22.96226434 -1.22233187
v 46.84499373 96.94805738 -3.77535522
v 37.09503461 73.25316266 -2.44013024
v 16.05725377 22.96226434 0.38037527
v 16.36221399 24.38291155 1.04364005
v 16.07032444 22.96226434 0.34775737
v 41.18147825 83.57902285 -0.67867215
v 45.30713114 93.80768051 -0.65040380
v 47.47669311 99.34820570 -0.66562353
v 47.90363521 99.34820570 -13.98963074
v 38.95528222 77.86652726 -1.72032508
v 47.29807534 98.07709606 -3.77535522
v 47.70323483 99.34820570 -1.72032508
v 47.66402466 99.25100225 -1.72032508
v 47.62917322 99.34820570 -1.36803419
v 47.80343410 99.34820570 -4.02543921
v 47.70323483 99.10145735 -3.77535522
v 47.79907905 99.34820570 -3.77535522
v 16.68927092 22.96226434 -14.04491842
v 12.76371718 12.92602617 -23.08831111
v 13.23551945 14.77949691 -23.08831111
v 16.27465741 22.96226434 -16.16190015
v 16.45847700 22.96226434 -1.72059692
v 13.65626052 12.72512067 -3.77508338
v 13.69302407 12.72512067 -5.82957351
v 13.71344928 12.72512067 -7.88405996
v 12.32663777 11.89883621 -23.08831111
v 12.91485826 10.67074442 -7.88405996
v 12.42263077 9.59974678 -8.96989160
v 12.88626296 16.42450923 -23.08831111
v 16.22768125 22.96226434 -16.27647239
v 16.41558405 22.96226434 -1.22064569
v 13.60111427 12.72512067 -1.72059692
v 12.78822744 10.47738816 -3.81674567
v 12.90464565 10.67074442 -5.82957351
v 11.99576398 11.14959449 -23.08831111
v 12.43284338 9.58313109 -7.88405996
v 10.56810387 7.53026469 -8.65742254
v 10.53746789 7.53479791 -9.93594551
v 11.67305843 8.79612476 -9.76668807
v 10.83770569 8.95775581 -23.08831111
v 11.22168321 9.64959753 -23.08831111
v 11.77722336 10.67074442 -23.08831111
v 11.72616215 17.45169919 -23.08831111
v 15.15132016 22.96226434 -17.51333306
v 16.06632756 22.96226434 0.34691244
v 12.68406251 11.19188865 -0.10096183
v 12.84949941 10.82028933 -1.72059692
v 13.01085126 12.58161516 0.48491857
v 12.42058825 9.62542892 -4.53022122
v 12.40424992 9.66319353 -3.16055991
v 12.42875834 9.60277015 -5.82957351
v 10.39245620 7.57709207 -2.71268931
v 10.10855673 7.53026469 -8.65742254
v 10.11264177 7.53479791 -9.93594551
v 10.38632864 7.57558222 -11.04000187
v 9.33243344 8.20700057 -23.08831111
v 10.69881974 18.02269417 -23.08831111
v 13.44180494 22.96226434 -17.96901741
v 9.88389038 18.35804241 -23.08831111
v 9.33243344 18.58311653 -23.08831111
v 7.27774678 19.40033454 -23.08831111
v 6.52000619 19.67828278 -23.08831111
v 5.93587074 19.86559229 -23.08831111
v 16.05203175 22.96226434 0.38076099
v 12.32051021 9.79309937 -1.72059692
v 12.35114619 11.80216176 1.26869580
v 12.09584202 10.57255644 0.48491857
v 12.65138400 13.17073936 1.61241250
v 10.33322492 7.57709207 -2.71268931
v 11.03582110 8.94566967 0.33388953
v 10.69269218 9.16772409 1.68271786
v 9.33243344 8.26893379 0.33388953
v 1.11573114 8.37316484 -20.20838146
v 10.28216371 7.57558222 -11.04000187
v 7.27774678 8.23267903 -22.26287158
v 7.27774678 8.27951008 -23.08831111
v 4.90852649 20.03477626 -23.08831111
v 7.27774678 22.96226434 -18.29711029
v 15.06758045 22.96226434 1.82072398
v 14.71424075 20.94111948 1.57335479
v 12.84337184 14.77949691 1.78427085
v 8.41742420 9.53932341 3.47681220
v 11.07462717 10.67074442 1.92227698
v 7.27774678 8.55745465 0.33388953
v -4.07204214 9.59219386 -6.68365609
v 9.19354749 9.04234780 2.37535675
v 7.27774678 8.95926566 2.38837966
v -0.68977708 9.02572843 -20.20838146
v -0.35073320 9.32633544 -22.26287158
v 1.11573114 8.88826967 -22.26287158
v 5.22510447 8.54990173 -23.08831111
v -4.06591457 9.59672708 -7.88405996
v -4.02915286 9.63146832 -8.93083388
v 3.95675370 20.03477626 -23.08831111
v 5.15770310 22.96226434 -17.87267358
v 15.04715707 22.96226434 1.83114231
v 13.44180494 22.96226434 2.58106732
v 13.40708391 22.96226434 2.59148198
v 8.41742420 9.91696581 3.47681220
v 7.27774678 9.49702926 3.51326901
v 5.13932224 9.33237851 2.52378121
v 3.55235280 9.51213510 1.92748614
v 2.18392398 9.65110738 1.13068968
v -0.93691117 10.24627097 0.33388953
v -2.46873620 11.11636311 0.33388953
v -4.05570197 11.60276610 -2.60071798
v -4.13127526 11.39732738 -3.77508338
v -4.17620706 10.69188966 -5.93112650
v 5.76430628 9.55291940 3.48202137
v -0.59786729 10.62995644 -23.08831111
v -0.15057344 9.47437049 -23.08831111
v 0.40905175 9.30820622 -23.08831111
v 1.12798627 9.11334379 -23.08831111
v 3.17041780 8.82331308 -23.08831111
v -4.11289257 10.50911337 -7.91270302
v -4.02915286 9.71757382 -8.93083388
v 3.54418271 19.71453386 -23.08831111
v 3.89548172 22.96226434 -16.06555632
v 5.02903159 22.96226434 -17.78674441
v 11.38712011 22.96226434 2.90655929
v 7.27774678 10.11334176 3.51326901
v 11.35239724 22.96226434 2.90916020
v 0.04754013 11.64204056 3.43775449
v -0.75717662 11.17376311 2.27901292
v -2.10313954 11.46530367 1.52127416
v -4.05570197 11.82179715 -2.60071798
v -4.13127526 12.03629865 -3.77508338
v -4.17416454 12.13448662 -5.82957351
v -0.32213790 12.80215973 -23.08831111
v -0.78985697 10.67074442 -22.26287158
v -4.11493509 11.95322018 -7.24870351
v -3.94337063 11.08766127 -8.61836482
v 2.92941128 19.22359765 -23.08831111
v 3.87097147 22.96226434 -15.97702257
v 1.94904319 18.19641136 -23.08831111
v 5.22510447 16.83236331 3.29714378
v 1.11573114 11.80367161 3.44036275
v 0.04754013 11.75533438 3.43775449
v 9.33243344 22.96226434 2.94301243
v -2.10313954 12.03176910 1.52127416
v -2.52183809 12.71907760 0.40159030
v -3.55530623 12.59370131 -1.83777374
v -3.77180617 13.06348861 -3.77508338
v -3.78201877 13.16167658 -5.82957351
v 0.07613543 13.78252231 -23.08831111
v -3.65742863 12.67225022 -7.91270302
v 1.32610351 16.83236331 -23.08831111
v 0.46215363 14.73266954 -23.08831111
v 0.20684946 14.10427089 -23.08831111
v 3.85463313 22.96226434 -15.90671721
v 1.70190910 17.65864777 -23.08831111
v -2.88538855 14.77949691 -5.82957351
v -2.02144235 15.88070624 -7.04039203
v 9.29771241 22.96226434 2.94301243
v 7.27774678 22.96226434 2.91176478
v 7.24506827 22.96226434 2.90916020
v 3.17041780 18.88674323 2.74772018
v 0.94008531 16.98191189 2.15663061
v -0.16078605 16.39883077 1.62022258
v -1.81106998 13.40034670 1.13068968
v -2.22159844 14.26741546 -0.23897163
v -2.43401333 14.88221812 -1.80392152
v -1.88051204 15.63448321 -1.17377423
v -2.86088197 14.77949691 -3.77508338
v 3.72391726 22.96226434 -14.07877064
v -2.09701197 15.98191392 -5.82957351
v 5.06783766 22.96226434 2.17225443
v 4.91465405 22.96226434 2.10715457
v 1.55689742 18.88674323 1.84676246
v 0.13740740 17.76740837 1.23484358
v -0.08317390 18.11786245 -0.13481406
v -2.00101714 15.85804748 -2.54343187
v -2.08067180 15.96529822 -3.77508338
v 3.72187474 22.96226434 -14.04491842
v -1.32088685 16.99248451 -3.77508338
v -0.29354627 18.33991687 -3.77508338
v -1.31271677 17.00910020 -5.82957351
v 4.04049341 22.96226434 1.48742561
v 1.99806371 20.08915656 1.55252180
v 3.62587990 22.96226434 0.41721780
v 0.63780314 18.83689248 0.46408559
v -0.22205802 18.28553657 -1.72059692
v -1.34131207 16.65864979 -1.80392152
v -0.28537619 18.33991687 -5.82957351
v 3.49720839 22.96226434 -7.88405996
v 3.40325608 22.96226434 -1.72059692
v 3.40325608 22.96226434 -1.76746838
v 17.82566415 21.72813315 -110.60287966
v 14.58403184 5.36619843 -115.34655511
v 14.58403184 5.36619843 -115.88920827
v 17.82370520 21.72813315 -112.65665343
v 17.65134081 21.72813315 -100.33140252
v 13.00141011 5.23100260 -108.54650497
v 13.53025604 5.15933067 -114.68186864
v 13.82405954 12.72540721 -92.07475532
v 12.12195764 8.49199110 -92.07475532
v 12.10237185 8.45778254 -92.07475532
v 11.09364540 6.76213700 -92.07475532
v 13.44211536 5.25380831 -116.08653569
v 9.33278427 7.11559976 -118.16627814
v 10.56871736 7.34689695 -117.91182992
v 16.46437497 21.72813315 -115.68668638
v 17.22042938 21.72813315 -114.59618560
v 17.37516508 21.72813315 -98.32176337
v 11.38744890 5.08929716 -112.65665343
v 13.09738658 5.19517031 -110.60287966
v 10.60201487 5.47207892 -96.88853409
v 13.14243594 5.16259283 -112.65665343
v 16.95012957 21.72813315 -97.20270402
v 14.08652539 14.73867955 -92.07475532
v 9.33278427 6.14968177 -92.07475532
v 11.86145165 5.32710398 -116.05018909
v 5.22540938 7.29640332 -118.59728692
v 7.28007584 7.09442513 -118.39995583
v 11.26013478 5.24403654 -114.65590364
v 9.33278427 7.99355707 -118.16627814
v 10.56871736 7.73130979 -117.91182992
v 15.44585654 21.72813315 -116.04239738
v 1.80749571 7.51304286 -114.71043088
v 10.11821830 5.47207892 -96.88853409
v 0.07601420 7.57819782 -95.14892657
v 0.07601420 7.57819782 -95.27615068
v 16.81498151 21.72813315 -96.95084936
v 14.09044145 14.77777400 -92.07475532
v 3.20600029 7.41205192 -92.07475532
v 3.63299567 7.46906252 -118.43890334
v -0.93858633 9.18425529 -118.12473707
v 3.03755288 8.46755432 -118.48563887
v 5.17644397 8.68256644 -118.57910995
v 7.28007584 8.22811275 -118.39995583
v 2.04841407 7.56842237 -116.04239738
v 3.03755288 7.40064907 -116.74343413
v 13.44211536 21.72813315 -116.37993509
v 0.77918163 7.77529013 -114.71043088
v 2.35592928 7.62869145 -92.07475532
v 1.24143438 8.06359792 -92.07475532
v -0.13356835 9.15167780 -92.07475532
v -2.09225834 11.19101433 -106.49272752
v -2.18235705 10.87990450 -108.54650497
v -1.76711536 9.85209003 -108.54650497
v -1.99236213 9.58332946 -113.47452902
v -2.02957938 9.47256308 -114.71043088
v -2.12555585 9.37646171 -116.76420466
v -0.93858633 8.66301922 -116.76420466
v 16.22541464 21.72813315 -96.60552362
v 13.18356923 16.48156391 -92.07475532
v 13.20119700 16.45061751 -92.07475532
v 2.26387070 7.68407097 -117.41071783
v -2.11772006 9.45464693 -117.93519401
v -0.93858633 9.99868871 -118.12473707
v 1.11608013 9.99868871 -118.22080171
v 9.33278427 21.72813315 -116.45003840
v 11.38744890 21.72813315 -116.45523287
v 1.26493807 7.89745570 -116.74343413
v -0.13356835 10.20392539 -92.07475532
v -1.99432016 11.55099406 -105.40223041
v -2.09225834 11.95984001 -106.49272752
v -2.18235705 12.14552947 -108.54650497
v 15.58296264 21.72813315 -96.28356566
v 11.36198718 17.65109117 -92.07475532
v 14.22167346 21.72813315 -95.70456223
v -2.11772006 9.83905977 -117.93519401
v 7.26832399 21.72813315 -116.13067766
v 0.28167702 11.23173619 -92.07475532
v -1.99432016 11.75134485 -105.40223041
v 2.14047448 15.81373284 -92.07475532
v 2.48912115 16.52554425 -92.07475532
v 2.53025261 16.60861536 -92.07475532
v 2.55375630 16.65422311 -92.07475532
v -1.51444148 12.98765448 -106.49272752
v -1.63392165 13.17334394 -108.54650497
v -2.11772006 11.99404490 -110.60287966
v 9.64225751 18.37593284 -92.07475532
v 13.34418086 21.72813315 -95.56954641
v 7.28007584 19.18548038 -92.07475532
v -1.51444148 13.02185937 -110.60287966
v 2.12284487 17.88564685 -113.73157448
v 5.41736232 21.72813315 -114.66369534
v 6.12444948 21.72813315 -115.80612246
v 3.67216910 18.45411807 -92.07475532
v 4.86109480 21.72813315 -98.27762507
v -0.60756927 14.61000069 -108.54650497
v 2.06016591 17.96545948 -112.65665343
v 4.77099426 21.72813315 -100.33140252
v 12.00051945 21.72813315 -95.48126981
v 7.24090241 19.18873519 -92.07475532
v 4.89439231 21.72813315 -112.65665343
v 5.19602976 19.25063534 -92.07475532
v 5.40561047 21.72813315 -96.39781094
v 4.79645781 21.72813315 -110.11734731
v 4.79841584 21.72813315 -110.60287966
v 2.01315853 18.02247008 -110.60287966
v 9.62854580 21.72813315 -95.41635730
v 5.22540938 19.26366560 -92.07475532
v 5.93053851 21.72813315 -96.08623824
v 9.33278427 21.72813315 -95.41635730
v 7.32316717 21.72813315 -95.43193704
v 7.28007584 21.72813315 -95.43972874
v 14.09071697 14.77573147 -92.07475532
v 13.76673852 14.77573147 -61.29556268
v 14.08774503 14.73908732 -92.07475532
v 13.20200703 16.45152488 -92.07475532
v 12.97611370 16.48676206 -34.59505458
v 12.91072362 16.45434621 -26.37691774
v 12.88694441 16.42333735 -23.08831111
v 13.80091953 12.72502883 -83.89037886
v 13.43681619 14.77713846 -34.59505458
v 13.81280914 12.72502883 -85.94322505
v 13.82024083 12.72502883 -90.05567135
v 13.82321277 12.72502883 -92.07475532
v 13.18268573 16.48112308 -92.07475532
v 11.75747959 17.48180802 -26.37691774
v 12.88843038 16.45011790 -24.32406603
v 13.23470207 14.77713846 -23.08831111
v 13.26145139 14.77713846 -24.32406603
v 11.73221441 17.47757970 -24.32406603
v 11.72627053 17.45220982 -23.08831111
v 13.77417022 12.72502883 -81.83753267
v 12.03092951 8.61658492 -67.46085449
v 13.74147518 12.72502883 -79.78468647
v 12.09037387 8.61658492 -77.72508637
v 12.12158294 8.49255684 -92.07475532
v 11.36068121 17.65093688 -92.07475532
v 11.68465782 17.51563452 -42.81319235
v 11.70100534 17.51422386 -34.59505458
v 10.73055781 18.02302479 -26.37691774
v 10.69934874 18.02161413 -23.08831111
v 12.76210814 12.92516655 -23.08831111
v 12.78885929 12.88993305 -24.32406603
v 13.45910759 12.72502883 -63.34840911
v 11.82435564 8.61658492 -53.08417722
v 11.04116068 6.90837199 -48.97848392
v 11.15113540 6.74487842 -67.46085449
v 11.75599362 8.61658492 -48.97848392
v 12.10226347 8.45873033 -92.07475532
v 11.11844036 6.61521504 -77.72508637
v 11.09317518 6.57574956 -85.94322505
v 9.64270385 18.37537813 -92.07475532
v 9.33061501 18.58679013 -26.37691774
v 9.33061501 18.58256181 -23.08831111
v 9.88345873 18.35846487 -23.08831111
v 12.32667083 11.89911173 -23.08831111
v 10.94307556 6.99716657 -42.81319235
v 11.60440620 8.61658492 -42.81319235
v 9.33210098 5.72869090 -77.72508637
v 9.33210098 5.63707866 -85.94322505
v 11.09466115 6.76320234 -92.07475532
v 7.27825741 19.18579263 -92.07475532
v 6.52032579 19.67767664 -23.08831111
v 7.27677144 19.39438698 -26.37691774
v 7.27677144 19.40002228 -23.08831111
v 11.99526253 11.15071494 -23.08831111
v 11.77828503 10.67151220 -23.08831111
v 10.87768548 7.06763724 -40.75359316
v 9.33061501 6.51937449 -42.81319235
v 9.33210098 6.15856453 -57.18986984
v 1.11821082 6.13882996 -83.89037886
v 7.27825741 5.80057222 -85.94322505
v 9.33210098 6.15151490 -92.07475532
v 9.36479602 6.16138219 -92.07475532
v 7.23813068 19.18861028 -92.07475532
v 4.20194996 19.91445852 -50.01841301
v 4.90935121 20.03426196 -23.08831111
v 5.93478703 19.86512942 -23.08831111
v 11.21949742 9.65109636 -23.08831111
v 10.65327812 7.31428273 -34.59505458
v 10.55816495 7.40871262 -32.53545448
v 9.33061501 7.09441411 -34.59505458
v 3.98200051 7.56656721 -33.44032825
v 1.11821082 7.87381975 -32.53545448
v 1.11821082 6.78011559 -59.24271626
v -0.59827873 6.87172783 -83.89037886
v -0.52991671 7.00844085 -85.94322505
v 1.11821082 6.36292690 -85.94322505
v -0.54626423 7.22267050 -59.24271626
v 3.20623724 7.41294461 -92.07475532
v 1.11821082 6.80125716 -87.99607124
v 5.22738578 19.26189860 -92.07475532
v 4.19897802 19.91445852 -50.01841301
v 3.95673717 20.03426196 -23.08831111
v 10.83755875 8.95766397 -23.08831111
v 10.43630245 7.52569473 -31.15788758
v 9.33061501 7.27763857 -32.53545448
v 7.27677144 8.28114116 -23.08831111
v 5.22589980 8.55034256 -23.08831111
v 3.17205623 8.82376860 -23.08831111
v 1.12713032 9.11410790 -23.08831111
v 0.40932359 9.31001731 -23.08831111
v -0.15095182 9.47632852 -23.08831111
v -0.68447608 8.78853143 -32.53545448
v -0.90888160 8.61658492 -83.89037886
v -0.81822818 8.61658492 -85.94322505
v -1.09167626 8.61658492 -59.24271626
v -0.55963981 8.61658492 -87.99607124
v -0.13460430 9.15216272 -92.07475532
v -0.29361975 7.26072532 -87.99607124
v 2.35765220 7.62999191 -92.07475532
v -0.06327034 7.46931967 -89.27910172
v 5.19617671 19.25062432 -92.07475532
v 3.67139764 18.45289476 -92.07475532
v 3.38457398 18.72632447 -67.46085449
v 1.97868547 18.12309366 -30.48260828
v 2.92981538 19.22243679 -23.08831111
v 3.54359126 19.71432447 -23.08831111
v 9.33061501 8.20644218 -23.08831111
v -0.59679092 10.63063973 -23.08831111
v -1.03074593 10.67151220 -32.53545448
v -0.68596021 10.67010154 -53.08417722
v -0.57598733 10.67010154 -59.24271626
v -0.26092471 10.49674436 -79.78468647
v -0.21931384 10.40372147 -83.89037886
v -0.13311649 10.20499441 -92.07475532
v 1.24304709 8.06268320 -92.07475532
v 2.55382243 16.65448026 -92.07475532
v 2.55382243 17.00683727 -85.94322505
v 2.52409933 17.07448661 -83.89037886
v 2.49734818 17.14213962 -81.83753267
v 2.13175703 17.87644448 -48.09386913
v 1.41246617 16.83065876 -30.48260828
v 1.32478469 16.83065876 -23.08831111
v 1.70226544 17.65798652 -23.08831111
v 1.95045018 18.19497131 -23.08831111
v -0.32334284 12.80254913 -23.08831111
v 1.07957189 14.77573147 -59.24271626
v 2.02178414 16.11467414 -81.83753267
v -0.32037090 10.63768570 -73.61939398
v 0.29191901 11.25923676 -92.07475532
v 2.52855725 16.60937947 -92.07475532
v 2.13175703 15.83138081 -91.51427419
v 2.11243757 15.87507461 -90.05567135
v 0.46133809 14.72922003 -23.08831111
v 2.13918872 15.81306057 -92.07475532
v 44.25885196 99.34820570 -19.26920360
v 46.35933280 99.34820570 -19.10587902
v 40.15019544 99.34820570 -18.89718916
v 47.21258240 102.06363523 -29.01417673
v 47.40844773 102.06363523 -29.01417673
v 47.38593407 99.34820570 -18.17735461
v 38.08798753 99.34820570 -18.46468523
v 46.48315516 102.23260613 -29.01417673
v 47.70111884 102.22964154 -29.01417673
v 47.61556896 99.34820570 -17.54523093
v 48.43504807 102.64762741 -29.01417673
v 36.53908027 99.34820570 -17.62689505
v 46.18823213 102.30671734 -29.01417673
v 47.84520294 99.34820570 -16.43221465
v 49.38510529 103.38281026 -29.01417673
v 49.76107436 103.67629048 -29.01417673
v 35.74436489 99.34820570 -16.01180788
v 39.29694584 107.22769175 -29.01417673
v 39.54909347 106.64369590 -29.01417673
v 40.28752608 105.02511146 -29.01417673
v 40.83684774 104.49447832 -29.01417673
v 41.53925932 103.99941665 -29.01417673
v 42.06381725 103.77115385 -29.01417673
v 44.25885196 102.91442627 -29.01417673
v 47.88122442 99.34820570 -15.97853609
v 49.99521309 104.10909933 -29.01417673
v 35.67232284 99.34820570 -15.51276036
v 39.68417266 108.69509285 -29.01417673
v 35.49446826 99.34820570 -14.04285018
v 47.90598907 99.34820570 -14.48140454
v 50.55579158 105.17333387 -29.01417673
v 39.84401650 109.28205330 -29.01417673
v 39.16186665 108.09923863 -22.26044333
v 35.30535776 99.34820570 -3.77463887
v 47.90598907 99.34820570 -13.98840743
v 51.90658160 108.23856725 -29.01417673
v 45.79875432 123.66256580 -29.01417673
v 46.60022361 125.71692368 -26.37075343
v 45.78524649 123.66256580 -28.42439680
v 46.18598113 125.71692368 -3.77463887
v 46.33006523 125.71692368 -11.99223203
v 35.30760876 99.34820570 -1.72099367
v 46.18147822 125.71692368 -1.72099367
v 47.80467945 99.34820570 -4.02567065
v 55.94769945 117.76332276 -29.01417673
v 47.18781774 127.00645643 -26.37075343
v 46.60247552 125.38194280 -29.01417673
v 47.16305309 127.05388627 -24.31711191
v 46.96943968 127.50744729 -3.77463887
v 35.87043916 99.34820570 0.27820878
v 36.89028652 102.58537458 -0.26318066
v 39.08757315 108.34232440 -0.59587656
v 45.16838478 122.92441835 -0.43557903
v 47.09776495 127.19321857 -0.31459636
v 46.96943968 127.47187582 -1.72099367
v 47.80017654 99.34820570 -3.77463887
v 57.80728857 122.22481064 -29.01417673
v 47.53902400 128.53611036 -3.77463887
v 47.89473225 128.07958475 -24.31711191
v 47.98478504 128.03511950 -26.37075343
v 47.26661463 126.86119861 -27.97072007
v 46.84786924 125.90665042 -29.01417673
v 36.08656531 99.34820570 0.62300184
v 37.29552316 101.66046866 1.10389811
v 45.25843757 120.65365605 1.38517831
v 47.60431213 128.50053522 -1.72099367
v 46.82535558 125.61909939 0.35684586
v 47.24635197 124.86909356 1.43054359
v 47.71912958 126.23866670 1.05550578
v 48.33148746 127.89579088 0.45060347
v 48.94384717 129.04895960 -0.15429883
v 57.55514186 122.79398351 -3.77463887
v 47.70336984 99.34820570 -1.72099367
v 57.95812658 122.65169030 -29.01417673
v 48.56787626 129.31279754 -3.77463887
v 48.92133351 129.11417334 -24.31711191
v 49.19599388 128.93038314 -27.92232774
v 48.25269149 127.74756847 -29.01417673
v 47.33415376 126.75448054 -29.01417673
v 49.01138630 129.04599133 -26.37075343
v 36.78447398 99.34820570 1.52128151
v 36.98259031 100.29089552 1.42146980
v 38.91197048 104.64862992 1.51523109
v 38.61929845 103.11897599 1.62713996
v 48.63316532 129.25053737 -1.72099367
v 49.09018318 127.22582544 1.50615730
v 48.39002260 125.61909939 1.56967384
v 50.42071147 129.12307080 -0.03029279
v 50.42071147 129.56180884 -1.72099367
v 50.42071147 128.31081215 0.99803966
v 57.92886085 123.79596523 -5.82828040
v 57.89508945 123.82264659 -3.77463887
v 57.42456375 123.17046872 -1.72099367
v 56.84597544 121.60820792 -1.72099367
v 55.94995137 119.37894628 -1.61816226
v 55.61225202 118.39771672 -2.23516173
v 58.30482992 123.66256580 -29.01417673
v 55.53570890 118.57558141 -0.86505959
v 49.45489634 103.98459368 -0.59889993
v 47.63132779 99.34820570 -1.37015019
v 50.42071147 129.62999085 -3.77463887
v 50.42071147 129.33947523 -24.31711191
v 50.42071147 129.25053737 -26.37075343
v 50.44997904 128.98670677 -29.01417673
v 50.19783049 128.93334406 -29.01417673
v 49.53144131 128.78808992 -29.01417673
v 36.93531291 99.34820570 1.56967384
v 38.08348462 99.34820570 1.79953466
v 42.20564943 109.28205330 1.76626654
v 50.42071147 125.71692368 1.73299842
v 50.42071147 127.28214908 1.53942909
v 48.36525794 123.66256580 1.69367621
v 51.89307378 128.97780932 -0.34786816
v 52.19249972 129.10825150 -1.72099367
v 52.47616592 126.95309739 1.44869118
v 53.57931123 126.78708741 1.38517831
v 57.92886085 125.47977076 -5.82828040
v 57.89508945 125.55388197 -3.77463887
v 57.76226310 124.19913180 -1.72099367
v 57.64069082 124.59043631 -0.64729226
v 58.10671452 125.54795278 -29.01417673
v 58.08870286 125.57759505 -24.31711191
v 58.07294311 125.60427641 -22.26044333
v 58.05943529 125.59834722 -20.20680181
v 57.97838832 125.53016521 -9.93859050
v 55.80586543 119.94515455 -0.33576732
v 53.60407680 114.16745624 -0.54748423
v 47.47823786 99.34820570 -0.66543985
v 51.67919863 109.75043361 -0.38113628
v 47.53677208 99.61203998 -0.42045482
v 52.25103302 129.11714161 -3.77463887
v 52.04391179 129.02228192 -24.31711191
v 52.00113639 129.00152608 -26.37075343
v 51.89982769 128.94817071 -29.01417673
v 50.72689133 128.98670677 -29.01417673
v 38.43469087 99.34820570 1.84187657
v 40.15019544 103.11897599 1.86002416
v 46.31430641 117.49948849 1.77231329
v 42.20564943 107.22769175 1.86002416
v 46.31430641 115.44513061 1.81768224
v 50.42071147 123.66256580 1.72089758
v 52.47616592 123.66256580 1.63621376
v 52.47616592 125.71692368 1.61806617
v 54.36952461 127.26436518 0.35079544
v 56.00848467 126.99163345 -0.32367015
v 54.52936845 128.08551394 -1.72099367
v 53.21910007 128.67247439 -1.72099367
v 54.52936845 128.18630650 -3.77463887
v 53.27763521 128.70508126 -3.77463887
v 54.36952461 125.53312980 1.44566780
v 55.57623238 124.72680034 1.37308114
v 54.94811292 126.09637348 1.04643199
v 57.50561071 126.57957677 -3.77463887
v 57.39754810 126.26238346 -1.72099367
v 57.76226310 125.23372039 -1.72099367
v 57.64069082 124.82166371 -0.64729226
v 55.57623238 124.58747172 1.37308114
v 56.49026811 123.90268698 0.30844985
v 56.10304129 121.60820792 0.01507617
v 57.64294090 126.28016736 -29.01417673
v 57.44707741 126.60032894 -28.42439680
v 57.48535081 126.62997489 -22.26044333
v 58.09545861 125.57166586 -28.42439680
v 58.09545861 125.57463046 -26.37075343
v 51.98988048 111.33641118 -0.01517226
v 49.70254106 105.17333387 -0.26620403
v 47.08425713 99.34820570 -0.09683271
v 47.82494119 101.06461444 -0.05751417
v 54.52936845 128.00547355 -29.01417673
v 53.07051397 128.62504454 -24.31711191
v 53.39245357 128.43235320 -29.01417673
v 52.92867995 128.60132778 -29.01417673
v 40.15019544 99.34820570 1.85397741
v 40.15019544 101.06461444 1.88422216
v 44.25885196 109.28205330 1.82675604
v 46.31430641 109.28205330 1.73299842
v 46.31430641 107.22769175 1.69670325
v 48.36525794 111.33641118 1.65133429
v 54.50460288 123.80485902 1.45776497
v 56.37094591 127.18432479 -1.72099367
v 56.47676029 125.45901860 0.19957170
v 56.47901036 127.24954221 -3.77463887
v 54.52936845 128.17444812 -5.82828040
v 56.45424479 127.21693166 -16.09951508
v 56.46325246 127.19618317 -20.20680181
v 56.42047706 127.17246641 -28.42439680
v 54.52936845 128.10033692 -16.09951508
v 57.48985281 126.62700662 -20.20680181
v 46.31430641 105.17333387 1.63621376
v 47.59080431 105.17333387 1.46079201
v 47.42195555 103.85415517 1.40937264
v 53.39470365 118.87499082 1.34283272
v 51.17490337 112.89867198 1.27024606
v 57.41555976 126.57364758 -29.01417673
v 57.12063581 126.76633892 -29.01417673
v 56.38670566 127.17543100 -29.01417673
v 47.03923073 102.48458570 1.25209848
v 46.62498826 99.34820570 0.34474502
v 42.54334693 99.34820570 1.71787421
v 44.25885196 101.06461444 1.64831092
v 44.35340766 99.34820570 1.55454963
v 44.62806895 99.34820570 1.52128151
v 45.05131634 99.34820570 1.46381539
v 45.41377850 99.57350024 1.42752022
v 45.36875210 99.34820570 1.40937264
v 46.39310237 99.34820570 0.55646193
v 48.36717189 101.59456796 -85.76891457
v 46.36834782 101.74867547 -83.89097949
v 46.13052355 101.81356594 -85.76891457
v 49.59203550 101.92982436 -85.76891457
v 47.49423271 102.03526769 -32.54224880
v 47.10519022 102.03526769 -32.54224880
v 45.26033315 102.08393187 -85.76891457
v 46.11127756 101.81626971 -85.76891457
v 46.18826060 102.30833739 -29.01973121
v 44.25954627 102.91395973 -29.01973121
v 49.38857868 102.09474695 -72.71782461
v 47.40900060 102.06500548 -29.01973121
v 50.47597160 103.12214263 -85.76891457
v 53.34086154 106.24759366 -79.78508139
v 53.34086154 106.17188812 -77.72935325
v 53.27212664 106.34221825 -36.64814691
v 47.21241801 102.06500548 -29.01973121
v 46.47969830 102.23263552 -29.01973121
v 44.41626388 102.39485435 -85.76891457
v 42.06551445 103.77102527 -29.01973121
v 41.10046986 104.09817037 -34.59797509
v 49.76112396 103.67639701 -29.01973121
v 48.52251281 102.60303725 -32.54224880
v 48.43590770 102.64900133 -29.01973121
v 51.30354549 104.49290602 -85.76891457
v 53.34086154 106.55040115 -80.94628978
v 53.34086154 106.29625784 -67.45071811
v 53.27212664 106.36114464 -36.10365695
v 53.34086154 106.33140317 -65.92281281
v 42.20435999 103.26543874 -85.76891457
v 41.53900125 104.00083834 -29.01973121
v 41.12796400 104.11168921 -32.90338938
v 40.28664350 105.02553025 -29.01973121
v 40.86814497 103.92513646 -77.72935325
v 53.27212664 106.41522003 -34.59797509
v 53.27212664 107.11547062 -32.69781657
v 49.99344976 104.11168921 -29.01973121
v 49.38445507 103.38169716 -29.01973121
v 51.34478716 104.58212674 -85.76891457
v 53.34086154 107.35069122 -83.11869328
v 53.34086154 106.85321599 -81.84636400
v 53.34086154 128.22846841 -65.92281281
v 53.27212664 111.82797558 -29.01973121
v 40.90938572 103.92513646 -85.76891457
v 40.83790023 104.49560979 -29.01973121
v 41.20357311 104.15765330 -29.33642491
v 39.54980018 106.64503309 -29.01973121
v 40.17804132 105.18234521 -30.48652067
v 40.07631291 105.17423390 -40.75404501
v 40.14504826 105.17423390 -67.45627443
v 40.20141139 105.17423390 -79.78508139
v 40.07356368 105.17423390 -42.80977223
v 40.07218884 105.17423390 -44.86549944
v 53.12915748 111.28453627 -29.01973121
v 52.33182651 109.28381663 -29.01973121
v 51.90704264 108.23749456 -29.01973121
v 50.55432948 105.17423390 -29.01973121
v 53.34086154 109.25407884 -85.76891457
v 53.34086154 109.09726388 -85.60223416
v 53.34086154 128.22846841 -66.15616538
v 53.27212664 128.47450042 -29.01973121
v 40.85577229 104.02787236 -85.76891457
v 39.29685400 107.22902526 -29.01973121
v 40.26464782 105.17423390 -85.76891457
v 39.30372776 107.22902526 -30.48652067
v 39.38208611 107.22902526 -38.70387320
v 53.34086154 128.05813460 -85.76891457
v 53.34086154 128.15276286 -77.72935325
v 53.27212664 128.33120430 -57.73879610
v 53.27212664 128.41502116 -42.80977223
v 53.27212664 128.46638911 -32.54224880
v 52.92845035 128.60157391 -29.01973121
v 52.94082120 128.59346260 -32.54224880
v 39.68452165 108.69712068 -29.01973121
v 39.45219630 107.22902526 -44.86549944
v 39.70239279 107.22902526 -63.34481954
v 39.74638323 107.23172903 -65.92281281
v 40.25090075 105.35267534 -85.76891457
v 39.84398757 109.28381663 -29.01973121
v 39.85910948 109.28381663 -30.48652067
v 52.47479567 128.36905708 -85.76891457
v 53.34086154 128.07976476 -84.75771763
v 53.34086154 128.14735532 -78.54053187
v 52.80472535 128.52046450 -57.18875019
v 53.27212664 128.30687405 -61.28909233
v 51.77782009 128.92060402 -57.18875019
v 51.91391595 128.95575302 -32.54224880
v 51.90154326 128.95034548 -29.01973121
v 51.90704264 128.95575302 -34.59797509
v 39.88660362 109.28381663 -32.54224880
v 40.37874845 109.28381663 -63.34481954
v 40.25227559 108.76471125 -65.92281281
v 39.77662706 107.23172903 -67.45627443
v 40.41449120 109.28381663 -65.40054721
v 40.14092419 107.23172903 -85.76891457
v 45.79784418 123.65925588 -29.01973121
v 45.36618609 122.42638107 -57.18875019
v 52.29883391 128.38527969 -85.76891457
v 51.50012900 128.81246058 -79.08502182
v 51.54274460 128.82868320 -77.72935325
v 52.47479567 128.40420608 -83.89097949
v 52.56965169 128.45287393 -77.72935325
v 52.76348551 128.50694565 -61.28909233
v 51.75719834 128.91249271 -59.23892132
v 50.42098332 129.20990001 -38.70387320
v 50.72616946 128.98549449 -29.01973121
v 50.42098332 129.20449247 -36.64814691
v 50.42098332 129.15041708 -34.59797509
v 43.53645140 117.72469118 -57.18875019
v 40.75954234 109.18918837 -83.89097949
v 40.19591247 107.39665163 -85.76891457
v 46.60204755 125.37879452 -29.01973121
v 47.24403576 126.90096166 -34.59797509
v 47.24403576 126.89825789 -36.64814691
v 45.88170145 123.65925588 -57.18875019
v 47.27702836 124.84076276 -85.76891457
v 40.78566163 109.14322796 -85.76891457
v 50.41960939 128.52587204 -85.76891457
v 50.41960939 128.60968522 -83.89097949
v 51.24443359 128.81246058 -79.08502182
v 51.03960101 128.82868320 -77.72935325
v 50.42098332 129.02334726 -59.23892132
v 49.38170538 128.80434928 -73.03451831
v 49.03940301 129.06931134 -38.70387320
v 50.45122806 128.98549449 -29.01973121
v 49.03527940 129.05849626 -36.64814691
v 46.84949481 125.90330744 -29.01973121
v 47.26878021 126.84959371 -32.54224880
v 48.06885996 127.92835734 -34.59797509
v 48.00837322 127.92565357 -36.64814691
v 48.01112199 127.90672718 -38.70387320
v 47.32789303 126.76037299 -58.39996237
v 46.81237767 125.71405092 -57.18875019
v 47.71693460 125.86815844 -85.76891457
v 47.67844354 125.77893772 -85.76891457
v 48.74384170 127.54984430 -85.76891457
v 49.58928581 128.78812666 -74.40685400
v 48.19808251 127.79317621 -57.18875019
v 49.23461076 128.90708517 -59.23892132
v 49.09576706 128.99090203 -34.59797509
v 49.53017392 128.78812666 -29.01973121
v 47.33339149 126.75226168 -29.01973121
v 47.94788556 127.41736327 -29.01973121
v 48.25307079 127.74450836 -29.01973121
v 42.20584045 99.35105642 -116.79005946
v 42.20584045 101.06486057 -116.82668525
v 46.31499153 105.17513393 -116.79005946
v 44.26041599 99.35105642 -116.70765326
v 40.15126491 99.35105642 -116.68934037
v 42.20584045 103.12142628 -116.81142511
v 48.36737485 115.44367586 -116.93656262
v 50.41975817 119.55394923 -116.95182275
v 50.41975817 115.44367586 -116.85109999
v 48.36737485 107.22884158 -116.74122629
v 46.31499153 103.12142628 -116.72596616
v 46.31499153 101.06486057 -116.65271458
v 46.31499153 99.35105642 -116.56420286
v 40.15126491 101.06486057 -116.48179667
v 48.36737485 119.55394923 -116.78700669
v 38.63390468 99.35105642 -116.13690809
v 48.36737485 117.49738352 -116.92130248
v 50.41975817 121.60765688 -116.95182275
v 52.47433279 123.66136820 -116.95182275
v 52.47433279 121.60765688 -116.90604235
v 54.52890741 121.60765688 -116.80227050
v 50.41975817 111.33911495 -116.74427905
v 50.41975817 109.28255291 -116.64050720
v 52.47433279 113.39282260 -116.60082865
v 50.41975817 107.22884158 -116.44211811
v 48.04723807 99.35105642 -116.08807125
v 46.31499153 115.44367586 -116.63745444
v 40.78715312 105.17513393 -116.07586388
v 48.16783776 121.80188745 -116.33834627
v 48.63050012 123.66136820 -116.20710691
v 50.41975817 123.66136820 -116.83583986
v 39.10314646 102.13598678 -115.75844648
v 38.93650003 101.06486057 -115.91410426
v 37.70419370 99.35105642 -114.69020404
v 52.47433279 125.71507586 -116.71986063
v 54.52890741 123.66136820 -116.81447420
v 56.58348387 123.66136820 -116.47874391
v 56.58348387 121.60765688 -116.42991074
v 54.52890741 119.55394923 -116.69544222
v 52.47433279 115.44367586 -116.73512077
v 51.79239877 107.22884158 -115.96903927
v 51.55997011 105.89493175 -115.83474715
v 49.53609209 101.70182238 -115.83474715
v 49.25761852 100.33363786 -115.54785002
v 49.08877803 99.35105642 -115.02288525
v 41.03712322 106.56045947 -115.87442570
v 45.16381574 116.75473591 -115.85306005
v 47.13068225 121.24775797 -115.92936439
v 46.83247318 119.55394923 -116.15216822
v 47.34776169 122.61880056 -115.71876793
v 49.05588829 125.21235841 -115.99651045
v 50.30573698 125.82361604 -116.32919165
v 38.94527074 102.54444333 -114.71156970
v 37.25907186 99.35105642 -112.65749469
v 50.91311896 127.01756539 -116.04839637
v 52.47433279 127.07469354 -116.11248967
v 53.97634289 126.91187960 -115.92631163
v 54.60784573 125.84075338 -116.26204560
v 56.58348387 125.24663677 -116.06976203
v 57.83113942 124.88102541 -115.88663308
v 57.94735375 123.66136820 -115.99040492
v 57.83113942 121.60765688 -115.92631163
v 56.63391689 119.65106451 -116.12164795
v 57.67545593 120.40228263 -115.79812136
v 51.21132895 104.52388916 -115.29452224
v 49.57775438 99.56528240 -114.17745032
v 49.38698801 99.35105642 -114.38804678
v 49.54486281 126.58054660 -115.55090278
v 41.12702356 108.38851625 -113.89360227
v 45.26029549 118.58565075 -113.78372490
v 47.20962056 122.96156212 -114.34836822
v 47.64158540 123.65279770 -114.90385326
v 48.73794373 125.82361604 -114.80313418
v 47.52756420 124.22406452 -112.65749469
v 37.21083199 99.35105642 -110.60037059
v 47.48809504 124.31546736 -110.60037059
v 50.30573698 127.40031409 -114.80313418
v 52.47433279 127.75164616 -114.71156970
v 55.34679218 126.60910884 -115.44713093
v 54.60784573 127.12039313 -114.74208997
v 56.53743713 126.25778044 -114.74208997
v 58.22144471 125.20950402 -114.71156970
v 58.80909212 123.66136820 -114.71156970
v 58.47799056 121.60765688 -114.71156970
v 57.89034316 119.95098088 -114.71156970
v 51.75731406 105.19512934 -114.65052549
v 51.51173023 103.99260947 -113.92412254
v 49.67204100 99.35105642 -112.76126654
v 49.17648707 127.02327784 -114.18050308
v 48.18976456 125.71507586 -112.65749469
v 37.05514941 99.35105642 -102.38407789
v 40.81785155 109.06261448 -90.05963884
v 47.99461283 125.71507586 -104.43815290
v 48.11521253 125.71507586 -110.60037059
v 47.27978724 124.83818021 -85.95149249
v 47.79946111 125.71507586 -94.17083795
v 50.41975817 128.04585009 -112.65749469
v 52.47433279 128.14010731 -112.65749469
v 55.82261154 126.84618461 -114.07978032
v 57.00229263 126.47200642 -112.65749469
v 58.52403914 125.44657979 -112.65749469
v 59.38796881 123.66136820 -112.65749469
v 58.92969089 121.60765688 -112.65749469
v 55.67131432 114.13547388 -113.96380109
v 49.68519799 99.35105642 -112.65749469
v 49.02957430 127.21465403 -112.65749469
v 37.01787248 99.35105642 -100.33305931
v 40.78495998 109.13973436 -85.77447089
v 48.99229828 127.26892412 -110.60037059
v 47.71833057 125.86931930 -85.77447089
v 47.27978724 124.84389266 -85.77447089
v 50.41975817 128.12011191 -110.60037059
v 54.52890741 127.47457959 -112.65749469
v 52.47433279 128.18295251 -110.60037059
v 55.97390875 126.90902521 -112.65749469
v 55.98925888 126.91759572 -110.60037059
v 56.12959040 126.98329071 -88.00556750
v 57.02202721 126.49485621 -106.49222424
v 57.15797612 126.52627651 -88.00556750
v 59.41866725 123.66136820 -110.60037059
v 57.15359168 126.53198896 -85.77447089
v 58.36177623 125.59510710 -85.77447089
v 58.47141298 125.50656233 -85.77447089
v 58.47360612 125.50370794 -85.95149249
v 58.94504103 121.60765688 -110.60037059
v 49.67642727 99.35105642 -111.89141686
v 37.08365471 99.35105642 -99.84472033
v 40.14030106 107.22884158 -85.77447089
v 40.19511943 107.39736798 -85.77447089
v 50.41975817 128.20008985 -106.49222424
v 48.91116866 127.32605227 -104.43815290
v 48.81030263 127.46601275 -94.17083795
v 50.41975817 128.43716562 -94.17083795
v 47.80603869 126.01499223 -85.77447089
v 54.52890741 127.50885795 -110.60037059
v 52.47433279 128.25435994 -104.43815290
v 54.52890741 127.62882303 -88.00556750
v 54.52890741 127.63453547 -85.95149249
v 56.12739910 126.98614509 -85.77447089
v 56.21510813 126.94901235 -85.77447089
v 59.16431086 123.66136820 -85.77447089
v 49.66107714 99.35105642 -110.65530927
v 59.10949340 123.48427497 -85.77447089
v 58.51526658 121.60765688 -85.77447089
v 58.45606284 121.45627150 -85.77447089
v 37.51561955 99.35105642 -98.20267996
v 40.26528611 105.17513393 -85.77447089
v 40.25213003 105.34936910 -85.77447089
v 48.74452131 127.54598702 -85.95149249
v 48.74452131 127.54884508 -85.77447089
v 50.41975817 128.52857213 -85.77447089
v 52.47433279 128.27721341 -102.38407789
v 52.47433279 128.29720881 -100.33305931
v 52.47433279 128.32862544 -96.22490929
v 52.47433279 128.34290839 -94.17083795
v 54.35349118 127.70023046 -85.77447089
v 54.52890741 127.63453547 -85.77447089
v 49.56240608 99.63668983 -100.33305931
v 49.43961233 99.35105642 -100.33305931
v 53.67155532 110.01091756 -85.77447089
v 37.60113544 99.35105642 -98.02870929
v 40.90994503 103.92119836 -85.77447089
v 40.85512757 104.02688416 -85.77447089
v 52.29891472 128.38860798 -85.77447089
v 52.47433279 128.36861625 -85.77447089
v 51.34508288 104.57815925 -85.77447089
v 51.30561556 104.49246886 -85.77447089
v 49.36506030 99.35105642 -99.05117132
v 38.54838879 99.35105642 -96.82312564
v 42.20584045 103.26709921 -85.77447089
v 50.47676877 103.12142628 -85.77447089
v 49.27735126 99.35105642 -98.27898430
v 38.77204673 99.35105642 -96.65831326
v 45.26029549 102.08457475 -85.77447089
v 44.43802628 102.38734551 -85.77447089
v 44.41609857 102.39591602 -85.77447089
v 49.59310268 101.93033131 -85.77447089
v 49.20060792 99.35105642 -97.70823913
v 40.15784341 99.35105642 -96.17302336
v 46.11106909 101.81322062 -85.77447089
v 48.36737485 101.59328220 -85.77447089
v 48.50551507 99.35105642 -96.22796205
v 40.63585545 99.35105642 -96.05399138
v 44.28015057 99.35105642 -95.38557988
v 46.31499153 99.35105642 -95.09562999
v 47.22058350 99.35105642 -95.14446315
v 48.20511378 99.35105642 -95.89528452
v 59.59076622 103.80000630 -36.64506292
v 59.59076622 103.89180589 -34.59281736
v 59.30438706 103.98843994 -34.59281736
v 53.27248482 106.35833800 -36.09948190
v 53.27248482 106.33901487 -36.64506292
v 53.27248482 106.33176686 -65.92208360
v 59.59076622 103.89663668 -65.92208360
v 59.59076622 104.07782230 -33.46914030
v 59.50293412 104.08748754 -33.48359224
v 53.27248482 106.41390488 -34.59281736
v 53.27248482 128.25516446 -65.92208360
v 59.59076622 118.44217830 -65.92208360
v 59.59076622 105.13594397 -32.76458425
v 53.27248482 111.82771475 -29.01417673
v 53.27248482 107.11448609 -32.69593569
v 53.27248482 128.28173928 -63.97461829
v 54.53119423 127.77683604 -65.92208360
v 58.84296271 123.66272744 -65.92208360
v 59.59076622 118.50740674 -36.68841875
v 59.59076622 107.22802972 -31.95524795
v 54.04750419 113.36658207 -29.01417673
v 53.27248482 128.47742093 -29.01417673
v 53.27248482 128.30348332 -61.88624104
v 54.95179387 127.59806765 -65.92208360
v 54.53119423 127.78167050 -65.40540830
v 58.34442949 125.52289515 -65.92208360
v 58.34257249 125.52772594 -65.40540830
v 58.18917765 125.53255672 -34.59281736
v 59.59076622 118.42043794 -34.71927553
v 59.59076622 118.50740674 -36.64506292
v 59.59076622 109.28387540 -31.84324172
v 58.30422378 123.66272744 -29.01417673
v 57.95846639 122.65292095 -29.01417673
v 57.80878189 122.22532494 -29.01417673
v 55.94824498 117.76334113 -29.01417673
v 53.27248482 128.46775569 -32.53695698
v 54.53119423 128.00633685 -29.01417673
v 54.53119423 128.00392329 -30.48109843
v 53.27248482 128.30831410 -61.29369121
v 56.21730495 127.05692802 -65.92208360
v 56.22472745 127.05934524 -65.40540830
v 53.27248482 128.33247170 -57.74200524
v 54.53119423 127.80824164 -61.29369121
v 57.52920624 126.29111836 -65.92208360
v 57.46178650 126.63174556 -36.64506292
v 58.15887045 125.60261594 -36.64506292
v 57.64425237 126.28145679 -29.01417673
v 58.10753189 125.54705274 -29.01417673
v 59.59076622 118.41318993 -34.59281736
v 59.59076622 115.44658535 -31.75652640
v 59.59076622 117.43237549 -32.66702997
v 53.27248482 128.45809412 -34.59281736
v 56.38925697 127.17530242 -29.01417673
v 56.43440919 127.14872760 -36.64506292
v 54.53119423 127.92661605 -42.80902649
v 53.27248482 128.41460972 -42.80902649
v 56.98366380 126.68247798 -65.92208360
v 57.25148760 126.55685556 -65.40540830
v 57.24406509 126.55202477 -65.92208360
v 57.12159462 126.76461600 -29.01417673
v 57.41539628 126.57376881 -29.01417673
v 53.34280120 128.23095176 -65.92569658
v 54.53073687 127.77816588 -65.92569658
v 54.53073687 127.76858513 -67.46059550
v 53.34280120 128.14950071 -78.54101311
v 53.34280120 106.33199829 -65.92569658
v 54.95220164 127.59849011 -65.92569658
v 57.20450410 126.55876583 -81.84007480
v 56.17806171 126.99238287 -81.84007480
v 54.53073687 127.68234003 -79.78641858
v 54.53073687 127.63442527 -85.77446906
v 54.35517553 127.70150520 -85.77446906
v 53.34280120 128.08242077 -84.68643877
v 53.34280120 106.29366428 -67.45088158
v 59.59138154 103.89558603 -65.92569658
v 56.21720943 127.05706761 -65.92569658
v 57.17881278 126.55157659 -83.89567435
v 56.21598612 126.94926215 -85.77446906
v 57.23019542 126.55876583 -73.62544991
v 58.46094873 125.52622343 -83.89567435
v 58.47257200 125.50705826 -85.77446906
v 56.12790054 126.98519730 -85.77446906
v 53.34280120 128.06085674 -85.77446906
v 53.34280120 106.26731355 -69.51619505
v 59.59138154 103.75663578 -77.73082086
v 59.59138154 118.44218198 -65.92569658
v 56.98367850 126.68333760 -65.92569658
v 58.36246503 125.59330337 -85.77446906
v 57.15495642 126.53241142 -85.77446906
v 57.24365365 126.55157659 -65.92569658
v 57.52870847 126.29044609 -65.92569658
v 58.34411356 125.52382825 -65.92569658
v 59.15401192 123.66238212 -83.89567435
v 59.16380023 123.66238212 -85.77446906
v 53.34280120 109.25473274 -85.77446906
v 53.34280120 106.17148402 -77.73082086
v 59.59138154 103.84767126 -79.35509387
v 53.34280120 106.24575319 -79.78641858
v 59.59138154 118.44937121 -67.46059550
v 58.94603290 123.66238212 -71.56985127
v 58.84326578 123.66238212 -65.92569658
v 59.59138154 118.45416159 -69.51619505
v 59.59138154 118.45416159 -69.52396655
v 59.59138154 118.44458084 -71.58928003
v 59.59138154 118.41822643 -75.73350847
v 59.59138154 118.38948051 -77.73082086
v 59.59138154 118.29125580 -79.78641858
v 59.59138154 118.22657105 -79.94768043
v 59.59138154 117.43120361 -81.78955912
v 59.59138154 116.70770648 -82.20922934
v 59.59138154 115.36133212 -82.55118088
v 59.59138154 114.37910335 -82.70466939
v 59.59138154 113.39208053 -82.71827089
v 59.59138154 112.44099287 -82.70078456
v 59.59138154 109.28347866 -82.62112438
v 59.59138154 108.33239466 -82.54146604
v 59.59138154 107.22798196 -82.40157536
v 59.11058079 123.48510153 -85.77446906
v 53.67251230 110.01176983 -85.77446906
v 59.59138154 106.27689430 -82.11402616
v 59.59138154 105.13655011 -81.56418193
v 59.59138154 104.57835395 -81.25137307
v 59.59138154 104.07526180 -80.90165003
v 53.34280120 109.09661732 -85.60349237
v 59.59138154 103.88360642 -79.78641858
v 59.50574258 104.08963659 -80.88804853
v 59.59138154 104.04411702 -80.80839019
v 53.34280120 106.54760922 -80.95022237
v 58.45666715 121.45595557 -85.77446906
v 58.51600314 121.60688542 -85.77446906
v 53.34280120 107.34776703 -83.12239627
v 53.34280120 106.85425562 -81.85173297
vn -0.17178242 -0.98487503 -0.02262707
vn 0.12367521 -0.99209494 -0.02126212
vn -0.18109146 -0.98345444 0.00482127
vn -0.37063716 -0.92801881 -0.03753909
vn -0.19966281 -0.97556694 -0.09167284
vn 0.24304328 -0.96037239 -0.13643620
vn 0.15164448 -0.98838442 0.01000907
vn 0.36676750 -0.93026184 -0.00972121
vn -0.07383627 -0.99221757 0.10026218
vn -0.29498053 -0.95547631 0.00717656
vn -0.34333772 -0.93841331 0.03872556
vn -0.83382662 -0.55182704 -0.01483540
vn -0.82671112 -0.56085575 -0.04460444
vn -0.82072810 -0.56708941 -0.06939012
vn -0.31454065 -0.93489078 -0.16444879
vn -0.83030303 -0.55715805 0.01310678
vn -0.09948305 -0.94347744 -0.31615413
vn 0.25023486 -0.89359546 -0.37265222
vn 0.65438214 -0.68684599 -0.31626983
vn 0.68075111 -0.72291322 -0.11821341
vn 0.35961911 -0.93294626 0.01689282
vn 0.34535210 -0.93812313 0.02563036
vn 0.68760365 -0.72608492 0.00138344
vn 0.34268998 -0.92998819 0.13298701
vn 0.01138884 -0.94598806 0.32400135
vn -0.25240033 -0.94994111 0.18413569
vn -0.80414798 -0.58999666 0.07245671
vn -0.78434675 -0.59678918 -0.16924202
vn -0.73137999 -0.54309184 -0.41247370
vn -0.18803626 -0.72999054 -0.65708156
vn -0.01208323 -0.68819246 -0.72542756
vn 0.21276288 -0.63353325 -0.74388680
vn 0.53364425 -0.55004539 -0.64239698
vn 0.81440117 -0.42608253 -0.39395990
vn 0.86847368 -0.41953239 -0.26409477
vn 0.86466279 -0.49158386 -0.10345801
vn 0.87635630 -0.48166337 -0.00019281
vn 0.72754309 -0.68559751 0.02524088
vn 0.72579877 -0.68270394 0.08444807
vn 0.68808963 -0.64936306 0.32382137
vn 0.37070372 -0.84542697 0.38448927
vn 0.32230525 -0.65302690 0.68532853
vn 0.04149793 -0.71588337 0.69698559
vn -0.13873992 -0.76228061 0.63220211
vn -0.71009999 -0.57817040 0.40184199
vn -0.76115797 -0.33466730 -0.55555048
vn -0.12578614 -0.42110140 -0.89824911
vn 0.04140572 -0.32118409 -0.94611117
vn 0.25687725 -0.28108998 -0.92466345
vn 0.74776519 -0.31084231 -0.58670630
vn 0.80547332 -0.35410920 -0.47520460
vn 0.54055753 -0.27255629 -0.79593381
vn 0.83394096 -0.32755710 -0.44412703
vn 0.93050474 -0.30774534 -0.19862963
vn 0.90879466 -0.41411410 -0.05100768
vn 0.94808169 -0.31746000 -0.01898062
vn 0.91228256 -0.40949606 0.00731466
vn 0.89184790 -0.45158613 0.02602484
vn 0.88942304 -0.44424683 0.10757048
vn 0.87442515 -0.37808920 0.30402174
vn 0.78688052 -0.39881595 0.47091920
vn 0.62689350 -0.34080749 0.70061031
vn 0.62058969 -0.49717038 0.60637451
vn 0.41073329 -0.32578617 0.85156417
vn 0.13103486 -0.34791827 0.92832254
vn -0.10093319 -0.41981866 0.90197826
vn -0.75227844 -0.30726397 0.58280872
vn -0.76052672 -0.30090640 -0.57537331
vn -0.72360815 -0.23060329 -0.65054851
vn 0.24933059 -0.16371580 -0.95447964
vn -0.70059097 -0.13920947 -0.69985214
vn 0.00082013 -0.15509109 -0.98789983
vn 0.07268400 -0.13213666 -0.98856307
vn 0.44705607 -0.20233528 -0.87132158
vn 0.65457095 -0.23348120 -0.71904340
vn 0.83373190 -0.18117034 -0.52160180
vn 0.93548122 -0.09471613 -0.34044639
vn 0.99150333 -0.12214908 -0.04472963
vn 0.99061051 -0.13650668 -0.00753245
vn 0.94543123 -0.32578347 0.00499208
vn 0.91621880 -0.39951813 0.03046915
vn 0.91021596 -0.40418201 0.09024304
vn 0.90395131 -0.15442229 0.39878038
vn 0.83198316 -0.34474474 0.43468965
vn 0.91756790 -0.38105037 0.11344500
vn 0.93140459 -0.29218566 0.21705536
vn 0.75391577 -0.31546936 0.57627259
vn 0.70173571 -0.16096589 0.69401512
vn 0.47676274 -0.22958768 0.84852035
vn 0.35550789 -0.21333220 0.91000193
vn 0.14812767 -0.16498432 0.97510941
vn -0.01503536 -0.16591451 0.98602551
vn -0.70238081 -0.13066788 0.69970501
vn 0.34821616 -0.01648208 -0.93726936
vn 0.16686372 -0.08609305 -0.98221407
vn -0.69832850 -0.06824070 -0.71251703
vn -0.69043090 -0.03767089 -0.72241683
vn 0.03238117 -0.04752287 -0.99834515
vn 0.05739616 -0.05200270 -0.99699619
vn 0.14082986 -0.00507891 -0.99002079
vn 0.63478342 -0.04159679 -0.77156965
vn 0.89961368 0.29116129 -0.32545405
vn 0.93832622 0.33910526 -0.06746495
vn 0.94318693 0.33180645 -0.01740393
vn 0.99451261 -0.10461660 0.00019695
vn 0.99140257 -0.13068622 0.00648485
vn 0.98314776 -0.18167289 0.02038242
vn 0.92652718 -0.37468039 0.03408796
vn 0.71377011 0.13127475 0.68796742
vn 0.97490104 -0.15135828 0.16327469
vn 0.95291056 0.25784174 0.15962175
vn 0.41427641 -0.10261842 0.90434756
vn 0.28188732 -0.14688055 0.94813799
vn 0.24643277 -0.09868163 0.96412283
vn 0.16073664 -0.02701041 0.98662768
vn -0.03142210 -0.02275828 0.99924707
vn -0.72042819 -0.02700465 0.69300359
vn 0.20248161 0.23310101 -0.95113885
vn 0.33268716 0.27788100 -0.90116669
vn 0.61440682 0.25452404 -0.74680772
vn -0.69529315 -0.01636170 -0.71854000
vn 0.04545499 -0.01548805 -0.99884632
vn 0.08549776 0.09412902 -0.99188198
vn 0.53802764 0.65726829 -0.52775435
vn 0.69815335 0.70988936 -0.09294620
vn 0.69280948 0.72089464 -0.01805401
vn 0.69198786 0.72190903 -0.00039277
vn 0.77379668 0.63343406 -0.00001284
vn 0.93978081 0.34176067 0.00341716
vn 0.99544155 -0.09510327 0.00717494
vn 0.95467725 0.29699583 0.01961691
vn 0.88826333 0.32494712 0.32465001
vn 0.63181551 0.58446457 0.50912703
vn 0.43516775 0.21487383 0.87433304
vn 0.79654307 0.60413436 0.02325561
vn 0.83690140 0.52848635 0.14247181
vn 0.33452047 -0.00734877 0.94235983
vn 0.23438421 0.32141948 0.91747129
vn -0.02151321 0.11318067 0.99334149
vn -0.67718492 0.16459307 0.71716784
vn -0.59150062 0.33410340 -0.73382691
vn -0.65383237 0.16104867 -0.73930140
vn 0.26611404 0.47475639 -0.83892174
vn 0.29061174 0.52393608 -0.80064711
vn -0.68820186 0.00058295 -0.72551902
vn 0.04713918 0.00900947 -0.99884770
vn -0.66467669 0.07458925 -0.74339851
vn -0.51751995 0.65239726 -0.55367041
vn 0.35307517 0.84169719 -0.40851409
vn 0.38420500 0.89044912 -0.24389932
vn -0.51841443 0.83777407 -0.17140913
vn 0.40637044 0.90594760 -0.11883607
vn 0.55238138 0.82233358 -0.13653682
vn 0.52208802 0.85060020 -0.06247723
vn 0.51128282 0.85932211 -0.01246540
vn 0.71391923 0.70021865 0.00362975
vn 0.60740897 0.79437178 0.00527424
vn 0.94654502 0.32249359 0.00710035
vn 0.67009135 0.72214327 0.17171684
vn 0.45010429 0.87370927 0.18449455
vn 0.38897659 0.85474870 0.34365954
vn 0.41636161 0.64636237 0.63942059
vn 0.64069449 0.76541217 0.06045469
vn 0.32666855 0.66520010 0.67141380
vn 0.31610387 0.78657630 0.53044893
vn 0.23415496 0.73987266 0.63068209
vn -0.57312706 0.60415441 0.55364503
vn 0.01291656 0.33253168 0.94300363
vn -0.57146003 0.75721883 -0.31631168
vn 0.40199888 0.91175953 -0.08421078
vn -0.54635064 0.83716519 -0.02560121
vn 0.40607668 0.91241935 -0.05091822
vn 0.39962634 0.91663608 -0.00878024
vn 0.40275342 0.91530299 -0.00318038
vn 0.42358326 0.90585297 0.00276102
vn 0.42944076 0.90184407 0.04751742
vn 0.41502377 0.90286938 0.11217017
vn -0.52394101 0.83178836 0.18334104
vn -0.54928730 0.83558723 -0.00880008
vn -0.54957272 0.83543609 -0.00404544
vn -0.54973160 0.83533565 -0.00308674
vn -0.54663364 0.83715687 0.01897501
vn 0.39115461 0.91995641 0.02604378
vn -0.55107463 0.83345631 0.04083300
vn -0.83305954 -0.55295146 0.01601543
vn -0.83204191 -0.55467652 -0.00634140
vn -0.83563874 -0.53163463 0.13810326
vn -0.91960975 0.38221930 0.09069901
vn -0.92455240 0.38104196 -0.00314291
vn -0.83469525 -0.55021432 -0.02341013
vn -0.56981325 0.82114344 0.03219174
vn -0.70821286 -0.50387361 0.49451586
vn -0.90560193 0.38012035 0.18813202
vn -0.90712648 0.37923356 0.18249236
vn -0.83527434 -0.53832338 -0.11191388
vn -0.92272832 0.38513215 -0.01567380
vn -0.92245353 0.38559522 -0.01989512
vn -0.56330145 0.82462000 -0.05189737
vn -0.90595103 0.37830649 -0.19009716
vn -0.54801590 0.83121285 0.09361498
vn -0.55447141 0.83211805 -0.01187491
vn -0.92158247 0.38781436 -0.01690465
vn -0.92254123 0.38554275 -0.01656702
vn -0.37818878 -0.61926791 0.68809919
vn -0.29207888 0.74284869 0.60238340
vn -0.41457683 0.78021451 0.46839234
vn -0.72097335 0.30984512 0.61983339
vn -0.76283644 0.34164760 0.54896036
vn -0.50132981 0.80920864 0.30634916
vn -0.52994955 0.81939089 0.21852243
vn -0.87762878 0.40117695 0.26234477
vn -0.89277551 0.36524493 -0.26371961
vn -0.77627985 -0.54542262 -0.31607556
vn -0.53256084 0.81246906 -0.23721927
vn -0.88525915 0.40261724 -0.23284241
vn -0.86190056 0.36224165 -0.35483577
vn -0.26708423 -0.62277591 0.73540206
vn -0.18534395 0.74017027 0.64637110
vn -0.67097694 0.29660492 0.67957006
vn -0.80264824 0.33391214 -0.49422513
vn -0.62307262 0.22091850 -0.75031695
vn -0.51286244 -0.57256130 -0.63964496
vn -0.70421855 0.29168807 -0.64729770
vn -0.37908949 0.74120271 -0.55399431
vn -0.81464537 0.37294942 -0.44414148
vn -0.09354078 -0.66587662 0.74017460
vn -0.13807278 0.73318570 0.66586382
vn -0.69806811 0.29846791 -0.65085930
vn -0.52114852 0.21392595 -0.82622026
vn -0.33972397 0.13635568 -0.93058839
vn -0.27237585 0.10259212 -0.95670594
vn -0.17445664 -0.66783588 -0.72357454
vn -0.50695621 0.20973877 -0.83606522
vn -0.13098862 0.72111229 -0.68032275
vn -0.39994997 0.17354879 -0.89995602
vn -0.00516082 -0.70729702 0.70689765
vn -0.01192608 0.68813796 0.72548185
vn -0.09557118 0.72988868 0.67685202
vn -0.10612642 0.72812134 0.67718276
vn -0.21479859 0.08442510 -0.97300255
vn -0.30611650 0.12430389 -0.94384386
vn -0.20138554 0.07048612 -0.97697266
vn -0.11005492 0.02071706 -0.99370957
vn -0.06029664 -0.69274811 -0.71865456
vn 0.01217215 0.69787690 -0.71611429
vn -0.15182891 0.09142130 -0.98416977
vn 0.00408179 -0.70551116 0.70868705
vn 0.33060247 0.58004005 0.74448341
vn 0.02943432 -0.71139022 0.70218058
vn -0.09470981 0.03422233 -0.99491652
vn -0.15035593 0.05281404 -0.98722023
vn -0.04891557 0.01108799 -0.99874137
vn -0.00706790 -0.00713448 -0.99994957
vn 0.01066894 -0.01854618 -0.99977108
vn 0.01057324 -0.71237336 -0.70172103
vn -0.03719532 0.01497307 -0.99919583
vn 0.04210105 0.69394031 -0.71880063
vn 0.03871172 -0.01924885 -0.99906501
vn 0.05201052 -0.02857656 -0.99823759
vn 0.03040355 -0.01637774 -0.99940352
vn -0.01021037 -0.00084893 -0.99994751
vn 0.55853986 0.58080144 0.59220175
vn 0.06836291 -0.71417345 0.69662242
vn 0.16575956 -0.72111978 0.67268866
vn 0.38556068 -0.17366178 0.90619234
vn 0.27019636 -0.76534169 0.58416267
vn 0.30055569 -0.76926429 0.56382508
vn 0.49917592 -0.21565641 0.83923519
vn 0.45208902 -0.75402722 0.47650653
vn 0.06032118 -0.71150186 -0.70009032
vn 0.13016448 0.66837326 -0.73234855
vn 0.06984433 -0.03183231 -0.99704989
vn 0.70510557 0.54517940 0.45343748
vn 0.52900922 -0.81212598 0.24617197
vn 0.84242620 -0.35132665 0.40851889
vn 0.82776289 -0.34260225 0.44433354
vn 0.15161080 -0.72902448 -0.66748593
vn 0.14405301 -0.06434492 -0.98747580
vn 0.43372581 0.58966348 -0.68130677
vn 0.20813768 -0.07581631 -0.97515670
vn 0.81579145 0.52883857 0.23412405
vn 0.55792667 -0.81498670 0.15657110
vn 0.87112406 -0.36327341 0.33041685
vn 0.87079761 -0.36116382 0.33357490
vn 0.88412494 -0.36489202 0.29185082
vn 0.24886643 -0.10617339 -0.96270074
vn 0.31525394 -0.13810235 -0.93890505
vn 0.50098620 -0.24528506 -0.82996871
vn 0.38176542 -0.75470900 -0.53354427
vn 0.70331092 0.55424673 -0.44515651
vn 0.56646176 -0.19671333 -0.80026554
vn 0.45125222 -0.15522090 -0.87879344
vn 0.92177399 -0.37735743 0.08907351
vn 0.82468624 0.55592257 0.10412833
vn 0.89542550 -0.36893028 0.24920599
vn 0.91325836 -0.38572654 0.13105039
vn 0.56019186 -0.82762327 0.03499727
vn 0.88935274 -0.37029517 0.26820364
vn 0.46298321 -0.19703977 -0.86418857
vn 0.63226313 -0.26243811 -0.72895101
vn 0.73909669 -0.31225175 -0.59685419
vn 0.52368097 -0.80427730 -0.28088479
vn 0.80405878 0.53843748 -0.25213994
vn 0.70373808 -0.28482153 -0.65086819
vn 0.92536065 -0.37835908 0.02349618
vn 0.92537727 -0.37755638 0.03358696
vn 0.83211315 0.55362598 0.03295419
vn 0.83091725 0.55183249 0.07111555
vn 0.92497089 -0.37905460 0.02732162
vn 0.92255521 -0.38581465 0.00623977
vn 0.92463199 -0.38011681 0.02380929
vn 0.55466764 -0.83206216 0.00404636
vn 0.84158042 -0.35411518 -0.40785394
vn 0.88189486 -0.38297596 -0.27493795
vn 0.57290572 -0.81614420 -0.07541673
vn 0.81162180 0.56791520 -0.13690285
vn 0.90634268 -0.37006528 -0.20394763
vn 0.87336674 -0.35843598 -0.32977899
vn 0.88861378 -0.36777954 -0.27405065
vn 0.83056312 0.55673774 0.01442204
vn 0.92531056 -0.37907326 0.01018993
vn 0.92287674 -0.38162163 -0.05160871
vn 0.92480182 -0.38027957 0.01135949
vn 0.83858550 0.54178910 -0.05691166
vn 0.92614166 -0.37674040 -0.01811908
vn 0.92527126 -0.37902996 -0.01447020
vn 0.90624121 -0.37214201 -0.20059213
vn -0.84030863 -0.54087979 0.03647555
vn -0.83315752 -0.55265950 -0.02039685
vn -0.82554107 -0.53422952 0.18188117
vn -0.91801531 0.38302809 0.10265174
vn -0.91018080 0.38131371 0.16177381
vn -0.56713536 0.82243785 0.04419802
vn -0.89546306 0.44506450 -0.00796817
vn -0.92280828 0.38335999 -0.03820989
vn -0.92428503 0.38014217 -0.03448362
vn -0.92897304 0.36823191 -0.03760773
vn -0.82672697 -0.56094200 -0.04320420
vn -0.92226992 0.38518767 -0.03238299
vn -0.92243596 0.38463946 -0.03412312
vn -0.92259685 0.38436275 -0.03286826
vn -0.68082863 -0.53371231 0.50162091
vn -0.85778022 0.35068545 0.37580954
vn -0.87351512 0.40452534 0.27079621
vn -0.51363228 0.85033900 0.11447911
vn -0.50052092 0.86571234 -0.00457854
vn -0.55903857 0.82858137 -0.03047601
vn -0.91753711 0.38213006 -0.11001034
vn -0.92438543 0.37455121 -0.07227005
vn -0.82961422 -0.54124324 -0.13709849
vn -0.91097787 0.39303094 -0.12508399
vn -0.39974001 -0.60791274 0.68603938
vn -0.52472610 0.22009608 0.82232611
vn -0.59457809 0.24927585 0.76442033
vn -0.65766669 0.27897550 0.69974795
vn -0.73962415 0.31414234 0.59520644
vn -0.51709792 0.81499110 0.26153252
vn -0.53163009 0.84404759 -0.07037837
vn -0.90865815 0.37870451 -0.17585011
vn -0.78390868 -0.53647529 -0.31254030
vn -0.90253790 0.37737248 -0.20740141
vn -0.55303848 0.81487144 -0.17358852
vn -0.42222686 0.18163577 0.88810637
vn -0.28706711 -0.64357931 0.70950556
vn -0.37109349 0.16212577 0.91433301
vn -0.40341264 0.17546998 0.89803593
vn -0.51418081 0.22531611 0.82755709
vn -0.65632225 0.29121993 0.69601153
vn -0.79226172 0.35896694 0.49342081
vn -0.47038887 0.81741879 0.33250690
vn -0.79788234 0.32742541 -0.50613869
vn -0.59577979 -0.56668730 -0.56913262
vn -0.86151121 0.38926233 -0.32599582
vn -0.79228438 0.33117222 -0.51245528
vn -0.43997919 0.75380603 -0.48805202
vn -0.18359168 -0.66093158 0.72764245
vn -0.29498470 0.12125771 0.94777666
vn -0.21297482 0.09885751 0.97204368
vn -0.31367110 0.14319109 0.93867287
vn -0.35033977 0.73731055 0.57761163
vn -0.67460451 0.28011291 -0.68296816
vn -0.34603821 -0.59748898 -0.72337022
vn -0.60580533 0.25155203 -0.75479897
vn -0.77914482 0.34417542 -0.52390518
vn -0.21719505 0.72624717 -0.65222033
vn -0.49647212 0.21066000 -0.84210320
vn -0.05039717 -0.69515885 0.71708738
vn -0.11654929 0.04220807 0.99228763
vn -0.04366136 0.02971211 0.99860446
vn -0.09170934 0.05174001 0.99444073
vn -0.15247987 0.07731113 0.98527807
vn -0.21580799 0.10236799 0.97105495
vn -0.15971170 0.73539800 0.65854533
vn -0.07971766 -0.66734383 -0.74047101
vn -0.22445128 0.09514829 -0.96982907
vn -0.09234417 0.71221983 -0.69585592
vn -0.00204234 -0.69924456 0.71487962
vn 0.00482648 0.01001824 0.99993817
vn 0.01444351 0.00795276 0.99986406
vn -0.00094202 0.01435228 0.99989656
vn -0.03485637 0.02904955 0.99897005
vn -0.12816328 0.07201103 0.98913527
vn -0.10894329 0.73190870 0.67263736
vn 0.06431926 -0.04525824 -0.99690256
vn 0.07537519 -0.05558817 -0.99560461
vn 0.09530654 -0.71423795 -0.69338359
vn 0.01238367 0.68147660 -0.73173512
vn 0.02022019 -0.71150950 0.70238549
vn 0.07211093 -0.03077292 0.99692178
vn 0.02792341 0.00276691 0.99960624
vn 0.02782573 0.00315626 0.99960781
vn 0.02047838 0.00606159 0.99977192
vn 0.01440449 0.00844273 0.99986061
vn 0.02378340 0.00564113 0.99970122
vn -0.01627981 0.02479045 0.99956010
vn -0.06574011 0.04215547 0.99694591
vn -0.03327683 0.71226874 0.70111761
vn 0.37638976 0.56492477 -0.73429609
vn 0.29250568 -0.73432185 -0.61254539
vn 0.07203633 -0.71899338 0.69127367
vn 0.16038126 -0.05771353 0.98536643
vn 0.12370380 -0.03734650 0.99161616
vn 0.06848247 -0.01278603 0.99757038
vn 0.03599651 0.00007144 0.99935191
vn 0.03361677 0.00101144 0.99943428
vn 0.02575743 0.70227720 0.71143748
vn 0.71923840 0.52478013 -0.45530422
vn 0.63004398 -0.27297430 -0.72700042
vn 0.53896619 -0.25087911 -0.80409895
vn 0.71743138 -0.36950750 -0.59055602
vn 0.49712032 -0.81949703 -0.28512453
vn 0.13008746 -0.72753787 0.67362148
vn 0.24678070 -0.09614231 0.96429038
vn 0.29493363 -0.10981579 0.94918631
vn 0.16174082 -0.05155978 0.98548541
vn 0.09413739 0.69136627 0.71634547
vn 0.07817945 0.69410171 0.71561917
vn 0.08873616 -0.02007558 0.99585283
vn 0.05492307 0.69817214 0.71382008
vn 0.80849925 0.54385667 -0.22483079
vn 0.84428984 -0.36290339 -0.39430419
vn 0.52771880 -0.82867906 -0.18655801
vn 0.21596875 -0.73333932 0.64464792
vn 0.40386819 -0.16074287 0.90058437
vn 0.42634868 -0.16456254 0.88946387
vn 0.47968358 -0.18220087 0.85831609
vn 0.45540537 -0.17014108 0.87387525
vn 0.36201197 0.60139365 0.71223101
vn 0.11316031 0.68641792 0.71834893
vn 0.82963959 0.54533582 -0.11961184
vn 0.91299948 -0.37896982 -0.15104245
vn 0.87513924 -0.43451693 -0.21289985
vn 0.56995683 -0.82102040 -0.03278272
vn 0.27949655 -0.76347957 0.58222043
vn 0.42759685 -0.17399423 0.88706648
vn 0.58379363 -0.23399067 0.77745313
vn 0.59925349 -0.23447366 0.76545239
vn 0.61138350 -0.23401070 0.75594260
vn 0.63538579 -0.24285132 0.73301305
vn 0.54827410 -0.19656779 0.81286937
vn 0.52507622 0.61672478 0.58646868
vn 0.83290904 0.55157773 -0.04499477
vn 0.92468541 -0.37695460 -0.05349881
vn 0.91892354 -0.37742518 -0.11458514
vn 0.92197355 -0.37868390 -0.08101403
vn 0.92460390 -0.38014060 -0.02451027
vn 0.92389916 -0.38168160 -0.02700924
vn 0.56382360 -0.82536356 0.02963004
vn 0.39576701 -0.75009136 0.52984095
vn 0.70589869 -0.30574907 0.63892452
vn 0.80651760 -0.33472908 0.48732515
vn 0.71349746 -0.27837668 0.64298352
vn 0.63107805 0.57516022 0.52051053
vn 0.54719005 0.60808667 0.57516402
vn 0.83034811 0.55723949 -0.00248339
vn 0.92807429 -0.37206444 -0.01568959
vn 0.92648699 -0.37628293 0.00574641
vn 0.92543789 -0.37887033 0.00468906
vn 0.92491225 -0.37967563 -0.01958951
vn 0.91538955 -0.37422364 0.14838681
vn 0.89025124 -0.40490616 0.20857548
vn 0.55461704 -0.82945742 0.06633489
vn 0.92648145 -0.37507843 0.03079432
vn 0.92492295 -0.37884775 0.03149470
vn 0.51605134 -0.81401189 0.26660017
vn 0.79198811 -0.36403850 0.49013345
vn 0.53459135 -0.82384412 0.18839575
vn 0.90599408 -0.36768994 0.20971132
vn 0.86800588 -0.34552595 0.35661970
vn 0.78232512 0.53110472 0.32541540
vn 0.82861317 0.55977149 0.00748913
vn 0.92389506 -0.37735838 0.06339224
vn 0.92841698 -0.37050867 0.02766274
vn 0.83264334 0.54409479 0.10327599
vn 0.92313619 -0.37281701 0.09395235
vn 0.80630785 0.56595956 0.17192277
vn 0.82709030 0.56198108 0.00994531
vn 0.93034685 -0.36564574 0.02753064
vn 0.82719624 0.56129273 0.02639791
vn 0.81330291 0.57896032 -0.05782152
vn 0.65329797 -0.23346777 -0.72020453
vn 0.65163351 -0.09642837 -0.75237978
vn 0.75460124 0.62828444 -0.18930302
vn 0.80113811 0.59700556 0.04197725
vn 0.94905939 -0.31436866 0.02141529
vn 0.94921763 -0.31430808 0.01401187
vn 0.94570019 -0.32433996 -0.02132455
vn 0.62700264 -0.27136185 -0.73022630
vn 0.92536398 -0.37835117 -0.02349224
vn 0.84998188 -0.52518299 -0.04139589
vn 0.44247041 0.19029384 -0.87636076
vn 0.64218245 0.69302626 -0.32759166
vn 0.79886615 0.58881609 0.12291654
vn 0.94271341 -0.31086878 0.12104556
vn 0.92207098 -0.38624123 0.02455227
vn 0.92388478 -0.38251313 0.01098287
vn 0.62270173 -0.27932397 -0.73090401
vn 0.83763194 -0.54622219 -0.00374864
vn 0.40837790 -0.91281231 -0.00108405
vn 0.40801620 -0.91236259 -0.03342587
vn 0.74939872 -0.66065980 -0.04393389
vn 0.51084894 -0.53020710 -0.67669327
vn 0.59650906 -0.32786571 -0.73258516
vn 0.61603881 -0.30686325 -0.72548683
vn 0.21409434 0.30027528 -0.92951513
vn 0.39390544 0.79527371 -0.46084512
vn 0.77322383 0.58536064 0.24388076
vn 0.86880308 -0.41086467 0.27635380
vn 0.90670057 -0.40496665 0.11788171
vn 0.89635371 -0.29773727 0.32848522
vn 0.83042383 -0.55674059 0.02088469
vn 0.82706420 -0.55946003 0.05449121
vn 0.83481202 -0.55040489 0.01197253
vn 0.37888735 -0.91774970 0.11907921
vn -0.05289235 -0.99858553 0.00541633
vn -0.04009282 -0.99905563 -0.01674538
vn 0.14824831 -0.98710095 -0.06044960
vn 0.14747133 -0.71689557 -0.68140513
vn 0.15487307 0.32861118 -0.93168075
vn 0.08960991 0.92089424 -0.37937300
vn 0.13497691 0.32966089 -0.93440084
vn 0.13330089 0.33198568 -0.93381817
vn 0.12820570 0.34104387 -0.93126386
vn 0.11878315 0.35678733 -0.92660313
vn 0.08421797 0.41808202 -0.90449697
vn 0.71208759 0.59384403 0.37454043
vn 0.80770947 -0.56750966 0.15980674
vn 0.77765210 -0.35080597 0.52172060
vn 0.80642983 -0.48159923 0.34312258
vn 0.71678716 -0.23132723 0.65780231
vn -0.06655857 -0.99164825 0.11047039
vn 0.66807352 -0.69776546 0.25845916
vn 0.55764326 -0.63908845 0.52971687
vn 0.07486839 -0.95973924 0.27073109
vn -0.19779253 -0.97401536 -0.11032764
vn -0.01937666 -0.99881731 -0.04459287
vn -0.03725693 -0.99791495 -0.05270369
vn -0.03503751 -0.68719614 -0.72562652
vn 0.01887771 0.49237342 -0.87017932
vn -0.00944004 0.95878034 -0.28399145
vn 0.55118232 0.58883654 0.59115952
vn 0.80310059 -0.21008226 0.55757949
vn 0.52117509 -0.14650676 0.84078076
vn 0.21303934 -0.49613890 0.84170091
vn 0.57292072 -0.26630367 0.77514141
vn -0.15954457 -0.97298575 0.16686596
vn -0.72071531 -0.68878806 0.07836104
vn 0.19459917 -0.86549180 0.46157894
vn -0.06202139 -0.94543773 0.31984505
vn -0.59196628 -0.78827187 -0.16793862
vn -0.66275350 -0.70123897 -0.26271984
vn -0.20240586 -0.94813885 -0.24508078
vn -0.08064291 -0.61117134 -0.78737939
vn -0.77191101 -0.63530250 -0.02332651
vn -0.82010265 -0.55928181 -0.12097727
vn -0.24634550 0.56086010 -0.79041119
vn -0.11288155 0.95995601 -0.25640243
vn 0.33173316 0.66358819 0.67052503
vn 0.27818084 0.66284338 0.69516478
vn 0.17267022 0.68342695 0.70930430
vn 0.09954410 0.00923984 0.99499025
vn 0.00616866 -0.53879164 0.84241647
vn -0.19303094 -0.94204586 0.27438778
vn -0.23900687 -0.92351853 0.29998206
vn -0.21992489 -0.95322048 0.20737346
vn -0.34296831 -0.88569071 0.31292925
vn -0.66346781 -0.65526472 0.36116286
vn -0.92386968 -0.26653683 0.27463236
vn -0.99404926 -0.08722556 0.06525156
vn -0.99776031 -0.06414845 0.01895642
vn -0.11854111 -0.59956525 0.79149827
vn -0.66220296 -0.07229465 -0.74582888
vn -0.45844843 -0.51386329 -0.72509968
vn -0.17229167 -0.59381133 -0.78594127
vn -0.12640297 -0.60968720 -0.78249844
vn -0.08183806 -0.60987786 -0.78825854
vn -0.99737056 0.00451466 -0.07232963
vn -0.98438945 0.04030679 -0.17132650
vn -0.36366065 0.46064124 -0.80966695
vn -0.41582128 0.89785470 -0.14473976
vn -0.25132535 0.94384847 -0.21444261
vn 0.08540455 0.70392718 0.70511885
vn 0.01454609 0.01695536 0.99975043
vn 0.03614230 0.71257235 0.70066709
vn -0.36418444 -0.35528726 0.86089526
vn -0.39053973 -0.76379316 0.51390536
vn -0.71523704 -0.40888502 0.56678834
vn -0.95884407 0.15078363 0.24058749
vn -0.98287434 0.17343591 0.06227376
vn -0.98156475 0.19018197 -0.01901232
vn -0.63344125 0.17300492 -0.75420255
vn -0.96785237 0.10395313 -0.22903173
vn -0.96724309 0.22161505 -0.12380456
vn -0.96912828 0.12830940 -0.21053996
vn -0.42420842 0.44682275 -0.78765262
vn -0.44088389 0.89115791 -0.10704660
vn -0.56527441 0.36556103 -0.73947953
vn -0.01461712 0.05656531 0.99829189
vn -0.00371744 0.03052411 0.99952712
vn -0.38066190 0.09471801 0.91985054
vn 0.00796650 0.72272994 0.69108463
vn -0.78433440 0.13724328 0.60496598
vn -0.86365265 0.25310784 0.43593637
vn -0.89628992 0.31573900 0.31140530
vn -0.90870842 0.40508332 0.10077950
vn -0.90232519 0.42730209 -0.05676423
vn -0.58679416 0.23838917 -0.77384961
vn -0.88868575 0.42615895 -0.16919274
vn -0.58767562 0.25757410 -0.76700257
vn -0.58690882 0.24022114 -0.77319586
vn -0.58679280 0.23839662 -0.77384834
vn -0.48109561 0.87352873 -0.07412538
vn -0.58217698 0.26652558 -0.76813676
vn -0.85773352 0.51035329 -0.06190904
vn -0.83517785 0.53765000 -0.11580346
vn -0.00333317 0.72663231 0.68701847
vn -0.02656699 0.72743086 0.68566650
vn -0.10347673 0.73379303 0.67144646
vn -0.35499687 0.25931713 0.89818252
vn -0.50580643 0.29205978 0.81170249
vn -0.65512688 0.30975740 0.68910022
vn -0.78856527 0.33306189 0.51694738
vn -0.84502957 0.37866479 0.37754206
vn -0.86643661 0.45497937 0.20562435
vn -0.84776790 0.47473899 0.23645821
vn -0.86037861 0.50306697 0.08168395
vn -0.44715334 0.89392970 -0.03071776
vn -0.81984307 0.57129251 -0.03849946
vn -0.21166011 0.79388995 0.57003399
vn -0.27699223 0.79755585 0.53589175
vn -0.53679305 0.34471099 0.77008283
vn -0.73719658 0.44182207 0.51120882
vn -0.80986445 0.54990577 0.20426262
vn -0.83462398 0.53473086 0.13215793
vn -0.82164574 0.56762211 0.05199440
vn -0.44371051 0.89583225 -0.02460807
vn -0.79947206 0.60001764 0.02869233
vn -0.78923246 0.61381579 0.01850136
vn -0.79372473 0.60784162 -0.02301338
vn -0.42470292 0.81864820 0.38657801
vn -0.64434946 0.46434833 0.60761370
vn -0.46812159 0.87484529 0.12453070
vn -0.77939145 0.56581522 0.26907641
vn -0.80275143 0.58914002 0.09221807
vn -0.82230984 0.55265981 0.13554946
vn -0.78636675 0.61741572 -0.02061941
vn -0.43387572 0.90088929 -0.01226153
vn -0.44858924 0.89334529 0.02649317
vn -0.43392833 0.90094467 -0.00221231
vn 0.77533456 0.63150699 0.00743292
vn 0.70864774 -0.70492629 0.02995491
vn 0.63945296 -0.61074160 -0.46700601
vn 0.78478444 0.61109746 -0.10331153
vn 0.80187614 0.59203012 0.08059145
vn 0.38174147 -0.91981909 0.09058862
vn 0.09252577 -0.99548482 -0.02118868
vn 0.63966612 -0.19861182 0.74255006
vn 0.60130044 -0.28888480 0.74497205
vn 0.56250638 -0.32807268 0.75891692
vn 0.45743919 -0.53885210 0.70738094
vn 0.10586391 -0.86057696 -0.49819687
vn 0.14589156 -0.33042063 -0.93249014
vn 0.29826323 -0.16852356 -0.93948861
vn 0.49088202 0.62533110 -0.60662662
vn 0.70041910 0.63273515 -0.33024128
vn 0.79008223 0.59072588 0.16374677
vn -0.10204467 -0.99459603 -0.01912112
vn 0.09133337 -0.99559327 0.02126628
vn 0.31128140 -0.94279306 0.11935299
vn 0.06162442 -0.99798404 0.01517522
vn 0.69302779 0.65898821 0.29231324
vn 0.56484580 -0.07012472 0.82221150
vn 0.02510145 -0.70247212 0.71126848
vn -0.09075728 -0.94990583 -0.29906860
vn -0.06041058 -0.53833518 -0.84056279
vn 0.05108014 -0.45576773 -0.88863187
vn -0.14740030 -0.98487821 -0.09103885
vn 0.15775534 0.03936363 -0.98669335
vn 0.27246897 0.01553694 -0.96203912
vn 0.19130055 0.70174931 -0.68625943
vn -0.24188337 -0.96888568 -0.05246883
vn -0.09624748 -0.99305113 0.06771916
vn -0.64854338 -0.75157640 0.12051721
vn -0.43534474 -0.90026104 -0.00223760
vn 0.57775164 0.69225914 0.43241222
vn 0.55729050 0.01470943 0.83018729
vn -0.13915454 -0.63776117 0.75755970
vn -0.21853273 -0.68441684 -0.69556957
vn -0.18922283 -0.25953696 -0.94701388
vn -0.07928038 -0.00770385 -0.99682259
vn 0.01784536 0.08126506 -0.99653276
vn 0.10739550 0.04838792 -0.99303818
vn -0.25719488 -0.96051800 -0.10609415
vn -0.23531343 -0.96559534 -0.11069433
vn 0.08278076 0.72828751 -0.68025337
vn -0.33460780 -0.94065541 -0.05661297
vn -0.18095998 -0.61268375 0.76933225
vn -0.29782865 -0.54811958 0.78157726
vn -0.66194286 -0.26616303 0.70070600
vn -0.98651180 -0.14342216 0.07889582
vn -0.98225696 -0.18289146 0.04149671
vn -0.92450771 -0.37590614 0.06308775
vn -0.92486854 -0.37527105 0.06156156
vn -0.92388011 -0.37780592 0.06089529
vn -0.86680054 -0.49811525 -0.02319534
vn -0.41525516 -0.89962109 -0.13507419
vn 0.26653015 0.83893329 0.47450249
vn 0.27653567 0.24029887 0.93047540
vn 0.30656679 0.16737752 0.93701738
vn -0.29236797 -0.93914534 -0.18035245
vn -0.70981355 -0.40619065 -0.57547709
vn -0.13618402 0.14393736 -0.98017139
vn -0.04317877 0.15441600 -0.98706195
vn -0.03156856 0.75745638 -0.65212212
vn 0.01481770 0.75438157 -0.65626891
vn -0.30901449 -0.93900861 -0.15090686
vn -0.67961462 0.12453152 0.72292176
vn -0.99238126 -0.04067907 0.11629549
vn -0.96410714 0.24914138 0.09179319
vn -0.96641236 0.25665682 0.01320688
vn 0.22563535 0.85170136 0.47296246
vn 0.15065713 0.29020550 0.94503079
vn 0.17428778 0.85982063 0.47992943
vn -0.74705286 0.20666319 -0.63182462
vn -0.11625327 0.79178022 -0.59964095
vn -0.59714067 0.24175609 0.76483790
vn -0.97056153 0.19749426 0.13786345
vn -0.59885029 0.27357656 0.75268466
vn -0.58740372 0.28967315 0.75567608
vn -0.58687891 0.29802076 0.75283250
vn -0.58263054 0.33569601 0.74016880
vn -0.85772850 0.50338519 0.10442783
vn -0.85286122 0.52213688 0.00089910
vn -0.93773036 0.33735220 -0.08279657
vn 0.11354746 0.30736957 0.94479147
vn 0.05311228 0.92319281 0.38064961
vn 0.05600203 0.41390135 0.90859752
vn -0.84235622 0.52630872 -0.11591001
vn -0.79406838 0.57309019 -0.20254145
vn -0.44456740 0.87262884 -0.20218487
vn -0.31128169 0.79982186 -0.51321409
vn -0.51126728 0.44676664 0.73416982
vn -0.48988165 0.86922754 0.06677913
vn -0.81001877 0.58628080 -0.01201768
vn -0.80800763 0.58518386 -0.06843627
vn -0.46104606 0.88725576 0.01461998
vn 0.01970856 0.94120062 0.33727284
vn 0.02048251 0.43436445 0.90050430
vn -0.46140843 0.88457135 -0.06808658
vn -0.23532104 0.48117390 0.84444993
vn -0.37114170 0.90601444 0.20344945
vn -0.44496667 0.89554585 -0.00151181
vn -0.45051046 0.89268910 -0.01210351
vn -0.80024573 0.59895835 -0.02925176
vn 0.00672739 0.94697099 0.32124864
vn -0.14164981 0.52355044 0.84013705
vn -0.13766523 0.95774906 0.25251736
vn -0.00061074 0.94989745 0.31256114
vn -0.02236138 0.94843261 0.31618911
vn -0.08827025 0.95245184 0.29162281
vn 0.74763207 0.15234778 -0.64640269
vn 0.99660849 0.08149483 0.01140673
vn 0.71121618 -0.07350256 -0.69912010
vn 0.61852753 0.36481758 -0.69593953
vn 0.82491280 0.56522943 0.00587923
vn 0.84164109 0.53995490 0.00943358
vn 0.65682687 0.38253266 0.64980553
vn 0.97054775 -0.24077119 0.00814262
vn 0.99984473 0.00958305 0.01478781
vn 0.96819274 -0.25015562 0.00499726
vn 0.96732141 -0.25354795 0.00164843
vn 0.70978079 -0.18608387 -0.67939975
vn 0.52833344 0.53092632 -0.66255643
vn 0.56939946 0.82204174 0.00562434
vn 0.79474942 0.60681618 0.01214425
vn 0.74417336 -0.01448163 0.66782954
vn 0.99966755 -0.01724776 0.01916541
vn 0.57325126 0.81928705 0.01231748
vn 0.41817402 0.59032551 0.69039574
vn 0.96922865 -0.24583208 0.01274425
vn 0.92131926 -0.38867543 0.01011137
vn 0.96259748 -0.27049936 0.01536869
vn 0.92425358 -0.38174171 0.00534595
vn 0.65029553 -0.31179033 -0.69274996
vn 0.33797180 0.64134848 -0.68880127
vn 0.51854546 0.85504960 -0.00088690
vn 0.50962548 0.86039616 -0.00056745
vn 0.42073555 0.90718225 0.00139735
vn 0.30815351 0.64687680 0.69756134
vn 0.67574477 -0.22707613 0.70128841
vn 0.94891635 -0.31446636 0.02585882
vn 0.95993970 -0.27971656 0.01656542
vn 0.93129004 -0.36398807 0.01454465
vn 0.68726440 -0.72614055 0.01968614
vn 0.71381855 -0.70026764 0.00939738
vn 0.93327268 -0.35872279 0.01789067
vn 0.60969683 -0.35373340 -0.70932536
vn 0.70347318 -0.71069325 0.00637092
vn 0.70241884 -0.71172580 -0.00735891
vn 0.25493149 0.66681194 -0.70026550
vn 0.37029727 0.92891322 -0.00040081
vn 0.26341603 0.65637640 0.70695263
vn 0.26725425 0.65430167 0.70743515
vn 0.63953919 -0.27634594 0.71737197
vn 0.66927512 -0.74229864 0.03261202
vn 0.92920010 -0.36877256 0.02437147
vn 0.19559680 -0.98057575 0.01459783
vn 0.19835226 -0.97965087 -0.03066855
vn 0.49019934 -0.57661927 -0.65361673
vn 0.14748801 0.71649903 -0.68181847
vn 0.23109055 0.67416942 0.70149323
vn 0.34994098 0.93676981 -0.00190684
vn 0.25322325 0.66369188 0.70384023
vn 0.63425289 -0.28359291 0.71923455
vn 0.62736547 -0.30929513 0.71466712
vn 0.64219445 -0.76492772 0.04971786
vn 0.08947805 -0.99516802 0.04042639
vn 0.12122884 -0.99236360 0.02276097
vn -0.23210103 -0.97209692 -0.03400999
vn -0.08037864 -0.99359545 -0.07941880
vn 0.05879808 -0.71417586 -0.69749239
vn 0.21127325 -0.64976401 -0.73018515
vn 0.03814834 0.70512082 -0.70806026
vn 0.06260456 0.99799809 -0.00897098
vn 0.05979566 0.72402996 0.68717181
vn 0.16917565 0.70454666 0.68919779
vn 0.60295520 -0.33102145 0.72585800
vn 0.61283825 -0.78805713 0.05826867
vn 0.52315987 -0.84809186 0.08392819
vn 0.03047334 -0.99668480 0.07543727
vn -0.07850561 -0.99392915 0.07708254
vn -0.27163106 -0.95924051 0.07793723
vn -0.17290294 -0.98447221 0.03031570
vn -0.77732246 -0.62832400 -0.03128491
vn -0.77035064 -0.62692593 -0.11629174
vn -0.24024827 -0.96093395 -0.13742892
vn -0.66529569 -0.74616783 0.02480348
vn -0.13508434 -0.60312143 -0.78612770
vn -0.24059104 -0.94556220 -0.21915307
vn -0.11224393 0.73045714 -0.67367178
vn -0.38024596 0.92478461 -0.01365431
vn -0.25010086 0.72798555 0.63834677
vn 0.52069272 -0.51453421 0.68127354
vn 0.33642653 -0.93508115 0.11153672
vn 0.01911029 -0.99565216 0.09116782
vn -0.05112975 -0.67768546 0.73357220
vn -0.08647016 -0.65527605 0.75042402
vn -0.08975745 -0.65518499 0.75011747
vn -0.13720550 -0.66068866 0.73801433
vn -0.18246226 -0.63864429 0.74755668
vn -0.51731606 -0.54402777 0.66061932
vn -0.79907387 -0.59860227 0.05618076
vn -0.99563675 0.09038337 -0.02320151
vn -0.99736760 0.02678863 -0.06738133
vn -0.99215979 -0.12495217 0.00243015
vn -0.97761062 -0.16999671 -0.12401049
vn -0.66180038 -0.23454826 -0.71204450
vn -0.72665895 -0.65961004 -0.19204521
vn -0.17210136 -0.58650361 -0.79145097
vn -0.61394352 -0.73896782 -0.27748857
vn -0.28675757 0.65319032 -0.70079419
vn -0.50866977 0.54962775 -0.66269481
vn -0.70932098 0.70470224 -0.01607794
vn -0.82486038 0.56517372 -0.01356514
vn -0.49017830 0.53412766 0.68879088
vn -0.44082037 0.55940380 0.70195783
vn 0.14252540 -0.70080630 0.69896855
vn -0.72977731 -0.08151978 0.67880748
vn -0.99533604 0.09597791 0.00971609
vn -0.93407729 0.35671061 -0.01603587
vn -0.93162720 0.36303258 -0.01667669
vn -0.93076583 0.36519766 -0.01748251
vn -0.93065085 0.36545336 -0.01824368
vn -0.70777552 0.15892901 -0.68832796
vn -0.28012471 -0.52182364 -0.80574824
vn -0.60456605 0.35639461 -0.71237825
vn -0.85434435 0.51886926 -0.02950311
vn -0.86621253 0.49890290 -0.02778024
vn -0.86795844 0.49617925 -0.02131429
vn -0.83865832 0.54441429 -0.01628827
vn -0.92181619 0.38739640 -0.01337669
vn -0.65606201 0.28357693 0.69940457
vn -0.64559928 0.29638395 0.70381683
vn -0.61442823 0.41837039 0.66891268
vn -0.70283372 0.19772837 0.68332148
vn -0.92728130 0.37400131 -0.01650486
vn -0.91811504 0.39583508 -0.01947746
vn -0.92920913 0.36914623 -0.01736251
vn -0.64894115 0.26200342 -0.71430357
vn -0.62357292 0.32622756 -0.71044521
vn -0.91275575 0.40774528 -0.02491454
vn -0.91397791 0.40508590 -0.02344774
vn -0.65862997 0.26920174 0.70266421
vn -0.64459655 0.28749847 -0.70840660
vn -0.00337886 -0.98965420 -0.14343344
vn 0.08074288 -0.98519064 -0.15126131
vn -0.02747771 -0.98777126 -0.15346960
vn -0.04236882 -0.61124450 -0.79030693
vn 0.18381275 -0.64413850 -0.74249476
vn 0.27589623 -0.95317394 -0.12385763
vn -0.10911390 -0.96886045 -0.22226917
vn -0.12615181 -0.53038167 -0.83832035
vn 0.31034008 -0.54591631 -0.77824444
vn 0.36919439 -0.92548073 -0.08474030
vn 0.36671046 -0.53791744 -0.75905749
vn -0.50449218 -0.80907604 -0.30146906
vn -0.14177659 -0.52329267 -0.84027625
vn 0.46888164 -0.88212750 -0.04473352
vn 0.39347603 -0.50581886 -0.76767434
vn 0.56863590 -0.43698899 -0.69691738
vn -0.76316009 -0.62796835 -0.15245466
vn -0.68432118 0.02805664 -0.72864075
vn -0.48323886 -0.21300284 -0.84918195
vn -0.45737962 -0.30696417 -0.83461181
vn -0.32767083 -0.39629180 -0.85766231
vn -0.25297030 -0.46138785 -0.85036891
vn -0.19520198 -0.47745115 -0.85670099
vn -0.17077978 -0.50015099 -0.84893065
vn 0.52723797 -0.84962193 -0.01275519
vn 0.61641847 -0.32800965 -0.71584771
vn -0.78256988 -0.61483813 -0.09776741
vn -0.64604497 0.17423230 -0.74314803
vn -0.82892814 -0.55840962 -0.03250909
vn 0.54137707 -0.84077909 -0.00118328
vn 0.64450782 -0.30378357 -0.70165890
vn -0.66002473 0.24197723 -0.71120628
vn -0.92715678 0.37396489 -0.02303403
vn -0.83224306 -0.55438094 -0.00576719
vn 0.54908466 -0.83575333 0.00473343
vn 0.65416217 -0.28129056 -0.70210219
vn -0.64393442 0.27690750 -0.71321154
vn -0.91486341 0.40274654 -0.02863839
vn -0.92246967 0.38552694 -0.02046181
vn -0.92010080 0.39158745 -0.00858963
vn -0.91851994 0.39501604 -0.01683560
vn -0.84002769 -0.53294380 0.10160900
vn -0.91405377 0.39801207 0.07805187
vn 0.55433346 -0.83224397 0.00918585
vn 0.65797505 -0.27564435 -0.70077744
vn -0.85334702 0.51850770 -0.05430119
vn -0.62120427 0.29042622 -0.72784467
vn -0.88273169 0.46943789 -0.02031802
vn -0.89563910 0.44473965 -0.00610272
vn -0.76676852 -0.54690996 0.33608858
vn -0.87559348 0.34903466 0.33393243
vn -0.89584498 0.36856681 0.24823432
vn -0.87891044 0.37288062 0.29744995
vn -0.78186751 0.48512652 0.39158072
vn -0.88033082 0.46490696 0.09422932
vn 0.55809285 -0.82957365 0.01843727
vn 0.67123324 -0.25836434 -0.69476169
vn -0.75294094 0.65807991 0.00328232
vn -0.76039213 0.64857269 -0.03401869
vn -0.74143607 0.66518197 -0.08834877
vn -0.82594204 0.55466888 -0.10080762
vn -0.61615166 0.30982208 -0.72413218
vn -0.67720155 -0.58189754 0.45032578
vn -0.78702602 0.32030577 0.52725161
vn -0.58360605 0.24652832 0.77371038
vn -0.72290682 0.67342619 0.15460563
vn -0.76861389 0.35756815 0.53045048
vn -0.49946841 0.25161772 0.82898723
vn -0.61014887 0.41596544 0.67430787
vn -0.56424902 0.55195529 0.61397753
vn -0.36287449 0.81839949 0.44558319
vn 0.93653430 -0.34460990 0.06440121
vn 0.56841539 -0.81969117 0.07078375
vn 0.67439357 -0.23479258 -0.70004697
vn -0.39777591 0.91742560 0.01022769
vn -0.45102128 0.89185788 -0.03419528
vn -0.44065933 0.88314712 -0.16084316
vn -0.46585445 0.46554148 -0.75249635
vn -0.55919039 0.40029394 -0.72599647
vn -0.44749835 0.89028350 -0.08450156
vn -0.49066071 -0.57330664 0.65617952
vn -0.65430476 0.24669873 0.71486013
vn -0.41740551 0.17257451 0.89218310
vn -0.23843923 0.09867710 0.96613124
vn -0.39460298 0.91144681 0.11641819
vn -0.27014772 0.38115856 0.88415969
vn -0.14302839 0.09261662 0.98537558
vn 0.05033762 0.88872984 0.45565929
vn 0.03814869 0.99227401 0.11805491
vn 0.02330850 0.65534581 0.75496926
vn 0.98676575 -0.16123942 0.01718149
vn 0.98447510 -0.16620087 0.05644515
vn 0.92822535 -0.32542616 0.18026510
vn 0.92362527 -0.35135417 0.15318813
vn 0.92240919 -0.37163126 0.10512609
vn 0.92106187 -0.37933778 0.08802208
vn 0.74832038 -0.08807606 -0.65746423
vn 0.89257131 -0.35812129 0.27398102
vn 0.86901600 -0.35923949 0.34023254
vn 0.54323591 -0.83171914 0.11462123
vn 0.04825343 0.99879749 0.00867096
vn 0.01822557 0.99956826 -0.02304616
vn -0.01586673 0.99803964 -0.06054018
vn -0.05724305 0.68457178 -0.72669437
vn -0.13330047 0.62482302 -0.76930305
vn -0.27027055 0.61171842 -0.74347455
vn -0.20019774 -0.65658177 0.72720096
vn -0.12163194 -0.67524471 0.72749588
vn -0.13698060 0.06284956 0.98857789
vn 0.00008112 0.06490837 0.99789123
vn 0.02640162 0.30915059 0.95064655
vn -0.09236142 0.04883896 0.99452709
vn 0.28727845 0.87117836 0.39814490
vn 0.32282432 0.94206841 0.09105800
vn 0.09692231 0.30793051 0.94645912
vn 0.25349501 0.45235300 0.85505383
vn 0.99886649 0.04527096 0.01470646
vn 0.98102037 0.18704162 0.05113193
vn 0.97757274 -0.16327777 0.13301092
vn 0.89052239 -0.11852647 0.43922813
vn 0.71044864 0.24399069 -0.66009945
vn 0.97373326 0.22765090 0.00431459
vn 0.95520065 0.29592955 0.00417291
vn 0.96927027 0.24587182 0.00788641
vn 0.97828923 0.20693554 0.01130746
vn 0.77931121 -0.29759715 0.55146167
vn 0.82284253 -0.33627652 0.45809200
vn 0.53411557 -0.82505381 0.18440922
vn 0.74946882 -0.30719840 0.58645173
vn 0.78543792 -0.41518709 0.45902827
vn 0.32205319 0.94671674 0.00302535
vn 0.27791503 0.96052936 -0.01210728
vn 0.26441945 0.96417015 -0.02140736
vn 0.14138342 0.70493770 -0.69503494
vn 0.01191751 0.67554447 -0.73722292
vn -0.05985344 -0.68426167 0.72677612
vn -0.08395163 0.03717935 0.99577599
vn -0.05011918 0.02859498 0.99833381
vn -0.03654270 0.02081864 0.99911522
vn 0.00846053 0.00340967 0.99995840
vn 0.03867904 -0.00683030 0.99922834
vn 0.06852638 -0.00937326 0.99760527
vn 0.07272010 0.07097845 0.99482353
vn 0.35597523 0.72662798 0.58761672
vn 0.55403409 0.67257847 0.49059600
vn 0.42273533 0.89557723 0.13869488
vn 0.39782017 0.91085839 0.10989135
vn 0.41049305 0.91170823 0.01683885
vn 0.37826731 0.92567610 0.00613153
vn 0.12263067 0.10189084 0.98720817
vn 0.43990492 0.15134130 0.88520025
vn 0.46743026 0.45107400 0.76029021
vn 0.78074322 0.62257915 0.05324692
vn 0.80672690 0.53454151 0.25190690
vn 0.97467140 0.17728691 0.13632685
vn 0.87217280 0.17839964 0.45550870
vn 0.43826808 -0.07051690 0.89607391
vn 0.68621795 -0.19410786 0.70101859
vn 0.69152535 -0.24571497 0.67927671
vn 0.58576102 0.39632591 -0.70697228
vn 0.68563829 0.72762212 -0.02159144
vn 0.69577317 0.71825398 -0.00330379
vn 0.87673197 0.48097268 -0.00251692
vn 0.94964570 0.31332324 0.00126089
vn 0.67867851 -0.27585238 0.68066213
vn 0.72121368 -0.29611901 0.62623027
vn 0.42410425 -0.80532912 0.41422287
vn 0.68752248 -0.29229842 0.66473639
vn 0.27071052 0.65620091 -0.70435515
vn 0.36521196 0.93088436 -0.00863277
vn 0.24446072 0.65768014 -0.71252775
vn 0.23373618 0.66058243 -0.71344113
vn 0.01628155 -0.70695177 0.70707433
vn 0.00502852 -0.00470635 0.99997628
vn 0.03963326 -0.01241750 0.99913713
vn 0.05086463 -0.01613505 0.99857521
vn 0.06434519 -0.02371423 0.99764589
vn 0.08468988 -0.02880753 0.99599084
vn 0.09571085 -0.02566032 0.99507838
vn 0.54379790 0.82226203 0.16783622
vn 0.63975882 0.37301269 0.67198972
vn 0.49127494 0.87063235 0.02546085
vn 0.39982351 0.91657345 -0.00585461
vn 0.45569353 0.89013008 -0.00344329
vn 0.45142610 0.89229857 -0.00421101
vn 0.44750037 0.89418232 -0.01346792
vn 0.39277894 0.91960854 -0.00669653
vn 0.71900624 0.69500354 0.00031823
vn 0.10217527 -0.04240181 0.99386231
vn 0.14306585 -0.05542260 0.98816016
vn 0.41423971 -0.16959271 0.89422803
vn 0.52543525 -0.20503087 0.82576034
vn 0.57754867 -0.22741981 0.78403939
vn 0.48587212 0.52758179 -0.69683982
vn 0.35539473 0.60486664 -0.71262258
vn 0.31674748 0.63473355 -0.70482931
vn 0.59967140 -0.26197355 0.75615082
vn 0.40707924 -0.80179096 0.43751314
vn 0.04666928 -0.71453333 0.69804305
vn 0.08867638 -0.04242870 0.99515642
vn 0.07169316 -0.72167229 0.68851231
vn 0.08680714 -0.72509175 0.68315918
vn 0.09676799 -0.72712244 0.67965352
vn 0.21537709 -0.10195518 0.97119403
vn 0.25288926 -0.72090349 0.64524815
vn 0.39527628 -0.79886205 0.45340500
vn 0.06959993 -0.74150871 -0.66732352
vn -0.18715693 -0.98232514 0.00309724
vn -0.08461877 -0.69993089 -0.70918009
vn 0.41707736 -0.64080942 -0.64452290
vn 0.19937595 -0.97983623 0.01304567
vn -0.12771672 -0.99177014 0.00896880
vn -0.23108506 -0.67671463 -0.69904006
vn -0.16460151 -0.70444609 -0.69040717
vn -0.19569194 -0.68192899 0.70475351
vn -0.23632211 -0.67129199 0.70250903
vn 0.53427000 -0.84509802 0.01910226
vn 0.18863687 -0.72735259 0.65982902
vn 0.56096122 -0.39141360 -0.72946412
vn 0.93984921 -0.34027816 -0.02990395
vn 0.93402425 -0.35720863 -0.00083057
vn 0.88907623 -0.45755603 0.01363562
vn -0.08003383 -0.72226973 0.68696508
vn -0.16869474 -0.68568922 0.70807653
vn -0.25343599 -0.66556690 -0.70199067
vn -0.26859763 -0.65433768 0.70689286
vn -0.56107985 -0.82772435 0.00786102
vn 0.49725537 -0.50507538 0.70543317
vn 0.55442229 -0.83192622 0.02268667
vn 0.39519971 -0.59434339 0.70040925
vn 0.57402525 -0.32375088 -0.75211727
vn 0.96023362 -0.26889535 -0.07514445
vn 0.99463036 -0.10348367 0.00125603
vn 0.89123179 -0.45326984 0.01588539
vn 0.99867855 -0.05136568 0.00165212
vn -0.29306500 -0.65616755 -0.69538266
vn -0.31919368 -0.63179884 0.70636082
vn -0.55430321 -0.83216085 0.01600810
vn -0.60206048 -0.42733640 0.67446777
vn -0.68219398 -0.73117083 0.00076843
vn 0.90263638 -0.42775449 0.04768301
vn 0.93760601 -0.29372633 0.18606399
vn 0.49439015 -0.26316804 0.82844491
vn 0.42950168 -0.55177068 0.71489679
vn 0.56211378 -0.25593704 -0.78646318
vn 0.96463986 -0.23459061 -0.12015486
vn 0.96495768 -0.24746623 -0.08727624
vn 0.99077731 0.13549948 0.00047201
vn 0.70869151 -0.03888138 0.70444629
vn -0.53576541 -0.54309553 -0.64653126
vn -0.46908625 -0.52560478 0.70971664
vn -0.55948817 -0.82537175 0.07572629
vn -0.64519384 -0.28372662 0.70938292
vn -0.88914319 -0.45749044 0.01126392
vn -0.85978971 -0.51063535 0.00363272
vn -0.91692560 -0.39904182 -0.00361445
vn -0.94235908 -0.33451637 -0.00762604
vn -0.88744589 -0.46091107 0.00088457
vn -0.89635926 -0.44332680 -0.00119347
vn 0.56597486 -0.16727381 0.80727439
vn 0.50242297 -0.20163222 0.84078273
vn 0.50017735 -0.21120981 0.83976963
vn 0.50108733 -0.25137103 0.82808460
vn 0.71042308 -0.07526619 -0.69973856
vn 0.96415609 -0.20090302 -0.17332346
vn 0.88597831 0.46371678 -0.00302994
vn 0.65701265 0.45842967 0.59847858
vn -0.62529651 -0.32464103 -0.70965659
vn -0.76573870 -0.05455595 0.64083375
vn -0.71345830 -0.20458175 -0.67016682
vn -0.99965727 -0.02535037 -0.00653502
vn -0.99940693 0.03282953 -0.01039268
vn 0.65588670 0.45511073 -0.60223488
vn 0.88012961 0.47472293 -0.00316456
vn 0.50414316 0.86360386 -0.00529516
vn 0.54866270 0.83603330 -0.00418998
vn 0.69315299 0.72078681 -0.00230271
vn 0.23800265 0.66883843 0.70427970
vn 0.34574690 0.93832484 -0.00235993
vn -0.68638549 0.18484928 0.70335318
vn -0.99820239 0.05863877 -0.01238893
vn -0.99523804 0.09633360 -0.01486882
vn -0.99305020 0.11635583 -0.01768102
vn -0.70083565 -0.04790005 -0.71171271
vn -0.68504318 0.23231295 0.69046835
vn -0.94827516 0.31728937 -0.01008382
vn 0.16365091 0.70285751 -0.69224974
vn 0.81694519 0.57662158 -0.01039805
vn 0.82427650 0.56615855 -0.00572313
vn 0.36632279 0.93047054 -0.00567355
vn 0.44197554 0.89700408 -0.00642700
vn 0.25288274 0.96748076 -0.00559447
vn 0.24710805 0.96898776 0.00057869
vn 0.13600276 0.72028021 0.68022031
vn 0.25437586 0.96710353 -0.00191985
vn -0.94640548 0.32272482 -0.01285914
vn -0.94147705 0.33670929 -0.01574252
vn -0.94917445 0.31423298 -0.01804126
vn -0.99144846 0.12901583 -0.01961785
vn -0.94085865 0.33833209 -0.01778726
vn -0.73209873 0.09714096 -0.67423667
vn -0.65213790 0.28427938 0.70278118
vn -0.92602792 0.37711327 -0.01605815
vn 0.05787072 0.68744976 -0.72392252
vn 0.14350412 0.98932851 -0.02521242
vn 0.17490191 0.98452311 -0.01111632
vn 0.32697645 0.94489569 -0.01607875
vn 0.35216725 0.93589236 -0.00914923
vn 0.36353627 0.93155290 -0.00711197
vn 0.24658932 0.96909689 -0.00670282
vn 0.03565467 0.99936068 -0.00264082
vn 0.01083409 0.70018098 0.71388319
vn 0.02254963 0.99969883 0.00968270
vn -0.03742707 0.99890827 0.02795494
vn -0.93212615 0.36178169 -0.01596419
vn -0.93906869 0.34310950 -0.02063677
vn -0.66427952 0.22253387 -0.71359050
vn -0.63667711 0.29882471 0.71087696
vn -0.85340314 0.52113545 0.01099604
vn -0.86393976 0.50358523 -0.00316332
vn -0.91701775 0.39853524 -0.01575139
vn -0.64345281 0.27089881 -0.71594854
vn -0.66158873 0.24626429 -0.70827555
vn -0.16584074 0.72560722 -0.66782558
vn -0.13023344 0.99053187 -0.04342664
vn -0.04019792 0.99883042 -0.02686866
vn -0.04205569 0.99896046 -0.01758728
vn -0.03304454 0.99941210 -0.00913897
vn -0.45514434 0.89018702 -0.02026545
vn -0.45563840 0.89014848 -0.00541581
vn -0.07042063 0.71230972 0.69832357
vn -0.45257956 0.89155349 0.01743921
vn -0.63052969 0.32349292 0.70553855
vn -0.83053578 0.55631601 0.02688523
vn -0.74962691 0.66101938 0.03335982
vn -0.77129091 0.63646297 0.00502219
vn -0.77605766 0.63060923 -0.00815473
vn -0.84106358 0.54063191 -0.01814361
vn -0.90659330 0.42179309 -0.01338544
vn -0.63261266 0.32733744 -0.70189132
vn -0.64065804 0.27531925 -0.71676816
vn -0.52320254 0.52377754 -0.67224712
vn -0.09648838 0.99498371 -0.02640841
vn -0.75069173 0.66053448 -0.01249488
vn -0.56959228 0.82183780 -0.01213541
vn -0.45776639 0.88791681 0.04531744
vn -0.31138382 0.66162836 0.68212025
vn -0.58176057 0.42128323 0.69575504
vn -0.50651821 0.47012450 0.72278783
vn -0.48388920 0.50685291 0.71340828
vn -0.00451424 -0.70557782 -0.70861806
vn -0.02226576 -0.00906386 -0.99971100
vn 0.04194667 -0.02565999 -0.99879029
vn 0.03421228 -0.71591090 -0.69735293
vn -0.17860041 -0.64863598 -0.73984678
vn -0.11577946 0.04001230 -0.99246871
vn 0.00007705 -0.00679859 -0.99997689
vn 0.01972171 -0.01203068 -0.99973312
vn 0.04860511 -0.02522375 -0.99849953
vn 0.06542012 -0.03373739 -0.99728732
vn 0.05597133 -0.03336630 -0.99787469
vn 0.08043512 -0.04473263 -0.99575558
vn 0.10299749 -0.71321307 -0.69333875
vn -0.33593473 0.12973647 -0.93290745
vn -0.26193354 0.10914144 -0.95889466
vn -0.53039153 -0.57105991 -0.62655838
vn -0.09875723 0.03627323 -0.99445023
vn -0.06220136 0.03110437 -0.99757882
vn 0.01348784 0.05795716 -0.99822795
vn 0.04793530 -0.02346234 -0.99857485
vn 0.11828795 -0.02782687 -0.99258935
vn 0.07757840 -0.03809323 -0.99625825
vn 0.14969564 -0.06922639 -0.98630569
vn 0.20809820 -0.08929881 -0.97402303
vn 0.26881535 -0.11785633 -0.95595407
vn 0.28642845 -0.73351166 -0.61637602
vn -0.35685475 0.14361687 -0.92305411
vn -0.45772589 0.18282100 -0.87009396
vn -0.37630250 0.15756391 -0.91300057
vn -0.42039053 0.20862451 -0.88303319
vn -0.18963140 0.13725693 -0.97221421
vn -0.75855541 0.28679679 -0.58509939
vn -0.54673185 0.20225613 -0.81251261
vn -0.78592336 -0.54797057 -0.28644848
vn 0.01793502 0.27311320 -0.96181470
vn 0.12505242 0.08714997 -0.98831512
vn 0.23915261 0.09478277 -0.96634479
vn 0.28464797 -0.07035128 -0.95604719
vn 0.16787201 -0.06622248 -0.98358201
vn 0.11334044 -0.05080334 -0.99225650
vn 0.34860838 -0.14791956 -0.92552256
vn 0.65889118 -0.28119021 -0.69770659
vn 0.56843552 -0.27456758 -0.77556025
vn 0.70983070 -0.35197161 -0.61012815
vn 0.49022489 -0.81133089 -0.31846779
vn -0.56967448 0.23126229 -0.78866263
vn -0.51741911 0.21156391 -0.82916716
vn -0.49227615 0.20304869 -0.84642508
vn -0.44791742 0.18373313 -0.87499264
vn -0.75687496 0.33744428 -0.55970676
vn -0.56074498 0.35550472 -0.74778437
vn -0.29423651 0.30513578 -0.90571355
vn -0.90454170 0.35970009 -0.22895447
vn -0.83766708 -0.53821925 -0.09291881
vn -0.22480925 0.67201307 -0.70559141
vn 0.05278901 0.69464844 -0.71740983
vn 0.24083627 0.71311009 -0.65838582
vn 0.19010150 0.35638765 -0.91479465
vn 0.22751192 0.36563451 -0.90252409
vn 0.57665306 0.43049148 -0.69436902
vn 0.61988304 0.03631178 -0.78385360
vn 0.65671212 -0.12100300 -0.74437052
vn 0.36483214 -0.15012915 -0.91888996
vn 0.70908588 -0.24779617 -0.66014716
vn 0.85658667 -0.36418331 -0.36555411
vn 0.86087051 -0.45093851 -0.23570410
vn 0.52753853 -0.82345826 -0.20885303
vn -0.58030073 0.58459262 -0.56701194
vn -0.91153743 0.37062537 -0.17814700
vn -0.91700257 0.37748277 -0.12889159
vn -0.90391756 0.39721439 -0.15859938
vn -0.87723051 0.43043027 -0.21259447
vn -0.82739629 0.45786765 -0.32522698
vn -0.91469423 0.39631833 -0.07915960
vn -0.83101921 -0.55596417 -0.01763268
vn -0.91846701 0.39466279 -0.02568323
vn -0.31555765 0.88538519 -0.34134505
vn 0.07490000 0.95201321 -0.29675047
vn 0.38275335 0.80670130 -0.45025869
vn 0.30363534 0.92106724 -0.24380469
vn 0.48484283 0.82044165 -0.30298998
vn 0.73250144 0.61062271 -0.30096766
vn 0.91974311 0.08471236 -0.38327071
vn 0.91800059 -0.22443649 -0.32696052
vn 0.90200438 -0.35317191 -0.24830969
vn 0.86968517 -0.36419447 -0.33318178
vn 0.90603893 -0.37752732 -0.19122389
vn 0.54761993 -0.83363996 -0.07181108
vn -0.68195287 0.68285637 -0.26200660
vn -0.88904175 0.44675767 -0.10006179
vn -0.83067009 -0.55654650 -0.01559469
vn -0.92489281 0.37992689 -0.01512776
vn -0.89293703 0.44985298 -0.01719775
vn -0.89261715 0.45014830 -0.02451811
vn -0.92160469 0.38786721 -0.01427682
vn -0.90564460 0.42371441 -0.01655161
vn -0.28221499 0.95103128 -0.12607221
vn 0.12966145 0.98647386 -0.10028577
vn 0.40064154 0.89633133 -0.18993815
vn 0.48635505 0.86976765 -0.08344454
vn 0.75214365 0.65227955 -0.09386864
vn 0.98618904 0.11028904 -0.12356172
vn 0.95060062 -0.29338721 -0.10140219
vn 0.91156691 -0.37424692 -0.17024983
vn 0.56868443 -0.82195769 -0.03136195
vn -0.71284766 0.69515056 -0.09281116
vn -0.83163836 -0.55526650 0.00753417
vn -0.66597633 0.25928201 0.69946291
vn -0.71496553 0.69874012 -0.02421862
vn -0.64742077 0.33083407 0.68658223
vn -0.65706322 0.27645086 0.70131508
vn -0.28171584 0.95918138 -0.02464286
vn 0.32916969 0.94164588 -0.07035875
vn 0.14340422 0.98951167 -0.01737473
vn 0.37888733 0.92434261 -0.04511247
vn 0.38438530 0.92315571 -0.00560993
vn 0.39016977 0.92073738 -0.00319956
vn 0.41943917 0.90777125 -0.00470556
vn 0.51171952 0.85915024 -0.00199833
vn 0.99318638 0.11652595 -0.00158727
vn 0.37581490 0.62895277 0.68057445
vn 0.44028743 0.55639392 0.70467921
vn 0.61183986 0.44473303 0.65411354
vn 0.86259804 0.50588381 0.00248932
vn 0.95188799 -0.30642890 0.00325199
vn 0.55462384 -0.83207494 0.00661023
vn -0.74846514 -0.65300960 0.11566502
vn -0.69469743 0.13361364 0.70678348
vn -0.66119077 0.22093710 0.71694740
vn -0.28029670 0.95973520 -0.01849586
vn -0.83075834 0.55640082 -0.01608450
vn -0.71013869 0.70389882 -0.01514907
vn -0.25208016 0.96761680 -0.01316527
vn -0.60917645 0.36923802 0.70183142
vn 0.34339554 0.93913379 -0.01035538
vn 0.17377247 0.98472216 -0.01119835
vn 0.35632210 0.93435577 -0.00372228
vn 0.36228226 0.93206741 -0.00137954
vn 0.27151482 0.65503420 0.70513112
vn 0.28251908 0.65082127 0.70470891
vn 0.76299369 0.02409475 0.64595672
vn 0.55509504 -0.83174269 0.00857834
vn 0.67003158 -0.20966826 0.71210737
vn 0.66813253 -0.23622842 0.70554592
vn 0.65263646 -0.26392259 0.71021864
vn -0.64977536 -0.73608183 0.18967216
vn -0.61746103 -0.14307843 0.77347944
vn -0.61506021 -0.04032835 0.78744813
vn -0.75080424 0.66042293 -0.01159937
vn -0.53023835 0.54124459 0.65261136
vn -0.17393848 0.74573002 0.64314239
vn 0.17735201 0.98409346 -0.01031140
vn 0.18696564 0.98232888 -0.00859232
vn 0.19637761 0.98050219 -0.00716181
vn 0.20381823 0.97899136 -0.00583450
vn 0.24290498 0.66687959 0.70446347
vn 0.25801081 0.66159021 0.70408012
vn 0.91905254 -0.39361148 0.02030828
vn 0.55029086 -0.83484519 0.01461127
vn 0.64656293 -0.27257405 0.71250247
vn -0.45627703 -0.85699070 0.23953749
vn -0.43457935 -0.42417365 0.79449198
vn -0.49509379 -0.25540705 0.83045131
vn 0.06664116 0.70955076 0.70149603
vn 0.16514342 0.71316695 0.68126394
vn 0.64174442 -0.28273551 0.71289882
vn 0.62484869 -0.32082118 0.71178500
vn 0.51590113 -0.85599858 0.03335346
vn -0.27652393 -0.93105123 0.23807167
vn -0.22333259 -0.50385898 0.83441518
vn 0.57342420 -0.37777815 0.72695829
vn 0.46168241 -0.88543487 0.05342703
vn -0.14138843 -0.96782877 0.20812682
vn -0.17738788 -0.52682621 0.83125669
vn -0.19296351 -0.51190117 0.83709156
vn -0.19829489 -0.50567308 0.83962722
vn 0.42487820 -0.57588631 0.69845077
vn 0.43661060 -0.89687607 0.07060099
vn -0.04757493 -0.98838626 0.14432332
vn -0.10101907 -0.60037370 0.79331366
vn 0.07196493 -0.65463680 0.75251027
vn 0.19485647 -0.97517180 0.10521841
vn -0.03075318 -0.99085418 0.13138582
vn -0.02115913 -0.99201463 0.12433526
vn -0.00774409 -0.99192470 0.12659153
vn 0.05730566 -0.98962061 0.13178431
vn 0.11216008 -0.98742959 0.11136840
vn 0.55568541 -0.83125686 0.01502522
vn 0.57138817 -0.81689725 0.07870481
vn -0.34754469 -0.93323512 0.09102140
vn -0.82835600 -0.55983776 0.02019961
vn -0.82559512 -0.56417257 0.01009975
vn -0.66019243 -0.45214917 -0.59975585
vn 0.46892595 -0.68184018 -0.56142891
vn 0.56619243 -0.69393423 0.44483864
vn -0.24485017 -0.85101902 0.46455895
vn -0.80517952 -0.58211280 0.11327239
vn -0.47136458 0.67742555 -0.56472122
vn 0.72054459 0.05127126 -0.69151048
vn 0.67029477 -0.38115834 0.63672854
vn -0.57544456 -0.21507271 0.78905468
vn -0.75124556 -0.50593889 0.42385840
vn -0.56594997 0.82438940 -0.00909635
vn 0.26501313 0.65641757 -0.70631722
vn 0.70611535 0.14551866 -0.69298299
vn 0.99740728 0.07196326 -0.00000901
vn 0.75974273 -0.19638871 0.61985681
vn 0.16988659 -0.07794168 0.98237653
vn -0.47170556 0.68100186 0.56011636
vn -0.56356515 0.82604247 -0.00693991
vn 0.27623801 0.64807601 -0.70971124
vn 0.37747088 0.92598936 -0.00771014
vn 0.65220910 0.38735660 -0.65159662
vn 0.87524212 0.48368500 -0.00021527
vn 0.92455397 0.38093814 0.00927848
vn 0.99523435 0.09738103 0.00505189
vn 0.99535374 0.09619566 0.00416168
vn 0.96076190 -0.01450188 0.27699506
vn 0.64181671 0.04699100 0.76541698
vn 0.19836116 -0.06814662 0.97775707
vn 0.19504894 -0.07029811 0.97827097
vn 0.17310311 -0.07282421 0.98220769
vn -0.56914598 0.82222875 -0.00356733
vn 0.27102420 0.66102062 0.69971252
vn 0.37777029 0.92589639 -0.00234059
vn -0.56199061 0.82712370 -0.00573890
vn 0.29502462 0.64480669 -0.70511333
vn 0.41621818 0.90923074 -0.00786698
vn -0.56119773 0.82766475 -0.00530829
vn 0.38123216 0.92446020 -0.00594774
vn 0.48129615 0.51555719 -0.70891100
vn 0.65963055 0.75158920 0.00110273
vn 0.84765520 0.53052764 0.00459130
vn 0.58417546 0.41176074 0.69942270
vn 0.69141991 0.26344370 0.67270791
vn 0.99483171 0.09941828 0.02063682
vn 0.97420369 0.00821965 0.22552074
vn 0.99374120 0.06836592 0.08834319
vn -0.56847396 0.82268999 -0.00430496
vn 0.32015960 0.64055808 0.69798508
vn 0.42284544 0.90619239 -0.00413417
vn 0.38136181 0.92440766 -0.00580023
vn -0.56774380 0.82319288 -0.00452200
vn 0.31143365 0.63156142 -0.71002764
vn 0.56806981 0.82293296 -0.00883429
vn 0.41365641 0.60184673 -0.68313168
vn 0.36736265 0.60924411 0.70275621
vn 0.49797614 0.54385853 0.67545367
vn -0.46931416 0.68384804 0.55865560
vn 0.26667150 0.66154757 0.70088596
vn 0.37032200 0.92888472 -0.00589915
vn -0.56564198 0.82462851 -0.00608030
vn -0.66091271 -0.44443423 0.60470869
vn 0.27840613 0.65189389 0.70535408
vn 0.51624051 0.85643148 -0.00456690
vn 0.38445472 0.92312367 -0.00610309
vn 0.36929864 0.92928519 -0.00689592
vn 0.25932043 0.65748078 -0.70744041
vn 0.24593538 0.66163444 -0.70834713
vn -0.57315447 0.81937682 -0.01075085
vn -0.82414024 -0.56629316 0.01024321
vn 0.46918440 -0.67947956 0.56406872
vn 0.29600406 0.64915898 0.70069552
vn 0.51147937 0.85923131 -0.01050748
vn 0.27563083 0.65121099 -0.70707276
vn 0.54105778 0.84098494 -0.00090193
vn 0.81286339 0.58245391 0.00074012
vn 0.61330840 0.44512973 -0.65246634
vn 0.26585180 0.65262948 -0.70950517
vn -0.47903021 0.66975808 -0.56741006
vn -0.82468969 -0.56554414 0.00683633
vn 0.55830529 -0.82946787 -0.01668117
vn 0.71837492 0.04722672 0.69405123
vn 0.31548982 0.63484662 0.70529138
vn 0.43270124 0.55353399 -0.71159663
vn 0.37327409 0.62417144 -0.68635011
vn 0.41737556 0.60461022 0.67841295
vn 0.48086516 0.51843367 0.70710341
vn 0.64724964 0.39083573 0.65445805
vn 0.97391116 0.22684788 0.00609020
vn 0.72289059 0.13655232 -0.67733496
vn -0.52338811 -0.29724199 -0.79856877
vn -0.82075674 -0.57123468 -0.00702209
vn 0.56516905 -0.82302405 -0.05670417
vn -0.80647475 -0.58500425 -0.08583998
vn 0.99913476 0.04158965 0.00018628
vn 0.97926593 0.20188536 0.01674956
vn 0.69930647 0.14343554 0.70028331
vn 0.99914906 0.04124491 0.00008667
vn 0.99916131 0.04094733 -0.00001882
vn 0.99918498 0.04036498 -0.00019517
vn 0.99919212 0.04018725 -0.00030587
vn 0.99921426 0.03962557 -0.00082258
vn 0.99926078 0.03808170 -0.00526014
vn 0.99955853 0.02746890 -0.01132240
vn 0.99937190 0.02541967 -0.02469104
vn 0.99912598 0.01300670 -0.03972523
vn 0.99885584 0.00813650 -0.04712549
vn 0.99778680 0.00193505 -0.06646618
vn 0.99726001 -0.00115205 -0.07396717
vn 0.99710980 -0.00187561 -0.07595085
vn 0.99413549 -0.00875407 -0.10778680
vn 0.98705412 -0.01996884 -0.15913959
vn 0.82971901 -0.14171125 -0.53989284
vn 0.27433066 -0.08289379 -0.95805600
vn 0.21798457 -0.09298726 -0.97151227
vn 0.80330475 -0.23160611 -0.54868943
vn 0.79127395 -0.28994564 -0.53834660
vn 0.76127320 -0.35720531 -0.54117233
vn 0.59133803 -0.68522771 -0.42518504
vn -0.73206311 -0.51436799 -0.44666450
vn 0.56072763 -0.82219450 -0.09788118
vn -0.28255953 -0.88951016 -0.35907072
vn 0.56531876 -0.80836228 -0.16421058
vn -0.81663907 -0.55245478 -0.16701599
vn 0.22739588 -0.09030621 -0.96960605
vn 0.26353507 -0.08623067 -0.96078798
vn -0.77205403 -0.54770276 -0.32241939
vn -0.81625514 -0.54208821 -0.19966953
vt 0.91347233 0.77885217
vt 0.91375163 0.77885217
vt 0.91347233 0.77885217
vt 0.87216363 0.78833799
vt 0.89978656 0.78237546
vt 0.92740952 0.78148497
vt 0.91375163 0.77885217
vt 0.92740952 0.78111071
vt 0.89978656 0.78351119
vt 0.89978656 0.78338211
vt 0.87216363 0.78882841
vt 0.85734668 0.79226135
vt 0.85734668 0.79297117
vt 0.85734668 0.79326800
vt 0.87216363 0.78975763
vt 0.85734668 0.79258399
vt 0.89978656 0.78502118
vt 0.92740952 0.78607945
vt 0.94582941 0.79199033
vt 0.94992120 0.78909943
vt 0.92740952 0.78490502
vt 0.92740952 0.78521477
vt 0.95024238 0.78904781
vt 0.92740952 0.78589875
vt 0.89978656 0.78707321
vt 0.87216363 0.79037710
vt 0.85734668 0.79333254
vt 0.85734668 0.79455860
vt 0.85734668 0.79480381
vt 0.87216363 0.79328092
vt 0.89978656 0.79151283
vt 0.92740952 0.79289374
vt 0.94186338 0.79488124
vt 0.95915214 0.80483167
vt 0.96937459 0.81111681
vt 0.96373269 0.80187623
vt 0.96405387 0.80155359
vt 0.94580151 0.79239040
vt 0.94517307 0.79281631
vt 0.94353919 0.79388750
vt 0.92701849 0.79082879
vt 0.91756411 0.79379715
vt 0.89978656 0.79298409
vt 0.87216363 0.79381007
vt 0.85734668 0.79482962
vt 0.85734668 0.79884336
vt 0.87216363 0.80363143
vt 0.89978656 0.80363143
vt 0.92740952 0.80363143
vt 0.96842496 0.82883657
vt 0.96563194 0.82012510
vt 0.94570376 0.80363143
vt 0.97894064 0.83525079
vt 0.99622940 0.84539478
vt 0.97005884 0.81012308
vt 0.99653666 0.84473658
vt 0.97026830 0.80980044
vt 0.95654068 0.80363143
vt 0.95542347 0.80363143
vt 0.97004486 0.82664257
vt 0.94722592 0.80452192
vt 0.94238005 0.81061350
vt 0.93595610 0.79960480
vt 0.92701849 0.80452192
vt 0.89978656 0.80363143
vt 0.87216363 0.80363143
vt 0.85734668 0.80332168
vt 0.85734668 0.80332168
vt 0.85734668 0.81248486
vt 0.92740952 0.82012510
vt 0.85734668 0.82012510
vt 0.87216363 0.82012510
vt 0.89978656 0.82012510
vt 0.95182045 0.82012510
vt 0.97253067 0.83984527
vt 0.99103439 0.85177027
vt 0.99817054 0.85639059
vt 0.99889677 0.85177027
vt 0.99934365 0.85164122
vt 0.99653666 0.84473658
vt 0.98121694 0.83661881
vt 0.96525485 0.81682121
vt 0.98209677 0.85309959
vt 0.97287981 0.83814169
vt 0.97984838 0.83661881
vt 0.99160697 0.85424821
vt 0.96899749 0.84465915
vt 0.97204191 0.85309959
vt 0.94561995 0.82012510
vt 0.92740952 0.82012510
vt 0.89978656 0.82012510
vt 0.87216363 0.82012510
vt 0.85734668 0.82012510
vt 0.95501847 0.85309959
vt 0.92740952 0.83661881
vt 0.85734668 0.82897854
vt 0.85734668 0.83661881
vt 0.87216363 0.83661881
vt 0.89978656 0.83661881
vt 0.92740952 0.85309959
vt 0.97602192 0.85309959
vt 0.99817054 0.86337267
vt 0.99942742 0.86470196
vt 1.00000000 0.86519238
vt 0.99993016 0.85368036
vt 0.99993016 0.85404173
vt 0.99726284 0.85996551
vt 0.99201197 0.85170576
vt 0.97294960 0.86667656
vt 0.99694161 0.86052047
vt 0.99694161 0.86195303
vt 0.95501847 0.85309959
vt 0.92740952 0.83661881
vt 0.92740952 0.85309959
vt 0.91472921 0.87614946
vt 0.90763494 0.87614946
vt 0.85734668 0.83661881
vt 0.92740952 0.86960619
vt 0.95501847 0.86960619
vt 0.97343842 0.86960619
vt 0.85734668 0.86195303
vt 0.89978656 0.85309959
vt 0.89978656 0.86960619
vt 0.96906733 0.87794336
vt 0.98778056 0.87294881
vt 0.98847879 0.87343923
vt 0.98847879 0.87349085
vt 0.99993016 0.86524400
vt 0.99993016 0.86524400
vt 0.99987430 0.85475155
vt 0.99726284 0.86234018
vt 0.97815859 0.87114199
vt 0.96860647 0.87767234
vt 0.95764391 0.87114199
vt 0.98783642 0.87058703
vt 0.98881395 0.86831560
vt 0.92532870 0.87022566
vt 0.91472921 0.87834346
vt 0.90763494 0.87834346
vt 0.85734668 0.88609986
vt 0.85734668 0.89624389
vt 0.85734668 0.88541588
vt 0.92740952 0.88341547
vt 0.95501847 0.87976310
vt 0.85734668 0.86960619
vt 0.87216363 0.86960619
vt 0.85734668 0.87753040
vt 0.85734668 0.90205153
vt 0.89320901 0.89606322
vt 0.91161498 0.89381760
vt 0.85734668 0.90896906
vt 0.95501847 0.88304118
vt 0.97127379 0.87864029
vt 0.97396906 0.87951789
vt 0.97466734 0.87975018
vt 0.98839502 0.87349085
vt 0.97402493 0.88022771
vt 0.99987430 0.86503752
vt 0.97222347 0.87923395
vt 0.95764391 0.88300248
vt 0.91393319 0.89442415
vt 0.95018652 0.88119566
vt 0.97398304 0.88008574
vt 0.92354117 0.88527391
vt 0.89978656 0.89620519
vt 0.87216363 0.89976718
vt 0.85734668 0.90206442
vt 0.87216363 0.88609986
vt 0.85734668 0.90843991
vt 0.91444991 0.89455323
vt 0.85734668 0.90974342
vt 0.95501847 0.88469314
vt 0.95501847 0.88493835
vt 0.95501847 0.88577722
vt 0.95501847 0.88606116
vt 0.95501847 0.88591919
vt 0.92958802 0.89150744
vt 0.85734668 0.90993701
vt 0.85734668 0.90997571
vt 0.85734668 0.91019511
vt 0.85734668 0.91025965
vt 0.85734668 0.91069845
vt 0.93136163 0.89193335
vt 0.85734668 0.90998863
vt 0.12028035 0.13366263
vt 0.12063500 0.13366263
vt 0.12152168 0.13366263
vt 0.16727399 0.20235685
vt 0.16106727 0.19332777
vt 0.12069412 0.13366263
vt 0.55380412 0.75679125
vt 0.12885151 0.13366263
vt 0.52566704 0.71457421
vt 0.38746435 0.51666650
vt 0.12199457 0.13366263
vt 0.52519415 0.71524530
vt 0.55161699 0.74995844
vt 0.55705525 0.75679125
vt 0.52679016 0.71292702
vt 0.55469079 0.75679125
vt 0.55640503 0.75679125
vt 0.55055299 0.75148362
vt 0.54085870 0.73763496
vt 0.13588577 0.13366263
vt 0.57738961 0.75679125
vt 0.57437492 0.75679125
vt 0.52560793 0.69767518
vt 0.55634592 0.74373571
vt 0.56160683 0.75679125
vt 0.56048372 0.75679125
vt 0.55185344 0.74989744
vt 0.13890048 0.15391705
vt 0.12896973 0.13366263
vt 0.56302552 0.75679125
vt 0.55297655 0.74806723
vt 0.54925253 0.73745196
vt 0.15403301 0.13366263
vt 0.59600974 0.75679125
vt 0.55244456 0.73275438
vt 0.52667193 0.69663806
vt 0.13949158 0.13683499
vt 0.13848669 0.13366263
vt 0.33272709 0.41716358
vt 0.57549804 0.75679125
vt 0.55693703 0.74288159
vt 0.15462414 0.13366263
vt 0.60245289 0.75679125
vt 0.55262189 0.73183929
vt 0.22130192 0.25409105
vt 0.21793256 0.24280469
vt 0.15361924 0.14293572
vt 0.15385567 0.13366263
vt 0.54925253 0.72110199
vt 0.59589151 0.75679125
vt 0.57472959 0.75410695
vt 0.18163809 0.13366263
vt 0.67876585 0.75679125
vt 0.66333774 0.75679125
vt 0.65145632 0.75679125
vt 0.23690736 0.24280469
vt 0.56828643 0.72110199
vt 0.18163809 0.16032281
vt 0.18163809 0.14378984
vt 0.18163809 0.13366263
vt 0.62355569 0.75679125
vt 0.59589151 0.75410695
vt 0.18565766 0.13366263
vt 0.69094282 0.75679125
vt 0.21751877 0.13366263
vt 0.23690736 0.22627173
vt 0.20930226 0.19332777
vt 0.20930226 0.17679480
vt 0.20930226 0.16032281
vt 0.20930226 0.14378984
vt 0.20930226 0.13366263
vt 0.59589151 0.73763496
vt 0.65116077 0.75679125
vt 0.62355569 0.75410695
vt 0.23690736 0.14378984
vt 0.23690736 0.16032281
vt 0.23690736 0.20979973
vt 0.70418380 0.75679125
vt 0.23560689 0.13366263
vt 0.24737009 0.13366263
vt 0.26451241 0.14378984
vt 0.26569464 0.13366263
vt 0.27432492 0.13366263
vt 0.28561524 0.14378984
vt 0.28224588 0.13366263
vt 0.23690736 0.13366263
vt 0.67876585 0.75679125
vt 0.65116077 0.75410695
vt 0.70826247 0.75679125
vt 0.28407831 0.13366263
vt 0.30701359 0.16691159
vt 0.36328773 0.24823433
vt 0.26386219 0.13366263
vt 0.26451241 0.16032281
vt 0.70211489 0.75679125
vt 0.67876585 0.75410695
vt 0.71760209 0.75679125
vt 0.28981212 0.13366263
vt 0.30323046 0.15593029
vt 0.33278620 0.20223482
vt 0.34082537 0.20851858
vt 0.32078657 0.21016579
vt 0.28189121 0.14659617
vt 0.27828538 0.13561484
vt 0.27751694 0.13366263
vt 0.71612431 0.75679125
vt 0.69543528 0.73763496
vt 0.70087354 0.75410695
vt 0.55474990 0.51453124
vt 0.71866611 0.75679125
vt 0.33597823 0.19796434
vt 0.30606780 0.15190381
vt 0.29353616 0.13366263
vt 0.29856064 0.14537602
vt 0.33473688 0.21583946
vt 0.36104150 0.25122371
vt 0.33071730 0.20485813
vt 0.28774324 0.13366263
vt 0.72014389 0.75679125
vt 0.69271615 0.72915496
vt 0.59500484 0.57267121
vt 0.66664797 0.67735975
vt 0.72085323 0.75679125
vt 0.71984834 0.75679125
vt 0.38740524 0.26958690
vt 0.30163443 0.14183760
vt 0.33148574 0.18814213
vt 0.29584151 0.13366263
vt 0.33651023 0.19698822
vt 0.30636337 0.15141575
vt 0.29578241 0.13366263
vt 0.72392703 0.75679125
vt 0.69307082 0.71219493
vt 0.50013087 0.43131728
vt 0.36257840 0.23249445
vt 0.72380882 0.75679125
vt 0.63738778 0.63032312
vt 0.33266797 0.18649495
vt 0.30730914 0.15007360
vt 0.72416346 0.75679125
vt 0.71848877 0.74843326
vt 0.67711073 0.68809703
vt 0.44432961 0.34956748
vt 0.10187930 0.14351106
vt 0.10316789 0.14351106
vt 0.10492505 0.14351106
vt 0.16724596 0.23536813
vt 0.44353137 0.63095401
vt 0.53080406 0.75685228
vt 0.53074549 0.75679223
vt 0.20912512 0.29228352
vt 0.11230514 0.15245661
vt 0.10638937 0.14381123
vt 0.10621364 0.14351106
vt 0.50825374 0.72113006
vt 0.50087363 0.71056349
vt 0.33171689 0.46807278
vt 0.11048940 0.14351106
vt 0.11335947 0.15119585
vt 0.52588399 0.74730635
vt 0.53086264 0.75685228
vt 0.53080406 0.75685228
vt 0.53332266 0.75685228
vt 0.25036001 0.35045968
vt 0.11259802 0.15209639
vt 0.10797080 0.14351106
vt 0.52658686 0.74622563
vt 0.12226246 0.14351106
vt 0.13057968 0.16032151
vt 0.13655407 0.17683179
vt 0.30395364 0.41842192
vt 0.41670527 0.58052267
vt 0.53835989 0.75685228
vt 0.53572413 0.75685228
vt 0.33230262 0.46723226
vt 0.10849794 0.14351106
vt 0.49677357 0.69993689
vt 0.53666129 0.75685228
vt 0.21363519 0.27577325
vt 0.12431245 0.14351106
vt 0.23688839 0.29228352
vt 0.38372907 0.52318703
vt 0.44329708 0.61486402
vt 0.52676258 0.72953528
vt 0.53086264 0.74052210
vt 0.54128850 0.75685228
vt 0.14059558 0.18469662
vt 0.12378531 0.14351106
vt 0.52887117 0.74328383
vt 0.49858931 0.69717517
vt 0.54738002 0.75685228
vt 0.15359860 0.14351106
vt 0.15406716 0.16032151
vt 0.23688839 0.27577325
vt 0.54972291 0.75409052
vt 0.55066006 0.75685228
vt 0.22271389 0.30110901
vt 0.12548394 0.14351106
vt 0.43937274 0.60561827
vt 0.52506397 0.73229701
vt 0.56817317 0.75685228
vt 0.54644286 0.75409052
vt 0.15406716 0.14351106
vt 0.15406716 0.14381123
vt 0.23688839 0.25926300
vt 0.40258935 0.50667677
vt 0.43017689 0.55614752
vt 0.40258935 0.52318703
vt 0.55271009 0.75685228
vt 0.15406716 0.14351106
vt 0.56829032 0.75409052
vt 0.59593643 0.75685228
vt 0.18118617 0.14351106
vt 0.23688839 0.24281277
vt 0.26453449 0.27577325
vt 0.31976815 0.37477479
vt 0.43017689 0.53963726
vt 0.56829032 0.75409052
vt 0.56811460 0.75685228
vt 0.23688839 0.16032151
vt 0.23688839 0.14381123
vt 0.23688839 0.14351106
vt 0.65117009 0.75685228
vt 0.20883226 0.14351106
vt 0.20930083 0.14381123
vt 0.26453449 0.25926300
vt 0.34741427 0.39122502
vt 0.37500182 0.44075580
vt 0.40258935 0.49016651
vt 0.54070278 0.68810954
vt 0.56829032 0.73758028
vt 0.54070278 0.70461980
vt 0.57285896 0.75685228
vt 0.67940193 0.75685228
vt 0.25990729 0.14351106
vt 0.20930083 0.14351106
vt 0.23688839 0.16032151
vt 0.29212204 0.24281277
vt 0.29212204 0.25926300
vt 0.29212204 0.27577325
vt 0.45782301 0.55614752
vt 0.59593643 0.75685228
vt 0.69322498 0.75685228
vt 0.30805370 0.19766471
vt 0.28140331 0.16410387
vt 0.27730325 0.15311700
vt 0.27437466 0.14351106
vt 0.23641980 0.14351106
vt 0.23688839 0.14381123
vt 0.31976815 0.25926300
vt 0.31976815 0.27577325
vt 0.65609015 0.75685228
vt 0.65240011 0.75685228
vt 0.62352397 0.73758028
vt 0.62809262 0.75685228
vt 0.69632930 0.75685228
vt 0.30430508 0.18667789
vt 0.27501893 0.14351106
vt 0.23688839 0.14351106
vt 0.32211105 0.24161203
vt 0.33979988 0.25926300
vt 0.58410483 0.62747185
vt 0.63834275 0.71080365
vt 0.66610603 0.75685228
vt 0.66177166 0.75685228
vt 0.69937508 0.75685228
vt 0.30688226 0.18355597
vt 0.28105187 0.14789375
vt 0.28058331 0.14351106
vt 0.25850157 0.14351106
vt 0.31537524 0.22630252
vt 0.33628554 0.24635497
vt 0.41705670 0.36534893
vt 0.52582542 0.53285304
vt 0.63389126 0.69981681
vt 0.66300170 0.74760651
vt 0.67987050 0.75685228
vt 0.69990222 0.75685228
vt 0.63734702 0.66337416
vt 0.55587299 0.54594117
vt 0.44423424 0.38263968
vt 0.30207933 0.17461036
vt 0.29223919 0.16032151
vt 0.27747898 0.14351106
vt 0.25879440 0.14351106
vt 0.28011472 0.16590497
vt 0.33282977 0.23530813
vt 0.44282850 0.40167151
vt 0.68912492 0.75685228
vt 0.68297482 0.75685228
vt 0.70025366 0.75685228
vt 0.69269784 0.74574537
vt 0.63734702 0.66337416
vt 0.52564970 0.50031282
vt 0.38302621 0.29228352
vt 0.36164733 0.26682770
vt 0.28005617 0.14957480
vt 0.27689326 0.14351106
vt 0.68596202 0.73758028
vt 0.55487726 0.54732203
vt 0.27203173 0.14351106
vt 0.27613181 0.15491815
vt 0.27220746 0.14351106
vt 0.60981805 0.63023357
vt 0.66528600 0.71236462
vt 0.69445499 0.75685228
vt 0.70019508 0.75685228
vt 0.57988763 0.58436506
vt 0.69205354 0.74664590
vt 0.69750077 0.75685228
vt 0.69697360 0.75607179
vt 0.69650503 0.75685228
vt 0.69884791 0.75685228
vt 0.69750077 0.75487102
vt 0.69878936 0.75685228
vt 0.28052898 0.14351106
vt 0.22775130 0.06292505
vt 0.23409451 0.07780750
vt 0.27495465 0.14351106
vt 0.27742604 0.14351106
vt 0.23975123 0.06131188
vt 0.24024550 0.06131188
vt 0.24052011 0.06131188
vt 0.22187492 0.05467722
vt 0.22978333 0.04481625
vt 0.22316551 0.03621667
vt 0.22939888 0.09101613
vt 0.27432307 0.14351106
vt 0.27684936 0.14351106
vt 0.23900980 0.06131188
vt 0.22808083 0.04326370
vt 0.22964603 0.04481625
vt 0.21742644 0.04866118
vt 0.22330282 0.03608326
vt 0.19823205 0.01959976
vt 0.19782016 0.01963616
vt 0.21308777 0.02976399
vt 0.20185675 0.03106180
vt 0.20701919 0.03661695
vt 0.21448824 0.04481625
vt 0.21380174 0.09926396
vt 0.25985177 0.14351106
vt 0.27215373 0.14351106
vt 0.22668037 0.04900078
vt 0.22890461 0.04601702
vt 0.23107393 0.06015960
vt 0.22313805 0.03642289
vt 0.22291839 0.03672612
vt 0.22324789 0.03624095
vt 0.19587053 0.01997576
vt 0.19205360 0.01959976
vt 0.19210852 0.01963616
vt 0.19578815 0.01996364
vt 0.18161890 0.02503361
vt 0.19998948 0.10384876
vt 0.23686795 0.14351106
vt 0.18903304 0.10654144
vt 0.18161890 0.10834868
vt 0.15399436 0.11491053
vt 0.14380681 0.11714232
vt 0.13595331 0.11864632
vt 0.27196152 0.14351106
vt 0.22179254 0.03776920
vt 0.22220443 0.05390097
vt 0.21877195 0.04402785
vt 0.22624102 0.06488997
vt 0.19507419 0.01997576
vt 0.20452034 0.03096476
vt 0.19990710 0.03274775
vt 0.18161890 0.02553091
vt 0.07114824 0.02636783
vt 0.19438769 0.01996364
vt 0.15399436 0.02523980
vt 0.15399436 0.02561583
vt 0.12214103 0.12000478
vt 0.15399436 0.14351106
vt 0.25872592 0.14351106
vt 0.25397540 0.12728227
vt 0.22882223 0.07780750
vt 0.16931692 0.03573150
vt 0.20504208 0.04481625
vt 0.15399436 0.02784758
vt 0.00140046 0.03615603
vt 0.17975163 0.03174104
vt 0.15399436 0.03107393
vt 0.04687382 0.03160759
vt 0.05143214 0.03402132
vt 0.07114824 0.03050387
vt 0.12639731 0.02778694
vt 0.00148284 0.03619243
vt 0.00197709 0.03647138
vt 0.10934478 0.12000478
vt 0.12549112 0.14351106
vt 0.25845134 0.14351106
vt 0.23686795 0.14351106
vt 0.23640113 0.14351106
vt 0.16931692 0.03876378
vt 0.15399436 0.03539190
vt 0.12524400 0.03406984
vt 0.10390776 0.03551319
vt 0.08550971 0.03662907
vt 0.04355119 0.04140794
vt 0.02295634 0.04839435
vt 0.00162015 0.05229993
vt 0.00060409 0.05065035
vt 0.00000000 0.04498604
vt 0.13364669 0.03584067
vt 0.04810951 0.04448875
vt 0.05412322 0.03520996
vt 0.06164718 0.03387575
vt 0.07131301 0.03231110
vt 0.09877278 0.02998230
vt 0.00085124 0.04351844
vt 0.00197709 0.03716277
vt 0.10379791 0.11743340
vt 0.10852100 0.14351106
vt 0.12376118 0.14351106
vt 0.20924344 0.14351106
vt 0.15399436 0.04034059
vt 0.20877660 0.14351106
vt 0.05678679 0.05261528
vt 0.04596766 0.04885524
vt 0.02787166 0.05119617
vt 0.00162015 0.05405864
vt 0.00060409 0.05578098
vt 0.00002746 0.05656938
vt 0.05181660 0.06193046
vt 0.04552828 0.04481625
vt 0.00082378 0.05511390
vt 0.00313040 0.04816389
vt 0.09553253 0.11349142
vt 0.10819147 0.14351106
vt 0.08235183 0.10524363
vt 0.12639731 0.09429100
vt 0.07114824 0.05391310
vt 0.05678679 0.05352497
vt 0.18161890 0.14351106
vt 0.02787166 0.05574461
vt 0.02224241 0.06126335
vt 0.00834779 0.06025664
vt 0.00543703 0.06402880
vt 0.00529972 0.06481720
vt 0.05717124 0.06980229
vt 0.00697479 0.06088735
vt 0.07397662 0.09429100
vt 0.06236112 0.07743150
vt 0.05892865 0.07238577
vt 0.10797181 0.14351106
vt 0.07902919 0.10092565
vt 0.01735460 0.07780750
vt 0.02897005 0.08664966
vt 0.18115209 0.14351106
vt 0.15399436 0.14351106
vt 0.15355501 0.14351106
vt 0.09877278 0.11078665
vt 0.06878674 0.09549180
vt 0.05398592 0.09080995
vt 0.03179843 0.06673361
vt 0.02627902 0.07369574
vt 0.02342318 0.07863230
vt 0.03086481 0.08467261
vt 0.01768408 0.07780750
vt 0.10621438 0.14351106
vt 0.02795404 0.08746231
vt 0.12428292 0.14351106
vt 0.12222342 0.14351106
vt 0.07707956 0.11078665
vt 0.05799502 0.10179894
vt 0.05502938 0.10461292
vt 0.02924466 0.08646772
vt 0.02817373 0.08732889
vt 0.10618692 0.14351106
vt 0.03838877 0.09557669
vt 0.05220100 0.10639590
vt 0.03849862 0.09571011
vt 0.11047063 0.14351106
vt 0.08301089 0.12044143
vt 0.10489630 0.14351106
vt 0.06472267 0.11038637
vt 0.05316214 0.10595926
vt 0.03811416 0.09289616
vt 0.05231085 0.10639590
vt 0.10316636 0.14351106
vt 0.10190320 0.14351106
vt 0.10190320 0.14351106
vt 0.29580738 0.13360160
vt 0.25222478 0.00222338
vt 0.25222478 0.00222338
vt 0.29578105 0.13360160
vt 0.29346367 0.13360160
vt 0.23094699 0.00113782
vt 0.23805714 0.00056233
vt 0.24200722 0.06131418
vt 0.21912307 0.02732194
vt 0.21885974 0.02704727
vt 0.20529777 0.01343207
vt 0.23687212 0.00132094
vt 0.18162362 0.01627020
vt 0.19824030 0.01812741
vt 0.27750533 0.13360160
vt 0.28767022 0.13360160
vt 0.28975058 0.13360160
vt 0.20924786 0.00000000
vt 0.23223736 0.00085011
vt 0.19868797 0.00307355
vt 0.23284304 0.00058853
vt 0.28403613 0.13360160
vt 0.24553599 0.07747975
vt 0.18162362 0.00851436
vt 0.21562066 0.00190947
vt 0.12640141 0.01772197
vt 0.15402568 0.01610018
vt 0.20753616 0.00124248
vt 0.18162362 0.02331977
vt 0.19824030 0.02121405
vt 0.26381171 0.13360160
vt 0.08044877 0.01946148
vt 0.19218350 0.00307355
vt 0.05716961 0.01998464
vt 0.05716961 0.01998464
vt 0.28221911 0.13360160
vt 0.24558864 0.07779366
vt 0.09925117 0.01865057
vt 0.10499197 0.01910834
vt 0.04352867 0.03288048
vt 0.09698645 0.02712573
vt 0.12574309 0.02885217
vt 0.15402568 0.02520313
vt 0.08368783 0.01990615
vt 0.09698645 0.01855901
vt 0.23687212 0.13360160
vt 0.06662345 0.02156719
vt 0.08782227 0.02039008
vt 0.07283828 0.02388216
vt 0.05435185 0.03261890
vt 0.02801795 0.04899376
vt 0.02680661 0.04649570
vt 0.03238939 0.03824286
vt 0.02936102 0.03608485
vt 0.02886065 0.03519545
vt 0.02757028 0.03442380
vt 0.04352867 0.02869522
vt 0.27429260 0.13360160
vt 0.23339606 0.09147425
vt 0.23363306 0.09122577
vt 0.08658457 0.02083475
vt 0.02767563 0.03505159
vt 0.04352867 0.03941998
vt 0.07115293 0.03941998
vt 0.18162362 0.13360160
vt 0.20924786 0.13360160
vt 0.07315427 0.02254812
vt 0.05435185 0.04106793
vt 0.02933470 0.05188422
vt 0.02801795 0.05516705
vt 0.02680661 0.05665805
vt 0.26565506 0.13360160
vt 0.20890553 0.10086498
vt 0.24735300 0.13360160
vt 0.02767563 0.03813824
vt 0.15386768 0.13360160
vt 0.05993468 0.04932074
vt 0.02933470 0.05349294
vt 0.08492555 0.08611190
vt 0.08961298 0.09182739
vt 0.09016598 0.09249441
vt 0.09048198 0.09286062
vt 0.03578650 0.06341989
vt 0.03418013 0.06491089
vt 0.02767563 0.05544170
vt 0.18578437 0.10668509
vt 0.23555543 0.13360160
vt 0.15402568 0.11318536
vt 0.03578650 0.06369454
vt 0.08468853 0.10274834
vt 0.12898215 0.13360160
vt 0.13848869 0.13360160
vt 0.10551864 0.10731288
vt 0.12150333 0.13360160
vt 0.04797907 0.07644653
vt 0.08384583 0.10338920
vt 0.12029196 0.13360160
vt 0.21749037 0.13360160
vt 0.15349900 0.11321149
vt 0.12195100 0.13360160
vt 0.12600641 0.11370852
vt 0.12882415 0.13360160
vt 0.12063431 0.13360160
vt 0.12066063 0.13360160
vt 0.08321383 0.10384696
vt 0.18560002 0.13360160
vt 0.12640141 0.11381315
vt 0.13588162 0.13360160
vt 0.18162362 0.13360160
vt 0.15460502 0.13360160
vt 0.15402568 0.13360160
vt 0.24559234 0.07777726
vt 0.24123656 0.07777726
vt 0.24555238 0.07748303
vt 0.23364395 0.09123305
vt 0.23060689 0.09151599
vt 0.22972775 0.09125571
vt 0.22940804 0.09100672
vt 0.24169612 0.06131114
vt 0.23680087 0.07778856
vt 0.24185597 0.06131114
vt 0.24195588 0.06131114
vt 0.24199584 0.06131114
vt 0.23338418 0.09147071
vt 0.21422279 0.09950572
vt 0.22942802 0.09122176
vt 0.23408352 0.07778856
vt 0.23444316 0.07778856
vt 0.21388311 0.09947176
vt 0.21380319 0.09926806
vt 0.24133648 0.06131114
vt 0.21789923 0.02832237
vt 0.24089691 0.06131114
vt 0.21869843 0.02832237
vt 0.21911803 0.02732649
vt 0.20888797 0.10086374
vt 0.21324372 0.09977733
vt 0.21346351 0.09976600
vt 0.20041619 0.10385142
vt 0.19999659 0.10384009
vt 0.22772966 0.06291814
vt 0.22808932 0.06263524
vt 0.23710057 0.06131114
vt 0.21512191 0.02832237
vt 0.20459213 0.01460627
vt 0.20607070 0.01329350
vt 0.21420281 0.02832237
vt 0.21885828 0.02705488
vt 0.20563113 0.01225236
vt 0.20529145 0.01193548
vt 0.18579037 0.10668064
vt 0.18159445 0.10837817
vt 0.18159445 0.10834422
vt 0.18902724 0.10654484
vt 0.22187536 0.05467943
vt 0.20327341 0.01531925
vt 0.21216477 0.02832237
vt 0.18161443 0.00513401
vt 0.18161443 0.00439841
vt 0.20531143 0.01344063
vt 0.15400123 0.11318787
vt 0.14381110 0.11713745
vt 0.15398125 0.11486278
vt 0.15398125 0.11490802
vt 0.21741970 0.04867018
vt 0.21450251 0.04482242
vt 0.20239427 0.01588509
vt 0.18159445 0.01148281
vt 0.18161443 0.00858569
vt 0.07118158 0.00842723
vt 0.15400123 0.00571119
vt 0.18161443 0.00852908
vt 0.18205400 0.00860831
vt 0.15346174 0.11321049
vt 0.11264136 0.11903869
vt 0.12215212 0.12000065
vt 0.13593874 0.11864260
vt 0.20698981 0.03662898
vt 0.19937719 0.01786553
vt 0.19809843 0.01862376
vt 0.18159445 0.01610009
vt 0.10968422 0.01989125
vt 0.07118158 0.02235834
vt 0.07118158 0.01357643
vt 0.04810398 0.01431203
vt 0.04902309 0.01540977
vt 0.07118158 0.01022662
vt 0.04880330 0.01712993
vt 0.09925436 0.01865774
vt 0.07118158 0.01374619
vt 0.12642798 0.11379896
vt 0.11260140 0.11903869
vt 0.10934456 0.12000065
vt 0.20185478 0.03106107
vt 0.19646003 0.01956306
vt 0.18159445 0.01757130
vt 0.15398125 0.02562892
vt 0.12640800 0.02779048
vt 0.09879480 0.02998595
vt 0.07130150 0.03231723
vt 0.06165084 0.03389029
vt 0.05411813 0.03522569
vt 0.04694509 0.02970302
vt 0.04392804 0.02832237
vt 0.04514684 0.02832237
vt 0.04147043 0.02832237
vt 0.04862347 0.02832237
vt 0.05433792 0.03262280
vt 0.05220001 0.01743549
vt 0.08784543 0.02040052
vt 0.05529698 0.01911040
vt 0.12600839 0.11370843
vt 0.10550827 0.10730306
vt 0.10165203 0.10949857
vt 0.08275036 0.10465492
vt 0.09553796 0.11348210
vt 0.10378996 0.11743172
vt 0.18159445 0.02502913
vt 0.04812399 0.04449423
vt 0.04228961 0.04482242
vt 0.04692514 0.04481109
vt 0.04840368 0.04481109
vt 0.05263959 0.04341912
vt 0.05319903 0.04267219
vt 0.05435792 0.04107651
vt 0.07285996 0.02387482
vt 0.09048287 0.09286268
vt 0.09048287 0.09569194
vt 0.09008325 0.09623513
vt 0.08972359 0.09677835
vt 0.08480835 0.10267445
vt 0.07513774 0.09427731
vt 0.07395889 0.09427731
vt 0.07903399 0.10092034
vt 0.08237074 0.10523206
vt 0.05180040 0.06193359
vt 0.07066209 0.07777726
vt 0.08332980 0.08852831
vt 0.05184035 0.04455081
vt 0.06007238 0.04954155
vt 0.09014319 0.09250055
vt 0.08480835 0.08625360
vt 0.08454861 0.08660444
vt 0.06235016 0.07740380
vt 0.08490826 0.08610650
vt 0.65119226 0.75685228
vt 0.67943248 0.75685228
vt 0.59595282 0.75685228
vt 0.69090412 0.77865584
vt 0.69353746 0.77865584
vt 0.69323477 0.75685228
vt 0.56822716 0.75685228
vt 0.68109723 0.78001259
vt 0.69747232 0.77998879
vt 0.69632213 0.75685228
vt 0.70733974 0.78334500
vt 0.54740265 0.75685228
vt 0.67713209 0.78060767
vt 0.69940948 0.75685228
vt 0.72011292 0.78924816
vt 0.72516769 0.79160466
vt 0.53671799 0.75685228
vt 0.58448118 0.82012065
vt 0.58787122 0.81543145
vt 0.59779918 0.80243502
vt 0.60518462 0.79817430
vt 0.61462829 0.79419920
vt 0.62168079 0.79236636
vt 0.65119226 0.78548727
vt 0.69989377 0.75685228
vt 0.72831560 0.79507990
vt 0.53574941 0.75685228
vt 0.58968731 0.83190315
vt 0.53335821 0.75685228
vt 0.70022673 0.75685228
vt 0.73585238 0.80362517
vt 0.59183635 0.83661615
vt 0.58266509 0.82711874
vt 0.53081569 0.75685228
vt 0.70022673 0.75685228
vt 0.75401328 0.82823748
vt 0.67189570 0.95208454
vt 0.68267117 0.96858001
vt 0.67171409 0.95208454
vt 0.67710183 0.96858001
vt 0.67903899 0.96858001
vt 0.53084595 0.75685228
vt 0.67704129 0.96858001
vt 0.69886465 0.75685228
vt 0.80834468 0.90471654
vt 0.69057117 0.97893432
vt 0.68270145 0.96589028
vt 0.69023821 0.97931516
vt 0.68763515 0.98295703
vt 0.53841301 0.75685228
vt 0.55212450 0.78284515
vt 0.58166624 0.82907060
vt 0.66342060 0.94615758
vt 0.68936044 0.98043393
vt 0.68763515 0.98267141
vt 0.69880411 0.75685228
vt 0.83334620 0.94054008
vt 0.69529301 0.99121668
vt 0.70007538 0.98755101
vt 0.70128611 0.98719397
vt 0.69163056 0.97776797
vt 0.68600068 0.97010342
vt 0.54131875 0.75685228
vt 0.55757276 0.77541861
vt 0.66463133 0.92792448
vt 0.69617079 0.99093103
vt 0.68569799 0.96779453
vt 0.69135814 0.96177236
vt 0.69771447 0.97276935
vt 0.70594740 0.98607523
vt 0.71418036 0.99533461
vt 0.82995618 0.94511025
vt 0.69750258 0.75685228
vt 0.83537416 0.94396771
vt 0.70912557 0.99745310
vt 0.71387767 0.99585824
vt 0.71757038 0.99438250
vt 0.70488802 0.98488508
vt 0.69253860 0.97691108
vt 0.71508840 0.99531077
vt 0.55070188 0.75685228
vt 0.55336549 0.76442162
vt 0.57930532 0.79941206
vt 0.57537045 0.78712970
vt 0.71000335 0.99695318
vt 0.71614780 0.98069574
vt 0.70673439 0.96779453
vt 0.73403628 0.99592968
vt 0.73403628 0.99945253
vt 0.73403628 0.98940765
vt 0.83498070 0.95315567
vt 0.83452665 0.95336991
vt 0.82820060 0.94813324
vt 0.82042168 0.93558906
vt 0.80837496 0.91768920
vt 0.80383471 0.90981041
vt 0.84003547 0.95208454
vt 0.80280561 0.91123858
vt 0.72105124 0.79408018
vt 0.69653400 0.75685228
vt 0.73403628 1.00000000
vt 0.73403628 0.99766730
vt 0.73403628 0.99695318
vt 0.73442977 0.99483475
vt 0.73103972 0.99440627
vt 0.72208036 0.99323995
vt 0.55272986 0.75685228
vt 0.56816662 0.75685228
vt 0.62358767 0.83661615
vt 0.73403628 0.96858001
vt 0.73403628 0.98114800
vt 0.70640143 0.95208454
vt 0.75383167 0.99476331
vt 0.75785735 0.99581069
vt 0.76167114 0.97850587
vt 0.77650254 0.97717290
vt 0.83498070 0.96667579
vt 0.83452665 0.96727087
vt 0.83274085 0.95639290
vt 0.83110635 0.95953488
vt 0.83737188 0.96722326
vt 0.83712972 0.96746127
vt 0.83691783 0.96767551
vt 0.83673622 0.96762790
vt 0.83564658 0.96708043
vt 0.80643777 0.92223557
vt 0.77683550 0.87584352
vt 0.69447576 0.75685228
vt 0.75095620 0.84037702
vt 0.69526273 0.75897074
vt 0.75864431 0.99588207
vt 0.75585963 0.99512040
vt 0.75528453 0.99495374
vt 0.75392248 0.99452532
vt 0.73815276 0.99483475
vt 0.57288847 0.75685228
vt 0.59595282 0.78712970
vt 0.67882711 0.90259808
vt 0.62358767 0.82012065
vt 0.67882711 0.88610261
vt 0.73403628 0.95208454
vt 0.76167114 0.95208454
vt 0.76167114 0.96858001
vt 0.78712668 0.98100520
vt 0.80916192 0.97881530
vt 0.78927572 0.98759862
vt 0.77165963 0.99231162
vt 0.78927572 0.98840793
vt 0.77244661 0.99257343
vt 0.78712668 0.96710424
vt 0.80335044 0.96062981
vt 0.79490559 0.97162681
vt 0.82929025 0.97550669
vt 0.82783738 0.97295978
vt 0.83274085 0.96470013
vt 0.83110635 0.96139152
vt 0.80335044 0.95951107
vt 0.81563932 0.95401259
vt 0.81043320 0.93558906
vt 0.83113660 0.97310258
vt 0.82850329 0.97567332
vt 0.82901786 0.97591136
vt 0.83722054 0.96741366
vt 0.83722054 0.96743747
vt 0.75513320 0.85311163
vt 0.72438073 0.80362517
vt 0.68917883 0.75685228
vt 0.69913707 0.77063420
vt 0.78927572 0.98695593
vt 0.76966194 0.99193078
vt 0.77399030 0.99038356
vt 0.76775503 0.99174035
vt 0.59595282 0.75685228
vt 0.59595282 0.77063420
vt 0.65119226 0.83661615
vt 0.67882711 0.83661615
vt 0.67882711 0.82012065
vt 0.70640143 0.85311163
vt 0.78894276 0.95322708
vt 0.81403508 0.98036251
vt 0.81545772 0.96650916
vt 0.81548797 0.98088618
vt 0.78927572 0.98831271
vt 0.81515500 0.98062433
vt 0.81527611 0.98045773
vt 0.81470101 0.98026730
vt 0.78927572 0.98771764
vt 0.82907839 0.97588753
vt 0.67882711 0.80362517
vt 0.69598918 0.80362517
vt 0.69371907 0.79303282
vt 0.77402055 0.91364268
vt 0.74417612 0.86565581
vt 0.82807954 0.97545908
vt 0.82411440 0.97700630
vt 0.81424696 0.98029110
vt 0.68857347 0.78203586
vt 0.68300412 0.75685228
vt 0.62812790 0.75685228
vt 0.65119226 0.77063420
vt 0.65246352 0.75685228
vt 0.65615625 0.75685228
vt 0.66184666 0.75685228
vt 0.66671984 0.75866129
vt 0.66611447 0.75685228
vt 0.67988650 0.75685228
vt 0.70642717 0.77488946
vt 0.67955368 0.77612687
vt 0.67635622 0.77664790
vt 0.72289502 0.77758140
vt 0.69469081 0.77842806
vt 0.68946027 0.77842806
vt 0.66465682 0.77881881
vt 0.67609746 0.77666961
vt 0.67713247 0.78062067
vt 0.65120159 0.78548352
vt 0.72015962 0.77890565
vt 0.69354489 0.77866684
vt 0.73477923 0.78715513
vt 0.77329667 0.81225095
vt 0.77329667 0.81164307
vt 0.77237255 0.81301074
vt 0.69090191 0.77866684
vt 0.68105075 0.78001283
vt 0.65330860 0.78131536
vt 0.62170361 0.79236533
vt 0.60872892 0.79499214
vt 0.72516836 0.79160551
vt 0.70851567 0.78298697
vt 0.70735129 0.78335604
vt 0.74590567 0.79816168
vt 0.77329667 0.81468234
vt 0.77329667 0.81264170
vt 0.77237255 0.81316271
vt 0.77329667 0.81292390
vt 0.62357034 0.78830572
vt 0.61462482 0.79421062
vt 0.60909857 0.79510069
vt 0.59778732 0.80243838
vt 0.60560540 0.79360277
vt 0.77237255 0.81359690
vt 0.77237255 0.81921957
vt 0.72829190 0.79510069
vt 0.72010418 0.78923922
vt 0.74646015 0.79887807
vt 0.77329667 0.82110827
vt 0.77329667 0.81711379
vt 0.77329667 0.98874647
vt 0.77237255 0.85705865
vt 0.60615987 0.79360277
vt 0.60519877 0.79818339
vt 0.61011511 0.79546976
vt 0.58788072 0.81544219
vt 0.59632720 0.80369753
vt 0.59495950 0.80363240
vt 0.59588362 0.80363240
vt 0.59664140 0.80363240
vt 0.59492253 0.80363240
vt 0.59490405 0.80363240
vt 0.77045038 0.85269510
vt 0.75973055 0.83663031
vt 0.75401948 0.82822887
vt 0.73583273 0.80363240
vt 0.77329667 0.83639153
vt 0.77329667 0.83513239
vt 0.77329667 0.98874647
vt 0.77237255 0.99072198
vt 0.60543905 0.79442769
vt 0.58447995 0.82013136
vt 0.59749159 0.80363240
vt 0.58457236 0.82013136
vt 0.58562586 0.82013136
vt 0.77329667 0.98737877
vt 0.77329667 0.98813859
vt 0.77237255 0.98957139
vt 0.77237255 0.99024440
vt 0.77237255 0.99065686
vt 0.76775194 0.99174232
vt 0.76791827 0.99167719
vt 0.58969200 0.83191943
vt 0.58656847 0.82013136
vt 0.58993227 0.82013136
vt 0.59052371 0.82015307
vt 0.59730677 0.80506520
vt 0.59183596 0.83663031
vt 0.59203927 0.83663031
vt 0.76165272 0.98987533
vt 0.77329667 0.98755245
vt 0.77329667 0.98809517
vt 0.76608850 0.99109105
vt 0.77237255 0.98937603
vt 0.75228213 0.99430398
vt 0.75411189 0.99458620
vt 0.75394554 0.99454278
vt 0.75401948 0.99458620
vt 0.59240892 0.83663031
vt 0.59902564 0.83663031
vt 0.59732525 0.83246215
vt 0.59093033 0.82015307
vt 0.59950618 0.83663031
vt 0.59582817 0.82015307
vt 0.67188346 0.95205796
vt 0.66607997 0.94215859
vt 0.75928697 0.99000559
vt 0.74854867 0.99343564
vt 0.74912162 0.99356590
vt 0.76165272 0.99015756
vt 0.76292802 0.99054833
vt 0.76553405 0.99098250
vt 0.75200487 0.99423885
vt 0.73403994 0.99662688
vt 0.73814305 0.99482501
vt 0.73403994 0.99658346
vt 0.73403994 0.99614926
vt 0.64147984 0.90440635
vt 0.60414527 0.83587049
vt 0.59656747 0.82147731
vt 0.68269569 0.96586500
vt 0.69132700 0.97808725
vt 0.69132700 0.97806554
vt 0.67301089 0.95205796
vt 0.69177057 0.96154487
vt 0.60449644 0.83550146
vt 0.73402146 0.99113447
vt 0.73402146 0.99180745
vt 0.74511093 0.99343564
vt 0.74235703 0.99356590
vt 0.73403994 0.99512895
vt 0.72006721 0.99337051
vt 0.71546508 0.99549802
vt 0.73444656 0.99482501
vt 0.71540964 0.99541118
vt 0.68602253 0.97007658
vt 0.69165968 0.97767479
vt 0.70241647 0.98633673
vt 0.70160324 0.98631502
vt 0.70164020 0.98616305
vt 0.69245443 0.97695839
vt 0.68552351 0.96855694
vt 0.69768496 0.96979435
vt 0.69716746 0.96907795
vt 0.71149136 0.98329745
vt 0.72285806 0.99324025
vt 0.70415382 0.98525129
vt 0.71808958 0.99419543
vt 0.71622287 0.99486843
vt 0.72206332 0.99324025
vt 0.69252835 0.97689326
vt 0.70079001 0.98223370
vt 0.70489312 0.98486051
vt 0.62359024 0.75687517
vt 0.62359024 0.77063617
vt 0.67883633 0.80363963
vt 0.65121328 0.75687517
vt 0.59596720 0.75687517
vt 0.62359024 0.78714937
vt 0.70642989 0.88609093
vt 0.73402346 0.91909438
vt 0.73402346 0.88609093
vt 0.70642989 0.82012988
vt 0.67883633 0.78714937
vt 0.67883633 0.77063617
vt 0.67883633 0.75687517
vt 0.59596720 0.77063617
vt 0.70642989 0.91909438
vt 0.57556683 0.75687517
vt 0.70642989 0.90258118
vt 0.73402346 0.93558464
vt 0.76164649 0.95207492
vt 0.76164649 0.93558464
vt 0.78926952 0.93558464
vt 0.73402346 0.85313334
vt 0.73402346 0.83662017
vt 0.76164649 0.86962359
vt 0.73402346 0.82012988
vt 0.70212577 0.75687517
vt 0.67883633 0.88609093
vt 0.60451649 0.80363963
vt 0.70374719 0.93714421
vt 0.70996752 0.95207492
vt 0.73402346 0.95207492
vt 0.58187562 0.77923678
vt 0.57963511 0.77063617
vt 0.56306719 0.75687517
vt 0.76164649 0.96856517
vt 0.78926952 0.95207492
vt 0.81689258 0.95207492
vt 0.81689258 0.93558464
vt 0.78926952 0.91909438
vt 0.76164649 0.88609093
vt 0.75247813 0.82012988
vt 0.74935321 0.80941925
vt 0.72214289 0.77575066
vt 0.71839891 0.76476482
vt 0.71612891 0.75687517
vt 0.60787725 0.81476311
vt 0.66335917 0.89661809
vt 0.68980300 0.93269483
vt 0.68579368 0.91909438
vt 0.69272156 0.94370362
vt 0.71568671 0.96452860
vt 0.73249049 0.96943670
vt 0.57975303 0.78251649
vt 0.55708269 0.75687517
vt 0.74065652 0.97902352
vt 0.76164649 0.97948223
vt 0.78184049 0.97817491
vt 0.79033082 0.96957430
vt 0.81689258 0.96480384
vt 0.83366687 0.96186816
vt 0.83522933 0.95207492
vt 0.83366687 0.93558464
vt 0.81757063 0.91987417
vt 0.83157376 0.92590608
vt 0.74466585 0.79841046
vt 0.72270302 0.75859530
vt 0.72013823 0.75687517
vt 0.72226080 0.97551448
vt 0.60908593 0.82944149
vt 0.66465631 0.91131943
vt 0.69086430 0.94645582
vt 0.69667191 0.95200610
vt 0.71141206 0.96943670
vt 0.69513894 0.95659309
vt 0.55643412 0.75687517
vt 0.69460829 0.95732701
vt 0.73249049 0.98209680
vt 0.76164649 0.98491782
vt 0.80026569 0.97574382
vt 0.79033082 0.97984918
vt 0.81627350 0.97292282
vt 0.83891438 0.96450568
vt 0.84681509 0.95207492
vt 0.84236355 0.93558464
vt 0.83446284 0.92228235
vt 0.75200643 0.80380018
vt 0.74870464 0.79414454
vt 0.72397067 0.75687517
vt 0.71730812 0.97906939
vt 0.70404199 0.96856517
vt 0.55434102 0.75687517
vt 0.60492922 0.83485417
vt 0.70141824 0.96856517
vt 0.70303966 0.96856517
vt 0.69180766 0.96152414
vt 0.69879450 0.96856517
vt 0.73402346 0.98728014
vt 0.76164649 0.98803697
vt 0.80666292 0.97764742
vt 0.82252331 0.97464295
vt 0.84298266 0.96640928
vt 0.85459789 0.95207492
vt 0.84843650 0.93558464
vt 0.80462878 0.87558671
vt 0.72414756 0.75687517
vt 0.71533293 0.98060604
vt 0.55383985 0.75687517
vt 0.60448701 0.83547340
vt 0.71483177 0.98104181
vt 0.69770372 0.96980367
vt 0.69180766 0.96157001
vt 0.73402346 0.98787642
vt 0.78926952 0.98269312
vt 0.76164649 0.98838100
vt 0.80869706 0.97815200
vt 0.80890343 0.97822081
vt 0.81079014 0.97874831
vt 0.82278864 0.97482642
vt 0.82461642 0.97507871
vt 0.85501062 0.95207492
vt 0.82455748 0.97512458
vt 0.84080109 0.96760188
vt 0.84227512 0.96689091
vt 0.84230460 0.96686799
vt 0.84864288 0.93558464
vt 0.72402964 0.75687517
vt 0.55472426 0.75687517
vt 0.59581979 0.82012988
vt 0.59655681 0.82148307
vt 0.73402346 0.98851860
vt 0.71374101 0.98150052
vt 0.71238490 0.98262433
vt 0.73402346 0.99042221
vt 0.69888293 0.97097335
vt 0.78926952 0.98296835
vt 0.76164649 0.98895437
vt 0.78926952 0.98393161
vt 0.78926952 0.98397748
vt 0.81076068 0.97877123
vt 0.81193990 0.97847307
vt 0.85159088 0.95207492
vt 0.72382326 0.75687517
vt 0.85085388 0.95065295
vt 0.84286471 0.93558464
vt 0.84206874 0.93436909
vt 0.56053188 0.75687517
vt 0.59750017 0.80363963
vt 0.59732330 0.80503865
vt 0.71150050 0.98326648
vt 0.71150050 0.98328943
vt 0.73402346 0.99115615
vt 0.76164649 0.98913787
vt 0.76164649 0.98929842
vt 0.76164649 0.98955068
vt 0.76164649 0.98966537
vt 0.78691111 0.98450498
vt 0.78926952 0.98397748
vt 0.72249667 0.75916867
vt 0.72084575 0.75687517
vt 0.77774273 0.84246857
vt 0.56168161 0.75687517
vt 0.60616739 0.79357115
vt 0.60543038 0.79441975
vt 0.75928806 0.99003231
vt 0.76164649 0.98987179
vt 0.74646413 0.79884622
vt 0.74593350 0.79815817
vt 0.71984342 0.75687517
vt 0.57441710 0.75687517
vt 0.62359024 0.78831906
vt 0.73478995 0.78714937
vt 0.71866421 0.75687517
vt 0.57742410 0.75687517
vt 0.66465631 0.77882397
vt 0.65360119 0.78125507
vt 0.65330638 0.78132389
vt 0.72290937 0.77758547
vt 0.71763242 0.75687517
vt 0.59605564 0.75687517
vt 0.67609466 0.77664513
vt 0.70642989 0.77487914
vt 0.70828714 0.75687517
vt 0.60248235 0.75687517
vt 0.65147861 0.75687517
vt 0.67883633 0.75687517
vt 0.69101169 0.75687517
vt 0.70424835 0.75687517
vt 0.85732443 0.79259804
vt 0.85732443 0.79333514
vt 0.85347416 0.79411106
vt 0.77237737 0.81314017
vt 0.77237737 0.81298501
vt 0.77237737 0.81292682
vt 0.85732443 0.79337393
vt 0.85732443 0.79482876
vt 0.85614355 0.79490637
vt 0.77237737 0.81358634
vt 0.77237737 0.98896083
vt 0.85732443 0.91016741
vt 0.85732443 0.80332495
vt 0.77237737 0.85705655
vt 0.77237737 0.81921166
vt 0.77237737 0.98917421
vt 0.78930027 0.98512009
vt 0.84727047 0.95208583
vt 0.85732443 0.91069117
vt 0.85732443 0.82012336
vt 0.78279723 0.86941289
vt 0.77237737 0.99074544
vt 0.77237737 0.98934880
vt 0.79495508 0.98368466
vt 0.78930027 0.98515890
vt 0.84056787 0.96702206
vt 0.84054290 0.96706085
vt 0.83848056 0.96709964
vt 0.85732443 0.90999285
vt 0.85732443 0.91069117
vt 0.85732443 0.83663078
vt 0.84002732 0.95208583
vt 0.83537873 0.94397759
vt 0.83336628 0.94054421
vt 0.80835202 0.90471669
vt 0.77237737 0.99066783
vt 0.78930027 0.98696286
vt 0.78930027 0.98694348
vt 0.77237737 0.98938759
vt 0.81196943 0.97933958
vt 0.81206922 0.97935899
vt 0.77237737 0.98958156
vt 0.78930027 0.98537226
vt 0.82960748 0.97319051
vt 0.82870105 0.97592558
vt 0.83807309 0.96766218
vt 0.83115424 0.97311293
vt 0.83738286 0.96721603
vt 0.85732443 0.90993465
vt 0.85732443 0.88611429
vt 0.85732443 0.90205920
vt 0.77237737 0.99059025
vt 0.81428127 0.98029007
vt 0.81488832 0.98007669
vt 0.78930027 0.98632275
vt 0.77237737 0.99024109
vt 0.82227286 0.97633293
vt 0.82587365 0.97532425
vt 0.82577386 0.97528546
vt 0.82412729 0.97699246
vt 0.82807735 0.97546005
vt 0.77332274 0.98876641
vt 0.78929412 0.98513076
vt 0.78929412 0.98505384
vt 0.77332274 0.98811240
vt 0.77332274 0.81292868
vt 0.79496056 0.98368806
vt 0.82524198 0.97533959
vt 0.81144182 0.97882132
vt 0.78929412 0.98436133
vt 0.78929412 0.98397660
vt 0.78693376 0.98451522
vt 0.77332274 0.98757378
vt 0.77332274 0.81262087
vt 0.85733270 0.79336549
vt 0.81196815 0.97934070
vt 0.82489656 0.97528186
vt 0.81195170 0.97847508
vt 0.82558739 0.97533959
vt 0.84213443 0.96704878
vt 0.84229070 0.96689490
vt 0.81076742 0.97876362
vt 0.77332274 0.98740063
vt 0.77332274 0.81240929
vt 0.85733270 0.79224979
vt 0.85733270 0.91016744
vt 0.82227305 0.97633984
vt 0.84081035 0.96758740
vt 0.82457582 0.97512797
vt 0.82576833 0.97528186
vt 0.82960079 0.97318511
vt 0.84056362 0.96702955
vt 0.85145242 0.95208306
vt 0.85158402 0.95208306
vt 0.77332274 0.83639678
vt 0.77332274 0.81163983
vt 0.85733270 0.79298076
vt 0.77332274 0.81223617
vt 0.85733270 0.91022517
vt 0.84865621 0.95208306
vt 0.84727455 0.95208306
vt 0.85733270 0.91026363
vt 0.85733270 0.91026363
vt 0.85733270 0.91018671
vt 0.85733270 0.90997509
vt 0.85733270 0.90974428
vt 0.85733270 0.90895558
vt 0.85733270 0.90843619
vt 0.85733270 0.90204979
vt 0.85733270 0.89624047
vt 0.85733270 0.88542975
vt 0.85733270 0.87754294
vt 0.85733270 0.86961763
vt 0.85733270 0.86198087
vt 0.85733270 0.83662760
vt 0.85733270 0.82899087
vt 0.85733270 0.82012298
vt 0.85086850 0.95065959
vt 0.77775559 0.84247542
vt 0.85733270 0.81248622
vt 0.85733270 0.80332982
vt 0.85733270 0.79884778
vt 0.85733270 0.79480820
vt 0.77332274 0.83512719
vt 0.85733270 0.79326930
vt 0.85618131 0.79492362
vt 0.85733270 0.79455812
vt 0.77332274 0.81465992
vt 0.84207687 0.93436655
vt 0.84287462 0.93557844
vt 0.77332274 0.82108479
vt 0.77332274 0.81712214
f 1/1/1 2/2/2 7/7/7
f 1/1/1 7/7/7 3/3/3
f 1/1/1 3/3/3 4/4/4
f 1/1/1 4/4/4 5/5/5
f 1/1/1 5/5/5 6/6/6
f 1/1/1 6/6/6 2/2/2
f 2/2/2 6/6/6 8/8/8
f 2/2/2 8/8/8 7/7/7
f 3/3/3 7/7/7 9/9/9
f 3/3/3 9/9/9 10/10/10
f 3/3/3 10/10/10 11/11/11
f 3/3/3 11/11/11 4/4/4
f 4/4/4 12/12/12 13/13/13
f 4/4/4 13/13/13 14/14/14
f 4/4/4 14/14/14 15/15/15
f 4/4/4 15/15/15 5/5/5
f 4/4/4 11/11/11 16/16/16
f 4/4/4 16/16/16 12/12/12
f 5/5/5 15/15/15 17/17/17
f 5/5/5 17/17/17 6/6/6
f 6/6/6 17/17/17 18/18/18
f 6/6/6 18/18/18 19/19/19
f 6/6/6 19/19/19 20/20/20
f 6/6/6 20/20/20 8/8/8
f 7/7/7 8/8/8 21/21/21
f 7/7/7 21/21/21 22/22/22
f 7/7/7 22/22/22 9/9/9
f 8/8/8 20/20/20 23/23/23
f 8/8/8 23/23/23 21/21/21
f 9/9/9 22/22/22 24/24/24
f 9/9/9 24/24/24 25/25/25
f 9/9/9 25/25/25 26/26/26
f 9/9/9 26/26/26 11/11/11
f 9/9/9 11/11/11 10/10/10
f 11/11/11 26/26/26 27/27/27
f 11/11/11 27/27/27 16/16/16
f 12/12/12 16/16/16 27/27/27
f 12/12/12 27/27/27 45/45/45
f 12/12/12 45/45/45 67/67/67
f 12/12/12 67/67/67 93/93/93
f 12/12/12 93/93/93 117/117/117
f 12/12/12 117/117/117 140/140/140
f 12/12/12 140/140/140 167/167/167
f 12/12/12 167/167/167 178/178/178
f 12/12/12 178/178/178 184/184/184
f 12/12/12 184/184/184 182/182/182
f 12/12/12 182/182/182 181/181/181
f 12/12/12 181/181/181 180/180/180
f 12/12/12 180/180/180 179/179/179
f 12/12/12 179/179/179 171/171/171
f 12/12/12 171/171/171 151/151/151
f 12/12/12 151/151/151 169/169/169
f 12/12/12 169/169/169 148/148/148
f 12/12/12 148/148/148 141/141/141
f 12/12/12 141/141/141 142/142/142
f 12/12/12 142/142/142 147/147/147
f 12/12/12 147/147/147 145/145/145
f 12/12/12 145/145/145 121/121/121
f 12/12/12 121/121/121 97/97/97
f 12/12/12 97/97/97 96/96/96
f 12/12/12 96/96/96 71/71/71
f 12/12/12 71/71/71 69/69/69
f 12/12/12 69/69/69 68/68/68
f 12/12/12 68/68/68 46/46/46
f 12/12/12 46/46/46 29/29/29
f 12/12/12 29/29/29 28/28/28
f 12/12/12 28/28/28 14/14/14
f 12/12/12 14/14/14 13/13/13
f 14/14/14 28/28/28 15/15/15
f 15/15/15 28/28/28 17/17/17
f 17/17/17 28/28/28 29/29/29
f 17/17/17 29/29/29 30/30/30
f 17/17/17 30/30/30 31/31/31
f 17/17/17 31/31/31 18/18/18
f 18/18/18 31/31/31 32/32/32
f 18/18/18 32/32/32 33/33/33
f 18/18/18 33/33/33 19/19/19
f 19/19/19 34/34/34 35/35/35
f 19/19/19 35/35/35 36/36/36
f 19/19/19 36/36/36 20/20/20
f 19/19/19 33/33/33 34/34/34
f 20/20/20 36/36/36 37/37/37
f 20/20/20 37/37/37 23/23/23
f 21/21/21 38/38/38 22/22/22
f 21/21/21 23/23/23 38/38/38
f 22/22/22 38/38/38 39/39/39
f 22/22/22 39/39/39 24/24/24
f 23/23/23 37/37/37 38/38/38
f 24/24/24 39/39/39 40/40/40
f 24/24/24 40/40/40 41/41/41
f 24/24/24 41/41/41 25/25/25
f 25/25/25 41/41/41 42/42/42
f 25/25/25 42/42/42 43/43/43
f 25/25/25 43/43/43 44/44/44
f 25/25/25 44/44/44 45/45/45
f 25/25/25 45/45/45 26/26/26
f 26/26/26 45/45/45 27/27/27
f 29/29/29 46/46/46 30/30/30
f 30/30/30 46/46/46 47/47/47
f 30/30/30 47/47/47 31/31/31
f 31/31/31 47/47/47 48/48/48
f 31/31/31 48/48/48 32/32/32
f 32/32/32 48/48/48 49/49/49
f 32/32/32 49/49/49 33/33/33
f 33/33/33 50/50/50 51/51/51
f 33/33/33 51/51/51 34/34/34
f 33/33/33 49/49/49 52/52/52
f 33/33/33 52/52/52 50/50/50
f 34/34/34 51/51/51 35/35/35
f 35/35/35 51/51/51 53/53/53
f 35/35/35 53/53/53 54/54/54
f 35/35/35 54/54/54 55/55/55
f 35/35/35 55/55/55 36/36/36
f 36/36/36 55/55/55 37/37/37
f 37/37/37 55/55/55 56/56/56
f 37/37/37 56/56/56 57/57/57
f 37/37/37 57/57/57 58/58/58
f 37/37/37 58/58/58 38/38/38
f 38/38/38 58/58/58 39/39/39
f 39/39/39 59/59/59 40/40/40
f 39/39/39 58/58/58 59/59/59
f 40/40/40 60/60/60 61/61/61
f 40/40/40 61/61/61 62/62/62
f 40/40/40 62/62/62 63/63/63
f 40/40/40 63/63/63 42/42/42
f 40/40/40 42/42/42 41/41/41
f 40/40/40 59/59/59 60/60/60
f 42/42/42 63/63/63 62/62/62
f 42/42/42 62/62/62 64/64/64
f 42/42/42 64/64/64 65/65/65
f 42/42/42 65/65/65 43/43/43
f 43/43/43 65/65/65 66/66/66
f 43/43/43 66/66/66 44/44/44
f 44/44/44 66/66/66 67/67/67
f 44/44/44 67/67/67 45/45/45
f 46/46/46 68/68/68 47/47/47
f 47/47/47 69/69/69 48/48/48
f 47/47/47 68/68/68 69/69/69
f 48/48/48 70/70/70 49/49/49
f 48/48/48 69/69/69 71/71/71
f 48/48/48 71/71/71 72/72/72
f 48/48/48 72/72/72 73/73/73
f 48/48/48 73/73/73 70/70/70
f 49/49/49 70/70/70 74/74/74
f 49/49/49 74/74/74 52/52/52
f 50/50/50 53/53/53 51/51/51
f 50/50/50 52/52/52 75/75/75
f 50/50/50 75/75/75 76/76/76
f 50/50/50 76/76/76 53/53/53
f 52/52/52 74/74/74 75/75/75
f 53/53/53 76/76/76 54/54/54
f 54/54/54 76/76/76 77/77/77
f 54/54/54 77/77/77 78/78/78
f 54/54/54 78/78/78 56/56/56
f 54/54/54 56/56/56 55/55/55
f 56/56/56 78/78/78 79/79/79
f 56/56/56 79/79/79 80/80/80
f 56/56/56 80/80/80 57/57/57
f 57/57/57 80/80/80 81/81/81
f 57/57/57 81/81/81 58/58/58
f 58/58/58 81/81/81 59/59/59
f 59/59/59 82/82/82 60/60/60
f 59/59/59 81/81/81 82/82/82
f 60/60/60 83/83/83 84/84/84
f 60/60/60 84/84/84 61/61/61
f 60/60/60 82/82/82 85/85/85
f 60/60/60 85/85/85 86/86/86
f 60/60/60 86/86/86 83/83/83
f 61/61/61 84/84/84 87/87/87
f 61/61/61 87/87/87 62/62/62
f 62/62/62 87/87/87 88/88/88
f 62/62/62 88/88/88 89/89/89
f 62/62/62 89/89/89 90/90/90
f 62/62/62 90/90/90 64/64/64
f 64/64/64 90/90/90 65/65/65
f 65/65/65 90/90/90 91/91/91
f 65/65/65 91/91/91 92/92/92
f 65/65/65 92/92/92 66/66/66
f 66/66/66 92/92/92 93/93/93
f 66/66/66 93/93/93 67/67/67
f 70/70/70 94/94/94 74/74/74
f 70/70/70 73/73/73 95/95/95
f 70/70/70 95/95/95 94/94/94
f 71/71/71 96/96/96 72/72/72
f 72/72/72 96/96/96 73/73/73
f 73/73/73 96/96/96 97/97/97
f 73/73/73 97/97/97 98/98/98
f 73/73/73 98/98/98 99/99/99
f 73/73/73 99/99/99 100/100/100
f 73/73/73 100/100/100 95/95/95
f 74/74/74 94/94/94 101/101/101
f 74/74/74 101/101/101 75/75/75
f 75/75/75 101/101/101 76/76/76
f 76/76/76 101/101/101 77/77/77
f 77/77/77 102/102/102 103/103/103
f 77/77/77 103/103/103 78/78/78
f 77/77/77 101/101/101 102/102/102
f 78/78/78 103/103/103 104/104/104
f 78/78/78 104/104/104 79/79/79
f 79/79/79 104/104/104 105/105/105
f 79/79/79 105/105/105 106/106/106
f 79/79/79 106/106/106 80/80/80
f 80/80/80 106/106/106 107/107/107
f 80/80/80 107/107/107 108/108/108
f 80/80/80 108/108/108 81/81/81
f 81/81/81 108/108/108 85/85/85
f 81/81/81 85/85/85 82/82/82
f 83/83/83 109/109/109 88/88/88
f 83/83/83 88/88/88 87/87/87
f 83/83/83 87/87/87 84/84/84
f 83/83/83 86/86/86 110/110/110
f 83/83/83 110/110/110 111/111/111
f 83/83/83 111/111/111 109/109/109
f 85/85/85 108/108/108 110/110/110
f 85/85/85 110/110/110 86/86/86
f 88/88/88 109/109/109 112/112/112
f 88/88/88 112/112/112 89/89/89
f 89/89/89 112/112/112 90/90/90
f 90/90/90 112/112/112 113/113/113
f 90/90/90 113/113/113 91/91/91
f 91/91/91 113/113/113 114/114/114
f 91/91/91 114/114/114 115/115/115
f 91/91/91 115/115/115 92/92/92
f 92/92/92 115/115/115 116/116/116
f 92/92/92 116/116/116 117/117/117
f 92/92/92 117/117/117 93/93/93
f 94/94/94 95/95/95 100/100/100
f 94/94/94 100/100/100 118/118/118
f 94/94/94 118/118/118 119/119/119
f 94/94/94 119/119/119 120/120/120
f 94/94/94 120/120/120 101/101/101
f 97/97/97 121/121/121 122/122/122
f 97/97/97 122/122/122 98/98/98
f 98/98/98 122/122/122 99/99/99
f 99/99/99 122/122/122 100/100/100
f 100/100/100 122/122/122 123/123/123
f 100/100/100 123/123/123 118/118/118
f 101/101/101 120/120/120 102/102/102
f 102/102/102 120/120/120 124/124/124
f 102/102/102 124/124/124 125/125/125
f 102/102/102 125/125/125 103/103/103
f 103/103/103 125/125/125 126/126/126
f 103/103/103 126/126/126 104/104/104
f 104/104/104 126/126/126 127/127/127
f 104/104/104 127/127/127 128/128/128
f 104/104/104 128/128/128 129/129/129
f 104/104/104 129/129/129 106/106/106
f 104/104/104 106/106/106 105/105/105
f 106/106/106 129/129/129 158/158/158
f 106/106/106 158/158/158 130/130/130
f 106/106/106 130/130/130 107/107/107
f 107/107/107 131/131/131 111/111/111
f 107/107/107 111/111/111 110/110/110
f 107/107/107 110/110/110 108/108/108
f 107/107/107 130/130/130 158/158/158
f 107/107/107 158/158/158 131/131/131
f 109/109/109 111/111/111 132/132/132
f 109/109/109 132/132/132 133/133/133
f 109/109/109 133/133/133 134/134/134
f 109/109/109 134/134/134 112/112/112
f 111/111/111 131/131/131 135/135/135
f 111/111/111 135/135/135 136/136/136
f 111/111/111 136/136/136 132/132/132
f 112/112/112 134/134/134 137/137/137
f 112/112/112 137/137/137 114/114/114
f 112/112/112 114/114/114 113/113/113
f 114/114/114 137/137/137 115/115/115
f 115/115/115 137/137/137 138/138/138
f 115/115/115 138/138/138 139/139/139
f 115/115/115 139/139/139 116/116/116
f 116/116/116 139/139/139 140/140/140
f 116/116/116 140/140/140 117/117/117
f 118/118/118 141/141/141 119/119/119
f 118/118/118 123/123/123 142/142/142
f 118/118/118 142/142/142 141/141/141
f 119/119/119 141/141/141 143/143/143
f 119/119/119 143/143/143 144/144/144
f 119/119/119 144/144/144 124/124/124
f 119/119/119 124/124/124 120/120/120
f 121/121/121 145/145/145 122/122/122
f 122/122/122 145/145/145 146/146/146
f 122/122/122 146/146/146 123/123/123
f 123/123/123 146/146/146 147/147/147
f 123/123/123 147/147/147 142/142/142
f 124/124/124 144/144/144 148/148/148
f 124/124/124 148/148/148 149/149/149
f 124/124/124 149/149/149 150/150/150
f 124/124/124 150/150/150 151/151/151
f 124/124/124 151/151/151 152/152/152
f 124/124/124 152/152/152 153/153/153
f 124/124/124 153/153/153 125/125/125
f 125/125/125 153/153/153 154/154/154
f 125/125/125 154/154/154 126/126/126
f 126/126/126 155/155/155 127/127/127
f 126/126/126 154/154/154 155/155/155
f 127/127/127 156/156/156 129/129/129
f 127/127/127 129/129/129 128/128/128
f 127/127/127 155/155/155 157/157/157
f 127/127/127 157/157/157 156/156/156
f 129/129/129 156/156/156 135/135/135
f 129/129/129 135/135/135 158/158/158
f 131/131/131 158/158/158 135/135/135
f 132/132/132 159/159/159 133/133/133
f 132/132/132 136/136/136 159/159/159
f 133/133/133 159/159/159 160/160/160
f 133/133/133 160/160/160 161/161/161
f 133/133/133 161/161/161 162/162/162
f 133/133/133 162/162/162 138/138/138
f 133/133/133 138/138/138 134/134/134
f 134/134/134 138/138/138 137/137/137
f 135/135/135 163/163/163 136/136/136
f 135/135/135 156/156/156 163/163/163
f 136/136/136 163/163/163 159/159/159
f 138/138/138 162/162/162 164/164/164
f 138/138/138 164/164/164 165/165/165
f 138/138/138 165/165/165 166/166/166
f 138/138/138 166/166/166 167/167/167
f 138/138/138 167/167/167 168/168/168
f 138/138/138 168/168/168 139/139/139
f 139/139/139 168/168/168 140/140/140
f 140/140/140 168/168/168 167/167/167
f 141/141/141 148/148/148 143/143/143
f 143/143/143 148/148/148 144/144/144
f 145/145/145 147/147/147 146/146/146
f 148/148/148 169/169/169 149/149/149
f 149/149/149 169/169/169 151/151/151
f 149/149/149 151/151/151 150/150/150
f 151/151/151 170/170/170 152/152/152
f 151/151/151 171/171/171 172/172/172
f 151/151/151 172/172/172 170/170/170
f 152/152/152 170/170/170 172/172/172
f 152/152/152 172/172/172 153/153/153
f 153/153/153 172/172/172 154/154/154
f 154/154/154 172/172/172 155/155/155
f 155/155/155 172/172/172 173/173/173
f 155/155/155 173/173/173 174/174/174
f 155/155/155 174/174/174 175/175/175
f 155/155/155 175/175/175 157/157/157
f 156/156/156 157/157/157 163/163/163
f 157/157/157 175/175/175 176/176/176
f 157/157/157 176/176/176 163/163/163
f 159/159/159 177/177/177 160/160/160
f 159/159/159 163/163/163 176/176/176
f 159/159/159 176/176/176 177/177/177
f 160/160/160 177/177/177 161/161/161
f 161/161/161 165/165/165 162/162/162
f 161/161/161 177/177/177 178/178/178
f 161/161/161 178/178/178 165/165/165
f 162/162/162 165/165/165 164/164/164
f 165/165/165 178/178/178 166/166/166
f 166/166/166 178/178/178 167/167/167
f 171/171/171 179/179/179 173/173/173
f 171/171/171 173/173/173 172/172/172
f 173/173/173 179/179/179 180/180/180
f 173/173/173 180/180/180 174/174/174
f 174/174/174 180/180/180 181/181/181
f 174/174/174 181/181/181 175/175/175
f 175/175/175 181/181/181 182/182/182
f 175/175/175 182/182/182 183/183/183
f 175/175/175 183/183/183 176/176/176
f 176/176/176 183/183/183 184/184/184
f 176/176/176 184/184/184 178/178/178
f 176/176/176 178/178/178 177/177/177
f 182/182/182 184/184/184 183/183/183
f 185/185/185 186/186/186 190/190/190
f 185/185/185 190/190/190 195/195/195
f 185/185/185 195/195/195 213/213/213
f 185/185/185 213/213/213 222/222/222
f 185/185/185 222/222/222 232/232/232
f 185/185/185 232/232/232 244/244/244
f 185/185/185 244/244/244 255/255/255
f 185/185/185 255/255/255 270/270/270
f 185/185/185 270/270/270 277/277/277
f 185/185/185 277/277/277 289/289/289
f 185/185/185 289/289/289 302/302/302
f 185/185/185 302/302/302 315/315/315
f 185/185/185 315/315/315 312/312/312
f 185/185/185 312/312/312 297/297/297
f 185/185/185 297/297/297 282/282/282
f 185/185/185 282/282/282 274/274/274
f 185/185/185 274/274/274 269/269/269
f 185/185/185 269/269/269 267/267/267
f 185/185/185 267/267/267 266/266/266
f 185/185/185 266/266/266 264/264/264
f 185/185/185 264/264/264 263/263/263
f 185/185/185 263/263/263 249/249/249
f 185/185/185 249/249/249 247/247/247
f 185/185/185 247/247/247 236/236/236
f 185/185/185 236/236/236 226/226/226
f 185/185/185 226/226/226 217/217/217
f 185/185/185 217/217/217 204/204/204
f 185/185/185 204/204/204 192/192/192
f 185/185/185 192/192/192 187/187/187
f 185/185/185 187/187/187 188/188/188
f 185/185/185 188/188/188 189/189/189
f 185/185/185 189/189/189 186/186/186
f 186/186/186 189/189/189 191/191/191
f 186/186/186 191/191/191 190/190/190
f 187/187/187 192/192/192 193/193/193
f 187/187/187 193/193/193 194/194/194
f 187/187/187 194/194/194 188/188/188
f 188/188/188 194/194/194 193/193/193
f 188/188/188 193/193/193 191/191/191
f 188/188/188 191/191/191 189/189/189
f 190/190/190 191/191/191 196/196/196
f 190/190/190 196/196/196 197/197/197
f 190/190/190 197/197/197 198/198/198
f 190/190/190 198/198/198 199/199/199
f 190/190/190 199/199/199 195/195/195
f 191/191/191 193/193/193 200/200/200
f 191/191/191 200/200/200 210/210/210
f 191/191/191 210/210/210 209/209/209
f 191/191/191 209/209/209 206/206/206
f 191/191/191 206/206/206 205/205/205
f 191/191/191 205/205/205 218/218/218
f 191/191/191 218/218/218 227/227/227
f 191/191/191 227/227/227 239/239/239
f 191/191/191 239/239/239 238/238/238
f 191/191/191 238/238/238 237/237/237
f 191/191/191 237/237/237 248/248/248
f 191/191/191 248/248/248 262/262/262
f 191/191/191 262/262/262 273/273/273
f 191/191/191 273/273/273 281/281/281
f 191/191/191 281/281/281 294/294/294
f 191/191/191 294/294/294 308/308/308
f 191/191/191 308/308/308 307/307/307
f 191/191/191 307/307/307 320/320/320
f 191/191/191 320/320/320 324/324/324
f 191/191/191 324/324/324 316/316/316
f 191/191/191 316/316/316 303/303/303
f 191/191/191 303/303/303 290/290/290
f 191/191/191 290/290/290 279/279/279
f 191/191/191 279/279/279 271/271/271
f 191/191/191 271/271/271 257/257/257
f 191/191/191 257/257/257 245/245/245
f 191/191/191 245/245/245 234/234/234
f 191/191/191 234/234/234 224/224/224
f 191/191/191 224/224/224 214/214/214
f 191/191/191 214/214/214 198/198/198
f 191/191/191 198/198/198 201/201/201
f 191/191/191 201/201/201 202/202/202
f 191/191/191 202/202/202 203/203/203
f 191/191/191 203/203/203 196/196/196
f 192/192/192 204/204/204 205/205/205
f 192/192/192 205/205/205 206/206/206
f 192/192/192 206/206/206 207/207/207
f 192/192/192 207/207/207 208/208/208
f 192/192/192 208/208/208 209/209/209
f 192/192/192 209/209/209 210/210/210
f 192/192/192 210/210/210 211/211/211
f 192/192/192 211/211/211 193/193/193
f 193/193/193 211/211/211 200/200/200
f 195/195/195 212/212/212 213/213/213
f 195/195/195 199/199/199 212/212/212
f 196/196/196 203/203/203 197/197/197
f 197/197/197 203/203/203 202/202/202
f 197/197/197 202/202/202 201/201/201
f 197/197/197 201/201/201 198/198/198
f 198/198/198 214/214/214 215/215/215
f 198/198/198 215/215/215 199/199/199
f 199/199/199 215/215/215 216/216/216
f 199/199/199 216/216/216 212/212/212
f 200/200/200 211/211/211 210/210/210
f 204/204/204 217/217/217 205/205/205
f 205/205/205 217/217/217 218/218/218
f 206/206/206 209/209/209 208/208/208
f 206/206/206 208/208/208 219/219/219
f 206/206/206 219/219/219 207/207/207
f 207/207/207 219/219/219 208/208/208
f 212/212/212 216/216/216 220/220/220
f 212/212/212 220/220/220 213/213/213
f 213/213/213 221/221/221 222/222/222
f 213/213/213 220/220/220 223/223/223
f 213/213/213 223/223/223 221/221/221
f 214/214/214 224/224/224 225/225/225
f 214/214/214 225/225/225 216/216/216
f 214/214/214 216/216/216 215/215/215
f 216/216/216 225/225/225 220/220/220
f 217/217/217 226/226/226 227/227/227
f 217/217/217 227/227/227 218/218/218
f 220/220/220 225/225/225 228/228/228
f 220/220/220 228/228/228 223/223/223
f 221/221/221 229/229/229 230/230/230
f 221/221/221 230/230/230 222/222/222
f 221/221/221 223/223/223 229/229/229
f 222/222/222 230/230/230 231/231/231
f 222/222/222 231/231/231 232/232/232
f 223/223/223 228/228/228 233/233/233
f 223/223/223 233/233/233 224/224/224
f 223/223/223 224/224/224 229/229/229
f 224/224/224 234/234/234 235/235/235
f 224/224/224 235/235/235 229/229/229
f 224/224/224 233/233/233 228/228/228
f 224/224/224 228/228/228 225/225/225
f 226/226/226 236/236/236 237/237/237
f 226/226/226 237/237/237 238/238/238
f 226/226/226 238/238/238 239/239/239
f 226/226/226 239/239/239 227/227/227
f 229/229/229 235/235/235 230/230/230
f 230/230/230 240/240/240 231/231/231
f 230/230/230 235/235/235 241/241/241
f 230/230/230 241/241/241 240/240/240
f 231/231/231 240/240/240 232/232/232
f 232/232/232 240/240/240 242/242/242
f 232/232/232 242/242/242 243/243/243
f 232/232/232 243/243/243 244/244/244
f 234/234/234 245/245/245 246/246/246
f 234/234/234 246/246/246 241/241/241
f 234/234/234 241/241/241 235/235/235
f 236/236/236 247/247/247 237/237/237
f 237/237/237 247/247/247 249/249/249
f 237/237/237 249/249/249 248/248/248
f 240/240/240 250/250/250 251/251/251
f 240/240/240 251/251/251 242/242/242
f 240/240/240 241/241/241 246/246/246
f 240/240/240 246/246/246 250/250/250
f 242/242/242 251/251/251 243/243/243
f 243/243/243 251/251/251 250/250/250
f 243/243/243 250/250/250 252/252/252
f 243/243/243 252/252/252 244/244/244
f 244/244/244 252/252/252 253/253/253
f 244/244/244 253/253/253 254/254/254
f 244/244/244 254/254/254 255/255/255
f 245/245/245 256/256/256 246/246/246
f 245/245/245 257/257/257 258/258/258
f 245/245/245 258/258/258 259/259/259
f 245/245/245 259/259/259 260/260/260
f 245/245/245 260/260/260 261/261/261
f 245/245/245 261/261/261 256/256/256
f 246/246/246 256/256/256 250/250/250
f 248/248/248 249/249/249 263/263/263
f 248/248/248 263/263/263 264/264/264
f 248/248/248 264/264/264 265/265/265
f 248/248/248 265/265/265 266/266/266
f 248/248/248 266/266/266 267/267/267
f 248/248/248 267/267/267 268/268/268
f 248/248/248 268/268/268 269/269/269
f 248/248/248 269/269/269 262/262/262
f 250/250/250 261/261/261 252/252/252
f 250/250/250 256/256/256 261/261/261
f 252/252/252 261/261/261 253/253/253
f 253/253/253 261/261/261 254/254/254
f 254/254/254 260/260/260 259/259/259
f 254/254/254 259/259/259 255/255/255
f 254/254/254 261/261/261 260/260/260
f 255/255/255 259/259/259 270/270/270
f 257/257/257 271/271/271 272/272/272
f 257/257/257 272/272/272 259/259/259
f 257/257/257 259/259/259 258/258/258
f 259/259/259 272/272/272 271/271/271
f 259/259/259 271/271/271 270/270/270
f 262/262/262 269/269/269 273/273/273
f 264/264/264 266/266/266 265/265/265
f 267/267/267 269/269/269 268/268/268
f 269/269/269 274/274/274 275/275/275
f 269/269/269 275/275/275 276/276/276
f 269/269/269 276/276/276 273/273/273
f 270/270/270 271/271/271 278/278/278
f 270/270/270 278/278/278 277/277/277
f 271/271/271 279/279/279 280/280/280
f 271/271/271 280/280/280 278/278/278
f 273/273/273 276/276/276 281/281/281
f 274/274/274 282/282/282 283/283/283
f 274/274/274 283/283/283 284/284/284
f 274/274/274 284/284/284 275/275/275
f 275/275/275 284/284/284 276/276/276
f 276/276/276 284/284/284 285/285/285
f 276/276/276 285/285/285 281/281/281
f 277/277/277 286/286/286 287/287/287
f 277/277/277 287/287/287 288/288/288
f 277/277/277 288/288/288 289/289/289
f 277/277/277 278/278/278 280/280/280
f 277/277/277 280/280/280 286/286/286
f 279/279/279 290/290/290 291/291/291
f 279/279/279 291/291/291 292/292/292
f 279/279/279 292/292/292 280/280/280
f 280/280/280 292/292/292 286/286/286
f 281/281/281 293/293/293 294/294/294
f 281/281/281 285/285/285 295/295/295
f 281/281/281 295/295/295 296/296/296
f 281/281/281 296/296/296 293/293/293
f 282/282/282 297/297/297 296/296/296
f 282/282/282 296/296/296 298/298/298
f 282/282/282 298/298/298 285/285/285
f 282/282/282 285/285/285 284/284/284
f 282/282/282 284/284/284 283/283/283
f 285/285/285 298/298/298 295/295/295
f 286/286/286 299/299/299 287/287/287
f 286/286/286 292/292/292 299/299/299
f 287/287/287 299/299/299 288/288/288
f 288/288/288 299/299/299 300/300/300
f 288/288/288 300/300/300 301/301/301
f 288/288/288 301/301/301 289/289/289
f 289/289/289 301/301/301 302/302/302
f 290/290/290 303/303/303 304/304/304
f 290/290/290 304/304/304 291/291/291
f 291/291/291 304/304/304 300/300/300
f 291/291/291 300/300/300 299/299/299
f 291/291/291 299/299/299 292/292/292
f 293/293/293 305/305/305 306/306/306
f 293/293/293 306/306/306 307/307/307
f 293/293/293 307/307/307 308/308/308
f 293/293/293 308/308/308 294/294/294
f 293/293/293 296/296/296 309/309/309
f 293/293/293 309/309/309 305/305/305
f 295/295/295 298/298/298 296/296/296
f 296/296/296 297/297/297 310/310/310
f 296/296/296 310/310/310 311/311/311
f 296/296/296 311/311/311 309/309/309
f 297/297/297 312/312/312 310/310/310
f 300/300/300 304/304/304 301/301/301
f 301/301/301 304/304/304 313/313/313
f 301/301/301 313/313/313 302/302/302
f 302/302/302 314/314/314 315/315/315
f 302/302/302 313/313/313 314/314/314
f 303/303/303 316/316/316 317/317/317
f 303/303/303 317/317/317 318/318/318
f 303/303/303 318/318/318 304/304/304
f 304/304/304 318/318/318 319/319/319
f 304/304/304 319/319/319 313/313/313
f 305/305/305 320/320/320 306/306/306
f 305/305/305 309/309/309 320/320/320
f 306/306/306 320/320/320 307/307/307
f 309/309/309 311/311/311 321/321/321
f 309/309/309 321/321/321 320/320/320
f 310/310/310 312/312/312 315/315/315
f 310/310/310 315/315/315 322/322/322
f 310/310/310 322/322/322 323/323/323
f 310/310/310 323/323/323 311/311/311
f 311/311/311 323/323/323 321/321/321
f 313/313/313 319/319/319 314/314/314
f 314/314/314 322/322/322 315/315/315
f 314/314/314 319/319/319 322/322/322
f 316/316/316 324/324/324 317/317/317
f 317/317/317 324/324/324 325/325/325
f 317/317/317 325/325/325 326/326/326
f 317/317/317 326/326/326 327/327/327
f 317/317/317 327/327/327 318/318/318
f 318/318/318 327/327/327 319/319/319
f 319/319/319 327/327/327 322/322/322
f 320/320/320 325/325/325 324/324/324
f 320/320/320 321/321/321 325/325/325
f 321/321/321 326/326/326 325/325/325
f 321/321/321 323/323/323 322/322/322
f 321/321/321 322/322/322 326/326/326
f 322/322/322 327/327/327 326/326/326
f 328/328/328 329/329/329 338/338/338
f 328/328/328 338/338/338 350/350/350
f 328/328/328 350/350/350 360/360/360
f 328/328/328 360/360/360 372/372/372
f 328/328/328 372/372/372 382/382/382
f 328/328/328 382/382/382 394/394/394
f 328/328/328 394/394/394 406/406/406
f 328/328/328 406/406/406 419/419/419
f 328/328/328 419/419/419 431/431/431
f 328/328/328 431/431/431 442/442/442
f 328/328/328 442/442/442 453/453/453
f 328/328/328 453/453/453 468/468/468
f 328/328/328 468/468/468 482/482/482
f 328/328/328 482/482/482 487/487/487
f 328/328/328 487/487/487 485/485/485
f 328/328/328 485/485/485 469/469/469
f 328/328/328 469/469/469 454/454/454
f 328/328/328 454/454/454 443/443/443
f 328/328/328 443/443/443 432/432/432
f 328/328/328 432/432/432 420/420/420
f 328/328/328 420/420/420 408/408/408
f 328/328/328 408/408/408 397/397/397
f 328/328/328 397/397/397 387/387/387
f 328/328/328 387/387/387 376/376/376
f 328/328/328 376/376/376 364/364/364
f 328/328/328 364/364/364 352/352/352
f 328/328/328 352/352/352 342/342/342
f 328/328/328 342/342/342 330/330/330
f 328/328/328 330/330/330 331/331/331
f 328/328/328 331/331/331 332/332/332
f 328/328/328 332/332/332 333/333/333
f 328/328/328 333/333/333 334/334/334
f 328/328/328 334/334/334 329/329/329
f 329/329/329 335/335/335 336/336/336
f 329/329/329 336/336/336 337/337/337
f 329/329/329 337/337/337 338/338/338
f 329/329/329 334/334/334 339/339/339
f 329/329/329 339/339/339 340/340/340
f 329/329/329 340/340/340 341/341/341
f 329/329/329 341/341/341 335/335/335
f 330/330/330 342/342/342 343/343/343
f 330/330/330 343/343/343 332/332/332
f 330/330/330 332/332/332 331/331/331
f 332/332/332 344/344/344 333/333/333
f 332/332/332 343/343/343 344/344/344
f 333/333/333 344/344/344 345/345/345
f 333/333/333 345/345/345 357/357/357
f 333/333/333 357/357/357 370/370/370
f 333/333/333 370/370/370 380/380/380
f 333/333/333 380/380/380 393/393/393
f 333/333/333 393/393/393 403/403/403
f 333/333/333 403/403/403 417/417/417
f 333/333/333 417/417/417 426/426/426
f 333/333/333 426/426/426 439/439/439
f 333/333/333 439/439/439 437/437/437
f 333/333/333 437/437/437 436/436/436
f 333/333/333 436/436/436 449/449/449
f 333/333/333 449/449/449 448/448/448
f 333/333/333 448/448/448 461/461/461
f 333/333/333 461/461/461 474/474/474
f 333/333/333 474/474/474 473/473/473
f 333/333/333 473/473/473 490/490/490
f 333/333/333 490/490/490 496/496/496
f 333/333/333 496/496/496 494/494/494
f 333/333/333 494/494/494 499/499/499
f 333/333/333 499/499/499 497/497/497
f 333/333/333 497/497/497 491/491/491
f 333/333/333 491/491/491 475/475/475
f 333/333/333 475/475/475 462/462/462
f 333/333/333 462/462/462 450/450/450
f 333/333/333 450/450/450 440/440/440
f 333/333/333 440/440/440 427/427/427
f 333/333/333 427/427/427 418/418/418
f 333/333/333 418/418/418 407/407/407
f 333/333/333 407/407/407 396/396/396
f 333/333/333 396/396/396 385/385/385
f 333/333/333 385/385/385 375/375/375
f 333/333/333 375/375/375 362/362/362
f 333/333/333 362/362/362 358/358/358
f 333/333/333 358/358/358 347/347/347
f 333/333/333 347/347/347 346/346/346
f 333/333/333 346/346/346 334/334/334
f 334/334/334 346/346/346 347/347/347
f 334/334/334 347/347/347 339/339/339
f 335/335/335 348/348/348 349/349/349
f 335/335/335 349/349/349 336/336/336
f 335/335/335 341/341/341 348/348/348
f 336/336/336 349/349/349 337/337/337
f 337/337/337 349/349/349 338/338/338
f 338/338/338 349/349/349 350/350/350
f 339/339/339 351/351/351 340/340/340
f 339/339/339 347/347/347 351/351/351
f 340/340/340 351/351/351 348/348/348
f 340/340/340 348/348/348 341/341/341
f 342/342/342 352/352/352 353/353/353
f 342/342/342 353/353/353 354/354/354
f 342/342/342 354/354/354 355/355/355
f 342/342/342 355/355/355 343/343/343
f 343/343/343 355/355/355 356/356/356
f 343/343/343 356/356/356 344/344/344
f 344/344/344 357/357/357 345/345/345
f 344/344/344 356/356/356 357/357/357
f 347/347/347 358/358/358 351/351/351
f 348/348/348 350/350/350 349/349/349
f 348/348/348 351/351/351 359/359/359
f 348/348/348 359/359/359 350/350/350
f 350/350/350 359/359/359 361/361/361
f 350/350/350 361/361/361 360/360/360
f 351/351/351 358/358/358 362/362/362
f 351/351/351 362/362/362 361/361/361
f 351/351/351 361/361/361 359/359/359
f 352/352/352 363/363/363 355/355/355
f 352/352/352 355/355/355 353/353/353
f 352/352/352 364/364/364 365/365/365
f 352/352/352 365/365/365 363/363/363
f 353/353/353 355/355/355 354/354/354
f 355/355/355 363/363/363 366/366/366
f 355/355/355 366/366/366 367/367/367
f 355/355/355 367/367/367 356/356/356
f 356/356/356 367/367/367 368/368/368
f 356/356/356 368/368/368 369/369/369
f 356/356/356 369/369/369 357/357/357
f 357/357/357 369/369/369 370/370/370
f 360/360/360 371/371/371 372/372/372
f 360/360/360 361/361/361 371/371/371
f 361/361/361 362/362/362 373/373/373
f 361/361/361 373/373/373 374/374/374
f 361/361/361 374/374/374 371/371/371
f 362/362/362 375/375/375 373/373/373
f 363/363/363 365/365/365 366/366/366
f 364/364/364 376/376/376 377/377/377
f 364/364/364 377/377/377 365/365/365
f 365/365/365 377/377/377 378/378/378
f 365/365/365 378/378/378 379/379/379
f 365/365/365 379/379/379 366/366/366
f 366/366/366 379/379/379 367/367/367
f 367/367/367 379/379/379 380/380/380
f 367/367/367 380/380/380 368/368/368
f 368/368/368 380/380/380 370/370/370
f 368/368/368 370/370/370 369/369/369
f 371/371/371 381/381/381 372/372/372
f 371/371/371 374/374/374 381/381/381
f 372/372/372 381/381/381 383/383/383
f 372/372/372 383/383/383 375/375/375
f 372/372/372 375/375/375 382/382/382
f 373/373/373 375/375/375 384/384/384
f 373/373/373 384/384/384 374/374/374
f 374/374/374 384/384/384 375/375/375
f 374/374/374 375/375/375 383/383/383
f 374/374/374 383/383/383 381/381/381
f 375/375/375 385/385/385 386/386/386
f 375/375/375 386/386/386 382/382/382
f 376/376/376 387/387/387 388/388/388
f 376/376/376 388/388/388 377/377/377
f 377/377/377 388/388/388 378/378/378
f 378/378/378 388/388/388 389/389/389
f 378/378/378 389/389/389 390/390/390
f 378/378/378 390/390/390 391/391/391
f 378/378/378 391/391/391 392/392/392
f 378/378/378 392/392/392 379/379/379
f 379/379/379 392/392/392 393/393/393
f 379/379/379 393/393/393 380/380/380
f 382/382/382 386/386/386 385/385/385
f 382/382/382 385/385/385 395/395/395
f 382/382/382 395/395/395 396/396/396
f 382/382/382 396/396/396 394/394/394
f 385/385/385 396/396/396 395/395/395
f 387/387/387 397/397/397 388/388/388
f 388/388/388 397/397/397 389/389/389
f 389/389/389 397/397/397 398/398/398
f 389/389/389 398/398/398 399/399/399
f 389/389/389 399/399/399 400/400/400
f 389/389/389 400/400/400 401/401/401
f 389/389/389 401/401/401 390/390/390
f 390/390/390 401/401/401 402/402/402
f 390/390/390 402/402/402 391/391/391
f 391/391/391 402/402/402 403/403/403
f 391/391/391 403/403/403 393/393/393
f 391/391/391 393/393/393 392/392/392
f 394/394/394 404/404/404 405/405/405
f 394/394/394 405/405/405 406/406/406
f 394/394/394 396/396/396 407/407/407
f 394/394/394 407/407/407 404/404/404
f 397/397/397 408/408/408 409/409/409
f 397/397/397 409/409/409 399/399/399
f 397/397/397 399/399/399 398/398/398
f 399/399/399 409/409/409 410/410/410
f 399/399/399 410/410/410 411/411/411
f 399/399/399 411/411/411 412/412/412
f 399/399/399 412/412/412 413/413/413
f 399/399/399 413/413/413 401/401/401
f 399/399/399 401/401/401 400/400/400
f 401/401/401 413/413/413 414/414/414
f 401/401/401 414/414/414 415/415/415
f 401/401/401 415/415/415 416/416/416
f 401/401/401 416/416/416 402/402/402
f 402/402/402 416/416/416 417/417/417
f 402/402/402 417/417/417 403/403/403
f 404/404/404 407/407/407 418/418/418
f 404/404/404 418/418/418 405/405/405
f 405/405/405 418/418/418 406/406/406
f 406/406/406 418/418/418 419/419/419
f 408/408/408 420/420/420 409/409/409
f 409/409/409 420/420/420 421/421/421
f 409/409/409 421/421/421 422/422/422
f 409/409/409 422/422/422 423/423/423
f 409/409/409 423/423/423 424/424/424
f 409/409/409 424/424/424 411/411/411
f 409/409/409 411/411/411 410/410/410
f 411/411/411 424/424/424 425/425/425
f 411/411/411 425/425/425 414/414/414
f 411/411/411 414/414/414 412/412/412
f 412/412/412 414/414/414 413/413/413
f 414/414/414 426/426/426 415/415/415
f 414/414/414 425/425/425 424/424/424
f 414/414/414 424/424/424 423/423/423
f 414/414/414 423/423/423 426/426/426
f 415/415/415 426/426/426 417/417/417
f 415/415/415 417/417/417 416/416/416
f 418/418/418 427/427/427 428/428/428
f 418/418/418 428/428/428 419/419/419
f 419/419/419 428/428/428 429/429/429
f 419/419/419 429/429/429 430/430/430
f 419/419/419 430/430/430 431/431/431
f 420/420/420 432/432/432 421/421/421
f 421/421/421 432/432/432 433/433/433
f 421/421/421 433/433/433 434/434/434
f 421/421/421 434/434/434 435/435/435
f 421/421/421 435/435/435 422/422/422
f 422/422/422 435/435/435 436/436/436
f 422/422/422 436/436/436 437/437/437
f 422/422/422 437/437/437 423/423/423
f 423/423/423 437/437/437 438/438/438
f 423/423/423 438/438/438 439/439/439
f 423/423/423 439/439/439 426/426/426
f 427/427/427 440/440/440 441/441/441
f 427/427/427 441/441/441 428/428/428
f 428/428/428 441/441/441 430/430/430
f 428/428/428 430/430/430 429/429/429
f 430/430/430 441/441/441 431/431/431
f 431/431/431 441/441/441 442/442/442
f 432/432/432 443/443/443 433/433/433
f 433/433/433 443/443/443 434/434/434
f 434/434/434 443/443/443 444/444/444
f 434/434/434 444/444/444 445/445/445
f 434/434/434 445/445/445 446/446/446
f 434/434/434 446/446/446 447/447/447
f 434/434/434 447/447/447 448/448/448
f 434/434/434 448/448/448 435/435/435
f 435/435/435 448/448/448 449/449/449
f 435/435/435 449/449/449 436/436/436
f 437/437/437 439/439/439 438/438/438
f 440/440/440 450/450/450 451/451/451
f 440/440/440 451/451/451 441/441/441
f 441/441/441 451/451/451 452/452/452
f 441/441/441 452/452/452 442/442/442
f 442/442/442 452/452/452 453/453/453
f 443/443/443 454/454/454 455/455/455
f 443/443/443 455/455/455 444/444/444
f 444/444/444 455/455/455 445/445/445
f 445/445/445 455/455/455 456/456/456
f 445/445/445 456/456/456 457/457/457
f 445/445/445 457/457/457 446/446/446
f 446/446/446 458/458/458 459/459/459
f 446/446/446 459/459/459 447/447/447
f 446/446/446 457/457/457 458/458/458
f 447/447/447 459/459/459 460/460/460
f 447/447/447 460/460/460 448/448/448
f 448/448/448 460/460/460 461/461/461
f 450/450/450 462/462/462 463/463/463
f 450/450/450 463/463/463 464/464/464
f 450/450/450 464/464/464 451/451/451
f 451/451/451 465/465/465 466/466/466
f 451/451/451 466/466/466 467/467/467
f 451/451/451 467/467/467 453/453/453
f 451/451/451 453/453/453 452/452/452
f 451/451/451 464/464/464 465/465/465
f 453/453/453 467/467/467 468/468/468
f 454/454/454 469/469/469 456/456/456
f 454/454/454 456/456/456 455/455/455
f 456/456/456 469/469/469 470/470/470
f 456/456/456 470/470/470 471/471/471
f 456/456/456 471/471/471 457/457/457
f 457/457/457 471/471/471 472/472/472
f 457/457/457 472/472/472 458/458/458
f 458/458/458 472/472/472 459/459/459
f 459/459/459 472/472/472 473/473/473
f 459/459/459 473/473/473 474/474/474
f 459/459/459 474/474/474 460/460/460
f 460/460/460 474/474/474 461/461/461
f 462/462/462 475/475/475 476/476/476
f 462/462/462 476/476/476 463/463/463
f 463/463/463 476/476/476 475/475/475
f 463/463/463 475/475/475 477/477/477
f 463/463/463 477/477/477 478/478/478
f 463/463/463 478/478/478 479/479/479
f 463/463/463 479/479/479 465/465/465
f 463/463/463 465/465/465 464/464/464
f 465/465/465 479/479/479 466/466/466
f 466/466/466 468/468/468 467/467/467
f 466/466/466 479/479/479 468/468/468
f 468/468/468 480/480/480 481/481/481
f 468/468/468 481/481/481 482/482/482
f 468/468/468 479/479/479 483/483/483
f 468/468/468 483/483/483 484/484/484
f 468/468/468 484/484/484 480/480/480
f 469/469/469 485/485/485 486/486/486
f 469/469/469 486/486/486 470/470/470
f 470/470/470 486/486/486 471/471/471
f 471/471/471 486/486/486 485/485/485
f 471/471/471 485/485/485 487/487/487
f 471/471/471 487/487/487 481/481/481
f 471/471/471 481/481/481 480/480/480
f 471/471/471 480/480/480 488/488/488
f 471/471/471 488/488/488 489/489/489
f 471/471/471 489/489/489 472/472/472
f 472/472/472 489/489/489 473/473/473
f 473/473/473 489/489/489 490/490/490
f 475/475/475 491/491/491 477/477/477
f 477/477/477 491/491/491 483/483/483
f 477/477/477 483/483/483 478/478/478
f 478/478/478 483/483/483 479/479/479
f 480/480/480 484/484/484 492/492/492
f 480/480/480 492/492/492 488/488/488
f 481/481/481 487/487/487 482/482/482
f 483/483/483 491/491/491 493/493/493
f 483/483/483 493/493/493 494/494/494
f 483/483/483 494/494/494 495/495/495
f 483/483/483 495/495/495 492/492/492
f 483/483/483 492/492/492 484/484/484
f 488/488/488 492/492/492 495/495/495
f 488/488/488 495/495/495 489/489/489
f 489/489/489 495/495/495 494/494/494
f 489/489/489 494/494/494 496/496/496
f 489/489/489 496/496/496 490/490/490
f 491/491/491 497/497/497 493/493/493
f 493/493/493 497/497/497 498/498/498
f 493/493/493 498/498/498 494/494/494
f 494/494/494 498/498/498 499/499/499
f 497/497/497 499/499/499 498/498/498
f 500/500/500 501/501/501 502/502/502
f 500/500/500 502/502/502 503/503/503
f 500/500/500 503/503/503 512/512/512
f 500/500/500 512/512/512 526/526/526
f 500/500/500 526/526/526 540/540/540
f 500/500/500 540/540/540 560/560/560
f 500/500/500 560/560/560 577/577/577
f 500/500/500 577/577/577 601/601/601
f 500/500/500 601/601/601 600/600/600
f 500/500/500 600/600/600 616/616/616
f 500/500/500 616/616/616 632/632/632
f 500/500/500 632/632/632 647/647/647
f 500/500/500 647/647/647 656/656/656
f 500/500/500 656/656/656 667/667/667
f 500/500/500 667/667/667 669/669/669
f 500/500/500 669/669/669 668/668/668
f 500/500/500 668/668/668 662/662/662
f 500/500/500 662/662/662 660/660/660
f 500/500/500 660/660/660 650/650/650
f 500/500/500 650/650/650 649/649/649
f 500/500/500 649/649/649 638/638/638
f 500/500/500 638/638/638 637/637/637
f 500/500/500 637/637/637 636/636/636
f 500/500/500 636/636/636 621/621/621
f 500/500/500 621/621/621 604/604/604
f 500/500/500 604/604/604 602/602/602
f 500/500/500 602/602/602 580/580/580
f 500/500/500 580/580/580 579/579/579
f 500/500/500 579/579/579 578/578/578
f 500/500/500 578/578/578 561/561/561
f 500/500/500 561/561/561 546/546/546
f 500/500/500 546/546/546 527/527/527
f 500/500/500 527/527/527 513/513/513
f 500/500/500 513/513/513 504/504/504
f 500/500/500 504/504/504 505/505/505
f 500/500/500 505/505/505 506/506/506
f 500/500/500 506/506/506 507/507/507
f 500/500/500 507/507/507 501/501/501
f 501/501/501 508/508/508 517/517/517
f 501/501/501 517/517/517 524/524/524
f 501/501/501 524/524/524 523/523/523
f 501/501/501 523/523/523 522/522/522
f 501/501/501 522/522/522 538/538/538
f 501/501/501 538/538/538 558/558/558
f 501/501/501 558/558/558 573/573/573
f 501/501/501 573/573/573 596/596/596
f 501/501/501 596/596/596 595/595/595
f 501/501/501 595/595/595 594/594/594
f 501/501/501 594/594/594 593/593/593
f 501/501/501 593/593/593 592/592/592
f 501/501/501 592/592/592 611/611/611
f 501/501/501 611/611/611 627/627/627
f 501/501/501 627/627/627 631/631/631
f 501/501/501 631/631/631 630/630/630
f 501/501/501 630/630/630 629/629/629
f 501/501/501 629/629/629 633/633/633
f 501/501/501 633/633/633 617/617/617
f 501/501/501 617/617/617 615/615/615
f 501/501/501 615/615/615 599/599/599
f 501/501/501 599/599/599 576/576/576
f 501/501/501 576/576/576 559/559/559
f 501/501/501 559/559/559 545/545/545
f 501/501/501 545/545/545 544/544/544
f 501/501/501 544/544/544 543/543/543
f 501/501/501 543/543/543 542/542/542
f 501/501/501 542/542/542 541/541/541
f 501/501/501 541/541/541 539/539/539
f 501/501/501 539/539/539 525/525/525
f 501/501/501 525/525/525 511/511/511
f 501/501/501 511/511/511 502/502/502
f 501/501/501 507/507/507 509/509/509
f 501/501/501 509/509/509 510/510/510
f 501/501/501 510/510/510 508/508/508
f 502/502/502 511/511/511 512/512/512
f 502/502/502 512/512/512 503/503/503
f 504/504/504 513/513/513 514/514/514
f 504/504/504 514/514/514 505/505/505
f 505/505/505 515/515/515 516/516/516
f 505/505/505 516/516/516 506/506/506
f 505/505/505 514/514/514 515/515/515
f 506/506/506 516/516/516 507/507/507
f 507/507/507 516/516/516 509/509/509
f 508/508/508 510/510/510 517/517/517
f 509/509/509 518/518/518 510/510/510
f 509/509/509 516/516/516 518/518/518
f 510/510/510 518/518/518 519/519/519
f 510/510/510 519/519/519 520/520/520
f 510/510/510 520/520/520 521/521/521
f 510/510/510 521/521/521 522/522/522
f 510/510/510 522/522/522 523/523/523
f 510/510/510 523/523/523 524/524/524
f 510/510/510 524/524/524 517/517/517
f 511/511/511 525/525/525 526/526/526
f 511/511/511 526/526/526 512/512/512
f 513/513/513 527/527/527 514/514/514
f 514/514/514 528/528/528 529/529/529
f 514/514/514 529/529/529 515/515/515
f 514/514/514 527/527/527 530/530/530
f 514/514/514 530/530/530 528/528/528
f 515/515/515 531/531/531 516/516/516
f 515/515/515 529/529/529 532/532/532
f 515/515/515 532/532/532 531/531/531
f 516/516/516 533/533/533 518/518/518
f 516/516/516 531/531/531 533/533/533
f 518/518/518 533/533/533 519/519/519
f 519/519/519 533/533/533 531/531/531
f 519/519/519 531/531/531 534/534/534
f 519/519/519 534/534/534 551/551/551
f 519/519/519 551/551/551 535/535/535
f 519/519/519 535/535/535 536/536/536
f 519/519/519 536/536/536 520/520/520
f 520/520/520 536/536/536 556/556/556
f 520/520/520 556/556/556 537/537/537
f 520/520/520 537/537/537 538/538/538
f 520/520/520 538/538/538 522/522/522
f 520/520/520 522/522/522 521/521/521
f 525/525/525 539/539/539 526/526/526
f 526/526/526 539/539/539 541/541/541
f 526/526/526 541/541/541 542/542/542
f 526/526/526 542/542/542 543/543/543
f 526/526/526 543/543/543 544/544/544
f 526/526/526 544/544/544 545/545/545
f 526/526/526 545/545/545 540/540/540
f 527/527/527 546/546/546 530/530/530
f 528/528/528 547/547/547 529/529/529
f 528/528/528 530/530/530 548/548/548
f 528/528/528 548/548/548 549/549/549
f 528/528/528 549/549/549 547/547/547
f 529/529/529 547/547/547 532/532/532
f 530/530/530 546/546/546 550/550/550
f 530/530/530 550/550/550 548/548/548
f 531/531/531 532/532/532 534/534/534
f 532/532/532 547/547/547 534/534/534
f 534/534/534 547/547/547 552/552/552
f 534/534/534 552/552/552 553/553/553
f 534/534/534 553/553/553 554/554/554
f 534/534/534 554/554/554 551/551/551
f 535/535/535 551/551/551 555/555/555
f 535/535/535 555/555/555 536/536/536
f 536/536/536 555/555/555 556/556/556
f 537/537/537 556/556/556 538/538/538
f 538/538/538 557/557/557 558/558/558
f 538/538/538 556/556/556 557/557/557
f 540/540/540 545/545/545 559/559/559
f 540/540/540 559/559/559 560/560/560
f 546/546/546 561/561/561 562/562/562
f 546/546/546 562/562/562 550/550/550
f 547/547/547 549/549/549 552/552/552
f 548/548/548 550/550/550 553/553/553
f 548/548/548 553/553/553 549/549/549
f 549/549/549 553/553/553 552/552/552
f 550/550/550 562/562/562 561/561/561
f 550/550/550 561/561/561 563/563/563
f 550/550/550 563/563/563 564/564/564
f 550/550/550 564/564/564 565/565/565
f 550/550/550 565/565/565 553/553/553
f 551/551/551 554/554/554 566/566/566
f 551/551/551 566/566/566 567/567/567
f 551/551/551 567/567/567 555/555/555
f 553/553/553 565/565/565 564/564/564
f 553/553/553 564/564/564 568/568/568
f 553/553/553 568/568/568 554/554/554
f 554/554/554 568/568/568 569/569/569
f 554/554/554 569/569/569 566/566/566
f 555/555/555 570/570/570 571/571/571
f 555/555/555 571/571/571 572/572/572
f 555/555/555 572/572/572 573/573/573
f 555/555/555 573/573/573 558/558/558
f 555/555/555 558/558/558 557/557/557
f 555/555/555 557/557/557 556/556/556
f 555/555/555 567/567/567 574/574/574
f 555/555/555 574/574/574 575/575/575
f 555/555/555 575/575/575 570/570/570
f 559/559/559 576/576/576 560/560/560
f 560/560/560 576/576/576 577/577/577
f 561/561/561 578/578/578 564/564/564
f 561/561/561 564/564/564 563/563/563
f 564/564/564 579/579/579 580/580/580
f 564/564/564 580/580/580 581/581/581
f 564/564/564 581/581/581 603/603/603
f 564/564/564 603/603/603 582/582/582
f 564/564/564 582/582/582 568/568/568
f 564/564/564 578/578/578 579/579/579
f 566/566/566 569/569/569 583/583/583
f 566/566/566 583/583/583 584/584/584
f 566/566/566 584/584/584 567/567/567
f 567/567/567 584/584/584 585/585/585
f 567/567/567 585/585/585 586/586/586
f 567/567/567 586/586/586 587/587/587
f 567/567/567 587/587/587 588/588/588
f 567/567/567 588/588/588 589/589/589
f 567/567/567 589/589/589 590/590/590
f 567/567/567 590/590/590 574/574/574
f 568/568/568 582/582/582 569/569/569
f 569/569/569 582/582/582 591/591/591
f 569/569/569 591/591/591 583/583/583
f 570/570/570 575/575/575 571/571/571
f 571/571/571 592/592/592 593/593/593
f 571/571/571 593/593/593 572/572/572
f 571/571/571 575/575/575 592/592/592
f 572/572/572 593/593/593 594/594/594
f 572/572/572 594/594/594 595/595/595
f 572/572/572 595/595/595 596/596/596
f 572/572/572 596/596/596 573/573/573
f 574/574/574 590/590/590 597/597/597
f 574/574/574 597/597/597 575/575/575
f 575/575/575 597/597/597 598/598/598
f 575/575/575 598/598/598 592/592/592
f 576/576/576 599/599/599 600/600/600
f 576/576/576 600/600/600 601/601/601
f 576/576/576 601/601/601 577/577/577
f 580/580/580 602/602/602 581/581/581
f 581/581/581 602/602/602 604/604/604
f 581/581/581 604/604/604 603/603/603
f 582/582/582 603/603/603 620/620/620
f 582/582/582 620/620/620 605/605/605
f 582/582/582 605/605/605 591/591/591
f 583/583/583 591/591/591 584/584/584
f 584/584/584 591/591/591 606/606/606
f 584/584/584 606/606/606 586/586/586
f 584/584/584 586/586/586 585/585/585
f 586/586/586 606/606/606 607/607/607
f 586/586/586 607/607/607 587/587/587
f 587/587/587 607/607/607 588/588/588
f 588/588/588 608/608/608 609/609/609
f 588/588/588 609/609/609 589/589/589
f 588/588/588 607/607/607 622/622/622
f 588/588/588 622/622/622 608/608/608
f 589/589/589 609/609/609 610/610/610
f 589/589/589 610/610/610 590/590/590
f 590/590/590 610/610/610 597/597/597
f 591/591/591 605/605/605 606/606/606
f 592/592/592 598/598/598 612/612/612
f 592/592/592 612/612/612 611/611/611
f 597/597/597 610/610/610 613/613/613
f 597/597/597 613/613/613 598/598/598
f 598/598/598 613/613/613 614/614/614
f 598/598/598 614/614/614 612/612/612
f 599/599/599 615/615/615 600/600/600
f 600/600/600 615/615/615 617/617/617
f 600/600/600 617/617/617 616/616/616
f 603/603/603 618/618/618 619/619/619
f 603/603/603 619/619/619 620/620/620
f 603/603/603 604/604/604 618/618/618
f 604/604/604 621/621/621 618/618/618
f 605/605/605 620/620/620 622/622/622
f 605/605/605 622/622/622 607/607/607
f 605/605/605 607/607/607 606/606/606
f 608/608/608 622/622/622 623/623/623
f 608/608/608 623/623/623 624/624/624
f 608/608/608 624/624/624 625/625/625
f 608/608/608 625/625/625 609/609/609
f 609/609/609 625/625/625 610/610/610
f 610/610/610 625/625/625 626/626/626
f 610/610/610 626/626/626 613/613/613
f 611/611/611 612/612/612 614/614/614
f 611/611/611 614/614/614 613/613/613
f 611/611/611 613/613/613 627/627/627
f 613/613/613 626/626/626 628/628/628
f 613/613/613 628/628/628 629/629/629
f 613/613/613 629/629/629 630/630/630
f 613/613/613 630/630/630 631/631/631
f 613/613/613 631/631/631 627/627/627
f 616/616/616 617/617/617 632/632/632
f 617/617/617 633/633/633 628/628/628
f 617/617/617 628/628/628 626/626/626
f 617/617/617 626/626/626 634/634/634
f 617/617/617 634/634/634 635/635/635
f 617/617/617 635/635/635 632/632/632
f 618/618/618 620/620/620 619/619/619
f 618/618/618 621/621/621 636/636/636
f 618/618/618 636/636/636 637/637/637
f 618/618/618 637/637/637 620/620/620
f 620/620/620 637/637/637 638/638/638
f 620/620/620 638/638/638 639/639/639
f 620/620/620 639/639/639 640/640/640
f 620/620/620 640/640/640 641/641/641
f 620/620/620 641/641/641 622/622/622
f 622/622/622 641/641/641 642/642/642
f 622/622/622 642/642/642 623/623/623
f 623/623/623 642/642/642 643/643/643
f 623/623/623 643/643/643 624/624/624
f 624/624/624 644/644/644 625/625/625
f 624/624/624 643/643/643 645/645/645
f 624/624/624 645/645/645 644/644/644
f 625/625/625 644/644/644 646/646/646
f 625/625/625 646/646/646 626/626/626
f 626/626/626 646/646/646 634/634/634
f 628/628/628 633/633/633 629/629/629
f 632/632/632 635/635/635 648/648/648
f 632/632/632 648/648/648 647/647/647
f 634/634/634 646/646/646 648/648/648
f 634/634/634 648/648/648 635/635/635
f 638/638/638 649/649/649 639/639/639
f 639/639/639 649/649/649 650/650/650
f 639/639/639 650/650/650 651/651/651
f 639/639/639 651/651/651 640/640/640
f 640/640/640 651/651/651 641/641/641
f 641/641/641 652/652/652 642/642/642
f 641/641/641 651/651/651 652/652/652
f 642/642/642 652/652/652 643/643/643
f 643/643/643 652/652/652 645/645/645
f 644/644/644 645/645/645 646/646/646
f 645/645/645 652/652/652 653/653/653
f 645/645/645 653/653/653 654/654/654
f 645/645/645 654/654/654 646/646/646
f 646/646/646 654/654/654 655/655/655
f 646/646/646 655/655/655 648/648/648
f 647/647/647 648/648/648 656/656/656
f 648/648/648 655/655/655 657/657/657
f 648/648/648 657/657/657 658/658/658
f 648/648/648 658/658/658 659/659/659
f 648/648/648 659/659/659 656/656/656
f 650/650/650 660/660/660 661/661/661
f 650/650/650 661/661/661 651/651/651
f 651/651/651 661/661/661 652/652/652
f 652/652/652 661/661/661 660/660/660
f 652/652/652 660/660/660 662/662/662
f 652/652/652 662/662/662 663/663/663
f 652/652/652 663/663/663 653/653/653
f 653/653/653 663/663/663 662/662/662
f 653/653/653 662/662/662 664/664/664
f 653/653/653 664/664/664 665/665/665
f 653/653/653 665/665/665 654/654/654
f 654/654/654 665/665/665 664/664/664
f 654/654/654 664/664/664 655/655/655
f 655/655/655 664/664/664 657/657/657
f 656/656/656 659/659/659 666/666/666
f 656/656/656 666/666/666 667/667/667
f 657/657/657 664/664/664 658/658/658
f 658/658/658 664/664/664 668/668/668
f 658/658/658 668/668/668 669/669/669
f 658/658/658 669/669/669 666/666/666
f 658/658/658 666/666/666 659/659/659
f 662/662/662 668/668/668 664/664/664
f 666/666/666 669/669/669 667/667/667
f 670/670/670 671/671/671 672/672/672
f 670/670/670 672/672/672 673/673/673
f 670/670/670 673/673/673 685/685/685
f 670/670/670 685/685/685 684/684/684
f 670/670/670 684/684/684 700/700/700
f 670/670/670 700/700/700 715/715/715
f 670/670/670 715/715/715 735/735/735
f 670/670/670 735/735/735 734/734/734
f 670/670/670 734/734/734 745/745/745
f 670/670/670 745/745/745 761/761/761
f 670/670/670 761/761/761 760/760/760
f 670/670/670 760/760/760 769/769/769
f 670/670/670 769/769/769 773/773/773
f 670/670/670 773/773/773 772/772/772
f 670/670/670 772/772/772 766/766/766
f 670/670/670 766/766/766 763/763/763
f 670/670/670 763/763/763 771/771/771
f 670/670/670 771/771/771 777/777/777
f 670/670/670 777/777/777 780/780/780
f 670/670/670 780/780/780 779/779/779
f 670/670/670 779/779/779 778/778/778
f 670/670/670 778/778/778 775/775/775
f 670/670/670 775/775/775 767/767/767
f 670/670/670 767/767/767 756/756/756
f 670/670/670 756/756/756 743/743/743
f 670/670/670 743/743/743 741/741/741
f 670/670/670 741/741/741 727/727/727
f 670/670/670 727/727/727 705/705/705
f 670/670/670 705/705/705 691/691/691
f 670/670/670 691/691/691 686/686/686
f 670/670/670 686/686/686 674/674/674
f 670/670/670 674/674/674 671/671/671
f 671/671/671 675/675/675 676/676/676
f 671/671/671 676/676/676 672/672/672
f 671/671/671 674/674/674 677/677/677
f 671/671/671 677/677/677 678/678/678
f 671/671/671 678/678/678 679/679/679
f 671/671/671 679/679/679 680/680/680
f 671/671/671 680/680/680 675/675/675
f 672/672/672 676/676/676 681/681/681
f 672/672/672 681/681/681 682/682/682
f 672/672/672 682/682/682 683/683/683
f 672/672/672 683/683/683 684/684/684
f 672/672/672 684/684/684 685/685/685
f 672/672/672 685/685/685 673/673/673
f 674/674/674 686/686/686 677/677/677
f 675/675/675 687/687/687 688/688/688
f 675/675/675 688/688/688 676/676/676
f 675/675/675 680/680/680 689/689/689
f 675/675/675 689/689/689 687/687/687
f 676/676/676 688/688/688 690/690/690
f 676/676/676 690/690/690 687/687/687
f 676/676/676 687/687/687 681/681/681
f 677/677/677 686/686/686 691/691/691
f 677/677/677 691/691/691 692/692/692
f 677/677/677 692/692/692 706/706/706
f 677/677/677 706/706/706 729/729/729
f 677/677/677 729/729/729 728/728/728
f 677/677/677 728/728/728 742/742/742
f 677/677/677 742/742/742 755/755/755
f 677/677/677 755/755/755 757/757/757
f 677/677/677 757/757/757 768/768/768
f 677/677/677 768/768/768 776/776/776
f 677/677/677 776/776/776 770/770/770
f 677/677/677 770/770/770 762/762/762
f 677/677/677 762/762/762 751/751/751
f 677/677/677 751/751/751 750/750/750
f 677/677/677 750/750/750 749/749/749
f 677/677/677 749/749/749 748/748/748
f 677/677/677 748/748/748 746/746/746
f 677/677/677 746/746/746 737/737/737
f 677/677/677 737/737/737 719/719/719
f 677/677/677 719/719/719 718/718/718
f 677/677/677 718/718/718 717/717/717
f 677/677/677 717/717/717 707/707/707
f 677/677/677 707/707/707 693/693/693
f 677/677/677 693/693/693 680/680/680
f 677/677/677 680/680/680 679/679/679
f 677/677/677 679/679/679 678/678/678
f 680/680/680 693/693/693 689/689/689
f 681/681/681 694/694/694 695/695/695
f 681/681/681 695/695/695 696/696/696
f 681/681/681 696/696/696 682/682/682
f 681/681/681 687/687/687 697/697/697
f 681/681/681 697/697/697 694/694/694
f 682/682/682 696/696/696 712/712/712
f 682/682/682 712/712/712 698/698/698
f 682/682/682 698/698/698 699/699/699
f 682/682/682 699/699/699 683/683/683
f 683/683/683 699/699/699 684/684/684
f 684/684/684 699/699/699 700/700/700
f 687/687/687 701/701/701 697/697/697
f 687/687/687 690/690/690 688/688/688
f 687/687/687 689/689/689 702/702/702
f 687/687/687 702/702/702 703/703/703
f 687/687/687 703/703/703 704/704/704
f 687/687/687 704/704/704 701/701/701
f 689/689/689 693/693/693 702/702/702
f 691/691/691 705/705/705 706/706/706
f 691/691/691 706/706/706 692/692/692
f 693/693/693 707/707/707 703/703/703
f 693/693/693 703/703/703 702/702/702
f 694/694/694 708/708/708 695/695/695
f 694/694/694 697/697/697 708/708/708
f 695/695/695 708/708/708 709/709/709
f 695/695/695 709/709/709 710/710/710
f 695/695/695 710/710/710 711/711/711
f 695/695/695 711/711/711 712/712/712
f 695/695/695 712/712/712 696/696/696
f 697/697/697 701/701/701 713/713/713
f 697/697/697 713/713/713 714/714/714
f 697/697/697 714/714/714 708/708/708
f 698/698/698 712/712/712 715/715/715
f 698/698/698 715/715/715 700/700/700
f 698/698/698 700/700/700 699/699/699
f 701/701/701 716/716/716 713/713/713
f 701/701/701 704/704/704 716/716/716
f 703/703/703 707/707/707 717/717/717
f 703/703/703 717/717/717 718/718/718
f 703/703/703 718/718/718 719/719/719
f 703/703/703 719/719/719 720/720/720
f 703/703/703 720/720/720 721/721/721
f 703/703/703 721/721/721 722/722/722
f 703/703/703 722/722/722 723/723/723
f 703/703/703 723/723/723 724/724/724
f 703/703/703 724/724/724 725/725/725
f 703/703/703 725/725/725 704/704/704
f 704/704/704 725/725/725 726/726/726
f 704/704/704 726/726/726 716/716/716
f 705/705/705 727/727/727 728/728/728
f 705/705/705 728/728/728 729/729/729
f 705/705/705 729/729/729 706/706/706
f 708/708/708 714/714/714 730/730/730
f 708/708/708 730/730/730 726/726/726
f 708/708/708 726/726/726 731/731/731
f 708/708/708 731/731/731 709/709/709
f 709/709/709 731/731/731 744/744/744
f 709/709/709 744/744/744 732/732/732
f 709/709/709 732/732/732 710/710/710
f 710/710/710 732/732/732 711/711/711
f 711/711/711 732/732/732 733/733/733
f 711/711/711 733/733/733 734/734/734
f 711/711/711 734/734/734 735/735/735
f 711/711/711 735/735/735 715/715/715
f 711/711/711 715/715/715 712/712/712
f 713/713/713 716/716/716 730/730/730
f 713/713/713 730/730/730 714/714/714
f 716/716/716 726/726/726 736/736/736
f 716/716/716 736/736/736 730/730/730
f 719/719/719 737/737/737 747/747/747
f 719/719/719 747/747/747 738/738/738
f 719/719/719 738/738/738 720/720/720
f 720/720/720 738/738/738 747/747/747
f 720/720/720 747/747/747 739/739/739
f 720/720/720 739/739/739 740/740/740
f 720/720/720 740/740/740 721/721/721
f 721/721/721 740/740/740 744/744/744
f 721/721/721 744/744/744 731/731/731
f 721/721/721 731/731/731 725/725/725
f 721/721/721 725/725/725 724/724/724
f 721/721/721 724/724/724 723/723/723
f 721/721/721 723/723/723 722/722/722
f 725/725/725 731/731/731 726/726/726
f 726/726/726 730/730/730 736/736/736
f 727/727/727 741/741/741 728/728/728
f 728/728/728 741/741/741 743/743/743
f 728/728/728 743/743/743 742/742/742
f 732/732/732 744/744/744 745/745/745
f 732/732/732 745/745/745 734/734/734
f 732/732/732 734/734/734 733/733/733
f 737/737/737 746/746/746 747/747/747
f 739/739/739 747/747/747 748/748/748
f 739/739/739 748/748/748 749/749/749
f 739/739/739 749/749/749 750/750/750
f 739/739/739 750/750/750 751/751/751
f 739/739/739 751/751/751 752/752/752
f 739/739/739 752/752/752 753/753/753
f 739/739/739 753/753/753 740/740/740
f 740/740/740 753/753/753 754/754/754
f 740/740/740 754/754/754 744/744/744
f 742/742/742 743/743/743 755/755/755
f 743/743/743 756/756/756 757/757/757
f 743/743/743 757/757/757 755/755/755
f 744/744/744 754/754/754 758/758/758
f 744/744/744 758/758/758 759/759/759
f 744/744/744 759/759/759 760/760/760
f 744/744/744 760/760/760 761/761/761
f 744/744/744 761/761/761 745/745/745
f 746/746/746 748/748/748 747/747/747
f 751/751/751 762/762/762 763/763/763
f 751/751/751 763/763/763 752/752/752
f 752/752/752 763/763/763 753/753/753
f 753/753/753 764/764/764 765/765/765
f 753/753/753 765/765/765 758/758/758
f 753/753/753 758/758/758 754/754/754
f 753/753/753 763/763/763 766/766/766
f 753/753/753 766/766/766 764/764/764
f 756/756/756 767/767/767 768/768/768
f 756/756/756 768/768/768 757/757/757
f 758/758/758 765/765/765 759/759/759
f 759/759/759 765/765/765 769/769/769
f 759/759/759 769/769/769 760/760/760
f 762/762/762 770/770/770 771/771/771
f 762/762/762 771/771/771 763/763/763
f 764/764/764 772/772/772 773/773/773
f 764/764/764 773/773/773 774/774/774
f 764/764/764 774/774/774 765/765/765
f 764/764/764 766/766/766 772/772/772
f 765/765/765 774/774/774 773/773/773
f 765/765/765 773/773/773 769/769/769
f 767/767/767 775/775/775 776/776/776
f 767/767/767 776/776/776 768/768/768
f 770/770/770 776/776/776 771/771/771
f 771/771/771 776/776/776 777/777/777
f 775/775/775 778/778/778 776/776/776
f 776/776/776 778/778/778 779/779/779
f 776/776/776 779/779/779 780/780/780
f 776/776/776 780/780/780 777/777/777
f 781/781/781 782/782/782 783/783/783
f 781/781/781 783/783/783 792/792/792
f 781/781/781 792/792/792 804/804/804
f 781/781/781 804/804/804 817/817/817
f 781/781/781 817/817/817 829/829/829
f 781/781/781 829/829/829 842/842/842
f 781/781/781 842/842/842 841/841/841
f 781/781/781 841/841/841 858/858/858
f 781/781/781 858/858/858 879/879/879
f 781/781/781 879/879/879 895/895/895
f 781/781/781 895/895/895 877/877/877
f 781/781/781 877/877/877 894/894/894
f 781/781/781 894/894/894 909/909/909
f 781/781/781 909/909/909 914/914/914
f 781/781/781 914/914/914 910/910/910
f 781/781/781 910/910/910 896/896/896
f 781/781/781 896/896/896 882/882/882
f 781/781/781 882/882/882 881/881/881
f 781/781/781 881/881/881 860/860/860
f 781/781/781 860/860/860 843/843/843
f 781/781/781 843/843/843 830/830/830
f 781/781/781 830/830/830 820/820/820
f 781/781/781 820/820/820 805/805/805
f 781/781/781 805/805/805 793/793/793
f 781/781/781 793/793/793 784/784/784
f 781/781/781 784/784/784 785/785/785
f 781/781/781 785/785/785 786/786/786
f 781/781/781 786/786/786 787/787/787
f 781/781/781 787/787/787 782/782/782
f 782/782/782 788/788/788 783/783/783
f 782/782/782 787/787/787 789/789/789
f 782/782/782 789/789/789 788/788/788
f 783/783/783 788/788/788 790/790/790
f 783/783/783 790/790/790 791/791/791
f 783/783/783 791/791/791 792/792/792
f 784/784/784 793/793/793 785/785/785
f 785/785/785 794/794/794 786/786/786
f 785/785/785 793/793/793 794/794/794
f 786/786/786 794/794/794 795/795/795
f 786/786/786 795/795/795 787/787/787
f 787/787/787 796/796/796 797/797/797
f 787/787/787 797/797/797 789/789/789
f 787/787/787 795/795/795 798/798/798
f 787/787/787 798/798/798 799/799/799
f 787/787/787 799/799/799 809/809/809
f 787/787/787 809/809/809 823/823/823
f 787/787/787 823/823/823 822/822/822
f 787/787/787 822/822/822 833/833/833
f 787/787/787 833/833/833 831/831/831
f 787/787/787 831/831/831 846/846/846
f 787/787/787 846/846/846 845/845/845
f 787/787/787 845/845/845 862/862/862
f 787/787/787 862/862/862 886/886/886
f 787/787/787 886/886/886 885/885/885
f 787/787/787 885/885/885 904/904/904
f 787/787/787 904/904/904 903/903/903
f 787/787/787 903/903/903 902/902/902
f 787/787/787 902/902/902 913/913/913
f 787/787/787 913/913/913 905/905/905
f 787/787/787 905/905/905 888/888/888
f 787/787/787 888/888/888 871/871/871
f 787/787/787 871/871/871 870/870/870
f 787/787/787 870/870/870 869/869/869
f 787/787/787 869/869/869 868/868/868
f 787/787/787 868/868/868 867/867/867
f 787/787/787 867/867/867 866/866/866
f 787/787/787 866/866/866 887/887/887
f 787/787/787 887/887/887 863/863/863
f 787/787/787 863/863/863 847/847/847
f 787/787/787 847/847/847 835/835/835
f 787/787/787 835/835/835 834/834/834
f 787/787/787 834/834/834 824/824/824
f 787/787/787 824/824/824 810/810/810
f 787/787/787 810/810/810 796/796/796
f 788/788/788 800/800/800 801/801/801
f 788/788/788 801/801/801 803/803/803
f 788/788/788 803/803/803 790/790/790
f 788/788/788 789/789/789 800/800/800
f 789/789/789 797/797/797 802/802/802
f 789/789/789 802/802/802 800/800/800
f 790/790/790 803/803/803 804/804/804
f 790/790/790 804/804/804 791/791/791
f 791/791/791 804/804/804 792/792/792
f 793/793/793 805/805/805 806/806/806
f 793/793/793 806/806/806 807/807/807
f 793/793/793 807/807/807 794/794/794
f 794/794/794 807/807/807 808/808/808
f 794/794/794 808/808/808 809/809/809
f 794/794/794 809/809/809 798/798/798
f 794/794/794 798/798/798 795/795/795
f 796/796/796 810/810/810 811/811/811
f 796/796/796 811/811/811 797/797/797
f 797/797/797 811/811/811 812/812/812
f 797/797/797 812/812/812 802/802/802
f 798/798/798 809/809/809 799/799/799
f 800/800/800 802/802/802 813/813/813
f 800/800/800 813/813/813 801/801/801
f 801/801/801 813/813/813 814/814/814
f 801/801/801 814/814/814 815/815/815
f 801/801/801 815/815/815 804/804/804
f 801/801/801 804/804/804 803/803/803
f 802/802/802 812/812/812 816/816/816
f 802/802/802 816/816/816 813/813/813
f 804/804/804 815/815/815 818/818/818
f 804/804/804 818/818/818 819/819/819
f 804/804/804 819/819/819 817/817/817
f 805/805/805 820/820/820 808/808/808
f 805/805/805 808/808/808 807/807/807
f 805/805/805 807/807/807 806/806/806
f 808/808/808 821/821/821 822/822/822
f 808/808/808 822/822/822 823/823/823
f 808/808/808 823/823/823 809/809/809
f 808/808/808 820/820/820 821/821/821
f 810/810/810 824/824/824 825/825/825
f 810/810/810 825/825/825 811/811/811
f 811/811/811 825/825/825 826/826/826
f 811/811/811 826/826/826 816/816/816
f 811/811/811 816/816/816 812/812/812
f 813/813/813 816/816/816 814/814/814
f 814/814/814 827/827/827 815/815/815
f 814/814/814 816/816/816 825/825/825
f 814/814/814 825/825/825 827/827/827
f 815/815/815 827/827/827 828/828/828
f 815/815/815 828/828/828 818/818/818
f 816/816/816 826/826/826 825/825/825
f 817/817/817 819/819/819 829/829/829
f 818/818/818 828/828/828 819/819/819
f 819/819/819 828/828/828 829/829/829
f 820/820/820 830/830/830 831/831/831
f 820/820/820 831/831/831 832/832/832
f 820/820/820 832/832/832 833/833/833
f 820/820/820 833/833/833 821/821/821
f 821/821/821 833/833/833 822/822/822
f 824/824/824 834/834/834 825/825/825
f 825/825/825 834/834/834 835/835/835
f 825/825/825 835/835/835 836/836/836
f 825/825/825 836/836/836 837/837/837
f 825/825/825 837/837/837 838/838/838
f 825/825/825 838/838/838 827/827/827
f 827/827/827 839/839/839 828/828/828
f 827/827/827 838/838/838 839/839/839
f 828/828/828 839/839/839 840/840/840
f 828/828/828 840/840/840 841/841/841
f 828/828/828 841/841/841 842/842/842
f 828/828/828 842/842/842 829/829/829
f 830/830/830 843/843/843 844/844/844
f 830/830/830 844/844/844 845/845/845
f 830/830/830 845/845/845 846/846/846
f 830/830/830 846/846/846 831/831/831
f 831/831/831 833/833/833 832/832/832
f 835/835/835 847/847/847 848/848/848
f 835/835/835 848/848/848 836/836/836
f 836/836/836 848/848/848 837/837/837
f 837/837/837 848/848/848 849/849/849
f 837/837/837 849/849/849 850/850/850
f 837/837/837 850/850/850 851/851/851
f 837/837/837 851/851/851 852/852/852
f 837/837/837 852/852/852 853/853/853
f 837/837/837 853/853/853 839/839/839
f 837/837/837 839/839/839 838/838/838
f 839/839/839 854/854/854 855/855/855
f 839/839/839 855/855/855 856/856/856
f 839/839/839 856/856/856 841/841/841
f 839/839/839 841/841/841 840/840/840
f 839/839/839 853/853/853 857/857/857
f 839/839/839 857/857/857 854/854/854
f 841/841/841 856/856/856 859/859/859
f 841/841/841 859/859/859 858/858/858
f 843/843/843 860/860/860 844/844/844
f 844/844/844 860/860/860 861/861/861
f 844/844/844 861/861/861 862/862/862
f 844/844/844 862/862/862 845/845/845
f 847/847/847 863/863/863 848/848/848
f 848/848/848 863/863/863 849/849/849
f 849/849/849 864/864/864 865/865/865
f 849/849/849 865/865/865 850/850/850
f 849/849/849 863/863/863 864/864/864
f 850/850/850 865/865/865 851/851/851
f 851/851/851 865/865/865 866/866/866
f 851/851/851 866/866/866 852/852/852
f 852/852/852 866/866/866 867/867/867
f 852/852/852 867/867/867 868/868/868
f 852/852/852 868/868/868 869/869/869
f 852/852/852 869/869/869 870/870/870
f 852/852/852 870/870/870 871/871/871
f 852/852/852 871/871/871 872/872/872
f 852/852/852 872/872/872 857/857/857
f 852/852/852 857/857/857 853/853/853
f 854/854/854 873/873/873 874/874/874
f 854/854/854 874/874/874 855/855/855
f 854/854/854 857/857/857 875/875/875
f 854/854/854 875/875/875 873/873/873
f 855/855/855 874/874/874 876/876/876
f 855/855/855 876/876/876 877/877/877
f 855/855/855 877/877/877 878/878/878
f 855/855/855 878/878/878 856/856/856
f 856/856/856 878/878/878 859/859/859
f 857/857/857 872/872/872 875/875/875
f 858/858/858 859/859/859 879/879/879
f 859/859/859 878/878/878 880/880/880
f 859/859/859 880/880/880 879/879/879
f 860/860/860 881/881/881 861/861/861
f 861/861/861 881/881/881 882/882/882
f 861/861/861 882/882/882 883/883/883
f 861/861/861 883/883/883 884/884/884
f 861/861/861 884/884/884 885/885/885
f 861/861/861 885/885/885 886/886/886
f 861/861/861 886/886/886 862/862/862
f 863/863/863 887/887/887 864/864/864
f 864/864/864 887/887/887 865/865/865
f 865/865/865 887/887/887 866/866/866
f 871/871/871 888/888/888 872/872/872
f 872/872/872 888/888/888 889/889/889
f 872/872/872 889/889/889 875/875/875
f 873/873/873 890/890/890 891/891/891
f 873/873/873 891/891/891 892/892/892
f 873/873/873 892/892/892 893/893/893
f 873/873/873 893/893/893 894/894/894
f 873/873/873 894/894/894 874/874/874
f 873/873/873 875/875/875 889/889/889
f 873/873/873 889/889/889 890/890/890
f 874/874/874 894/894/894 877/877/877
f 874/874/874 877/877/877 876/876/876
f 877/877/877 895/895/895 880/880/880
f 877/877/877 880/880/880 878/878/878
f 879/879/879 880/880/880 895/895/895
f 882/882/882 896/896/896 897/897/897
f 882/882/882 897/897/897 898/898/898
f 882/882/882 898/898/898 899/899/899
f 882/882/882 899/899/899 900/900/900
f 882/882/882 900/900/900 883/883/883
f 883/883/883 900/900/900 884/884/884
f 884/884/884 901/901/901 902/902/902
f 884/884/884 902/902/902 903/903/903
f 884/884/884 903/903/903 904/904/904
f 884/884/884 904/904/904 885/885/885
f 884/884/884 900/900/900 901/901/901
f 888/888/888 905/905/905 889/889/889
f 889/889/889 905/905/905 901/901/901
f 889/889/889 901/901/901 890/890/890
f 890/890/890 900/900/900 906/906/906
f 890/890/890 906/906/906 907/907/907
f 890/890/890 907/907/907 891/891/891
f 890/890/890 901/901/901 900/900/900
f 891/891/891 907/907/907 908/908/908
f 891/891/891 908/908/908 892/892/892
f 892/892/892 908/908/908 907/907/907
f 892/892/892 907/907/907 893/893/893
f 893/893/893 907/907/907 894/894/894
f 894/894/894 907/907/907 909/909/909
f 896/896/896 910/910/910 898/898/898
f 896/896/896 898/898/898 897/897/897
f 898/898/898 910/910/910 899/899/899
f 899/899/899 910/910/910 911/911/911
f 899/899/899 911/911/911 912/912/912
f 899/899/899 912/912/912 907/907/907
f 899/899/899 907/907/907 900/900/900
f 900/900/900 907/907/907 906/906/906
f 901/901/901 905/905/905 913/913/913
f 901/901/901 913/913/913 902/902/902
f 907/907/907 912/912/912 909/909/909
f 909/909/909 912/912/912 911/911/911
f 909/909/909 911/911/911 914/914/914
f 910/910/910 914/914/914 911/911/911
f 915/915/915 916/916/916 920/920/920
f 915/915/915 920/920/920 924/924/924
f 915/915/915 924/924/924 928/928/928
f 915/915/915 928/928/928 939/939/939
f 915/915/915 939/939/939 944/944/944
f 915/915/915 944/944/944 949/949/949
f 915/915/915 949/949/949 958/958/958
f 915/915/915 958/958/958 970/970/970
f 915/915/915 970/970/970 987/987/987
f 915/915/915 987/987/987 1014/1014/1014
f 915/915/915 1014/1014/1014 1042/1042/1042
f 915/915/915 1042/1042/1042 1081/1081/1081
f 915/915/915 1081/1081/1081 1112/1112/1112
f 915/915/915 1112/1112/1112 1120/1120/1120
f 915/915/915 1120/1120/1120 1119/1119/1119
f 915/915/915 1119/1119/1119 1117/1117/1117
f 915/915/915 1117/1117/1117 1116/1116/1116
f 915/915/915 1116/1116/1116 1115/1115/1115
f 915/915/915 1115/1115/1115 1113/1113/1113
f 915/915/915 1113/1113/1113 1087/1087/1087
f 915/915/915 1087/1087/1087 1050/1050/1050
f 915/915/915 1050/1050/1050 1022/1022/1022
f 915/915/915 1022/1022/1022 1021/1021/1021
f 915/915/915 1021/1021/1021 995/995/995
f 915/915/915 995/995/995 977/977/977
f 915/915/915 977/977/977 964/964/964
f 915/915/915 964/964/964 956/956/956
f 915/915/915 956/956/956 948/948/948
f 915/915/915 948/948/948 943/943/943
f 915/915/915 943/943/943 941/941/941
f 915/915/915 941/941/941 931/931/931
f 915/915/915 931/931/931 926/926/926
f 915/915/915 926/926/926 921/921/921
f 915/915/915 921/921/921 917/917/917
f 915/915/915 917/917/917 918/918/918
f 915/915/915 918/918/918 919/919/919
f 915/915/915 919/919/919 916/916/916
f 916/916/916 919/919/919 920/920/920
f 917/917/917 921/921/921 918/918/918
f 918/918/918 922/922/922 927/927/927
f 918/918/918 927/927/927 938/938/938
f 918/918/918 938/938/938 937/937/937
f 918/918/918 937/937/937 936/936/936
f 918/918/918 936/936/936 935/935/935
f 918/918/918 935/935/935 934/934/934
f 918/918/918 934/934/934 933/933/933
f 918/918/918 933/933/933 932/932/932
f 918/918/918 932/932/932 942/942/942
f 918/918/918 942/942/942 946/946/946
f 918/918/918 946/946/946 951/951/951
f 918/918/918 951/951/951 961/961/961
f 918/918/918 961/961/961 976/976/976
f 918/918/918 976/976/976 993/993/993
f 918/918/918 993/993/993 992/992/992
f 918/918/918 992/992/992 1020/1020/1020
f 918/918/918 1020/1020/1020 1019/1019/1019
f 918/918/918 1019/1019/1019 1018/1018/1018
f 918/918/918 1018/1018/1018 1049/1049/1049
f 918/918/918 1049/1049/1049 1048/1048/1048
f 918/918/918 1048/1048/1048 1086/1086/1086
f 918/918/918 1086/1086/1086 1085/1085/1085
f 918/918/918 1085/1085/1085 1083/1083/1083
f 918/918/918 1083/1083/1083 1110/1110/1110
f 918/918/918 1110/1110/1110 1109/1109/1109
f 918/918/918 1109/1109/1109 1108/1108/1108
f 918/918/918 1108/1108/1108 1074/1074/1074
f 918/918/918 1074/1074/1074 1035/1035/1035
f 918/918/918 1035/1035/1035 1011/1011/1011
f 918/918/918 1011/1011/1011 988/988/988
f 918/918/918 988/988/988 971/971/971
f 918/918/918 971/971/971 959/959/959
f 918/918/918 959/959/959 950/950/950
f 918/918/918 950/950/950 945/945/945
f 918/918/918 945/945/945 940/940/940
f 918/918/918 940/940/940 930/930/930
f 918/918/918 930/930/930 929/929/929
f 918/918/918 929/929/929 925/925/925
f 918/918/918 925/925/925 923/923/923
f 918/918/918 923/923/923 919/919/919
f 918/918/918 921/921/921 922/922/922
f 919/919/919 923/923/923 920/920/920
f 920/920/920 923/923/923 925/925/925
f 920/920/920 925/925/925 924/924/924
f 921/921/921 926/926/926 927/927/927
f 921/921/921 927/927/927 922/922/922
f 924/924/924 925/925/925 929/929/929
f 924/924/924 929/929/929 930/930/930
f 924/924/924 930/930/930 928/928/928
f 926/926/926 931/931/931 932/932/932
f 926/926/926 932/932/932 933/933/933
f 926/926/926 933/933/933 934/934/934
f 926/926/926 934/934/934 935/935/935
f 926/926/926 935/935/935 936/936/936
f 926/926/926 936/936/936 937/937/937
f 926/926/926 937/937/937 938/938/938
f 926/926/926 938/938/938 927/927/927
f 928/928/928 930/930/930 939/939/939
f 930/930/930 940/940/940 939/939/939
f 931/931/931 941/941/941 932/932/932
f 932/932/932 941/941/941 943/943/943
f 932/932/932 943/943/943 942/942/942
f 939/939/939 940/940/940 945/945/945
f 939/939/939 945/945/945 944/944/944
f 942/942/942 943/943/943 946/946/946
f 943/943/943 947/947/947 946/946/946
f 943/943/943 948/948/948 947/947/947
f 944/944/944 945/945/945 949/949/949
f 945/945/945 950/950/950 949/949/949
f 946/946/946 947/947/947 951/951/951
f 947/947/947 952/952/952 953/953/953
f 947/947/947 953/953/953 951/951/951
f 947/947/947 948/948/948 954/954/954
f 947/947/947 954/954/954 955/955/955
f 947/947/947 955/955/955 952/952/952
f 948/948/948 956/956/956 957/957/957
f 948/948/948 957/957/957 954/954/954
f 949/949/949 950/950/950 958/958/958
f 950/950/950 959/959/959 958/958/958
f 951/951/951 953/953/953 952/952/952
f 951/951/951 952/952/952 960/960/960
f 951/951/951 960/960/960 961/961/961
f 952/952/952 962/962/962 960/960/960
f 952/952/952 955/955/955 963/963/963
f 952/952/952 963/963/963 962/962/962
f 954/954/954 957/957/957 963/963/963
f 954/954/954 963/963/963 955/955/955
f 956/956/956 964/964/964 965/965/965
f 956/956/956 965/965/965 966/966/966
f 956/956/956 966/966/966 957/957/957
f 957/957/957 966/966/966 967/967/967
f 957/957/957 967/967/967 968/968/968
f 957/957/957 968/968/968 969/969/969
f 957/957/957 969/969/969 963/963/963
f 958/958/958 959/959/959 970/970/970
f 959/959/959 971/971/971 970/970/970
f 960/960/960 962/962/962 972/972/972
f 960/960/960 972/972/972 973/973/973
f 960/960/960 973/973/973 974/974/974
f 960/960/960 974/974/974 975/975/975
f 960/960/960 975/975/975 976/976/976
f 960/960/960 976/976/976 961/961/961
f 962/962/962 963/963/963 972/972/972
f 963/963/963 969/969/969 972/972/972
f 964/964/964 977/977/977 978/978/978
f 964/964/964 978/978/978 979/979/979
f 964/964/964 979/979/979 965/965/965
f 965/965/965 979/979/979 967/967/967
f 965/965/965 967/967/967 966/966/966
f 967/967/967 979/979/979 968/968/968
f 968/968/968 980/980/980 969/969/969
f 968/968/968 979/979/979 981/981/981
f 968/968/968 981/981/981 982/982/982
f 968/968/968 982/982/982 983/983/983
f 968/968/968 983/983/983 984/984/984
f 968/968/968 984/984/984 985/985/985
f 968/968/968 985/985/985 980/980/980
f 969/969/969 980/980/980 972/972/972
f 970/970/970 971/971/971 986/986/986
f 970/970/970 986/986/986 987/987/987
f 971/971/971 988/988/988 986/986/986
f 972/972/972 980/980/980 989/989/989
f 972/972/972 989/989/989 990/990/990
f 972/972/972 990/990/990 973/973/973
f 973/973/973 990/990/990 974/974/974
f 974/974/974 991/991/991 992/992/992
f 974/974/974 992/992/992 993/993/993
f 974/974/974 993/993/993 975/975/975
f 974/974/974 990/990/990 994/994/994
f 974/974/974 994/994/994 991/991/991
f 975/975/975 993/993/993 976/976/976
f 977/977/977 995/995/995 996/996/996
f 977/977/977 996/996/996 978/978/978
f 978/978/978 996/996/996 979/979/979
f 979/979/979 996/996/996 997/997/997
f 979/979/979 997/997/997 998/998/998
f 979/979/979 998/998/998 982/982/982
f 979/979/979 982/982/982 981/981/981
f 980/980/980 999/999/999 989/989/989
f 980/980/980 985/985/985 999/999/999
f 982/982/982 1000/1000/1000 983/983/983
f 982/982/982 998/998/998 1001/1001/1001
f 982/982/982 1001/1001/1001 1000/1000/1000
f 983/983/983 1000/1000/1000 984/984/984
f 984/984/984 1000/1000/1000 985/985/985
f 985/985/985 1002/1002/1002 1003/1003/1003
f 985/985/985 1003/1003/1003 999/999/999
f 985/985/985 1000/1000/1000 1004/1004/1004
f 985/985/985 1004/1004/1004 1002/1002/1002
f 986/986/986 1005/1005/1005 1006/1006/1006
f 986/986/986 1006/1006/1006 1007/1007/1007
f 986/986/986 1007/1007/1007 1008/1008/1008
f 986/986/986 1008/1008/1008 1009/1009/1009
f 986/986/986 1009/1009/1009 1010/1010/1010
f 986/986/986 1010/1010/1010 987/987/987
f 986/986/986 988/988/988 1011/1011/1011
f 986/986/986 1011/1011/1011 1005/1005/1005
f 987/987/987 1010/1010/1010 1009/1009/1009
f 987/987/987 1009/1009/1009 1012/1012/1012
f 987/987/987 1012/1012/1012 1013/1013/1013
f 987/987/987 1013/1013/1013 1014/1014/1014
f 989/989/989 999/999/999 1003/1003/1003
f 989/989/989 1003/1003/1003 1015/1015/1015
f 989/989/989 1015/1015/1015 990/990/990
f 990/990/990 1016/1016/1016 994/994/994
f 990/990/990 1015/1015/1015 1016/1016/1016
f 991/991/991 994/994/994 1017/1017/1017
f 991/991/991 1017/1017/1017 1018/1018/1018
f 991/991/991 1018/1018/1018 1019/1019/1019
f 991/991/991 1019/1019/1019 1020/1020/1020
f 991/991/991 1020/1020/1020 992/992/992
f 994/994/994 1016/1016/1016 1017/1017/1017
f 995/995/995 1021/1021/1021 998/998/998
f 995/995/995 998/998/998 997/997/997
f 995/995/995 997/997/997 996/996/996
f 998/998/998 1021/1021/1021 1022/1022/1022
f 998/998/998 1022/1022/1022 1023/1023/1023
f 998/998/998 1023/1023/1023 1001/1001/1001
f 1000/1000/1000 1001/1001/1001 1024/1024/1024
f 1000/1000/1000 1024/1024/1024 1025/1025/1025
f 1000/1000/1000 1025/1025/1025 1004/1004/1004
f 1001/1001/1001 1023/1023/1023 1026/1026/1026
f 1001/1001/1001 1026/1026/1026 1024/1024/1024
f 1002/1002/1002 1027/1027/1027 1003/1003/1003
f 1002/1002/1002 1004/1004/1004 1027/1027/1027
f 1003/1003/1003 1028/1028/1028 1015/1015/1015
f 1003/1003/1003 1027/1027/1027 1028/1028/1028
f 1004/1004/1004 1025/1025/1025 1029/1029/1029
f 1004/1004/1004 1029/1029/1029 1030/1030/1030
f 1004/1004/1004 1030/1030/1030 1027/1027/1027
f 1005/1005/1005 1031/1031/1031 1032/1032/1032
f 1005/1005/1005 1032/1032/1032 1006/1006/1006
f 1005/1005/1005 1011/1011/1011 1031/1031/1031
f 1006/1006/1006 1032/1032/1032 1069/1069/1069
f 1006/1006/1006 1069/1069/1069 1033/1033/1033
f 1006/1006/1006 1033/1033/1033 1007/1007/1007
f 1007/1007/1007 1033/1033/1033 1034/1034/1034
f 1007/1007/1007 1034/1034/1034 1012/1012/1012
f 1007/1007/1007 1012/1012/1012 1008/1008/1008
f 1008/1008/1008 1012/1012/1012 1009/1009/1009
f 1011/1011/1011 1035/1035/1035 1036/1036/1036
f 1011/1011/1011 1036/1036/1036 1037/1037/1037
f 1011/1011/1011 1037/1037/1037 1038/1038/1038
f 1011/1011/1011 1038/1038/1038 1039/1039/1039
f 1011/1011/1011 1039/1039/1039 1031/1031/1031
f 1012/1012/1012 1034/1034/1034 1040/1040/1040
f 1012/1012/1012 1040/1040/1040 1041/1041/1041
f 1012/1012/1012 1041/1041/1041 1013/1013/1013
f 1013/1013/1013 1042/1042/1042 1014/1014/1014
f 1013/1013/1013 1041/1041/1041 1043/1043/1043
f 1013/1013/1013 1043/1043/1043 1044/1044/1044
f 1013/1013/1013 1044/1044/1044 1042/1042/1042
f 1015/1015/1015 1028/1028/1028 1045/1045/1045
f 1015/1015/1015 1045/1045/1045 1046/1046/1046
f 1015/1015/1015 1046/1046/1046 1016/1016/1016
f 1016/1016/1016 1046/1046/1046 1047/1047/1047
f 1016/1016/1016 1047/1047/1047 1048/1048/1048
f 1016/1016/1016 1048/1048/1048 1017/1017/1017
f 1017/1017/1017 1048/1048/1048 1049/1049/1049
f 1017/1017/1017 1049/1049/1049 1018/1018/1018
f 1022/1022/1022 1050/1050/1050 1051/1051/1051
f 1022/1022/1022 1051/1051/1051 1023/1023/1023
f 1023/1023/1023 1051/1051/1051 1026/1026/1026
f 1024/1024/1024 1026/1026/1026 1052/1052/1052
f 1024/1024/1024 1052/1052/1052 1053/1053/1053
f 1024/1024/1024 1053/1053/1053 1054/1054/1054
f 1024/1024/1024 1054/1054/1054 1055/1055/1055
f 1024/1024/1024 1055/1055/1055 1056/1056/1056
f 1024/1024/1024 1056/1056/1056 1057/1057/1057
f 1024/1024/1024 1057/1057/1057 1025/1025/1025
f 1025/1025/1025 1057/1057/1057 1029/1029/1029
f 1026/1026/1026 1051/1051/1051 1053/1053/1053
f 1026/1026/1026 1053/1053/1053 1052/1052/1052
f 1027/1027/1027 1058/1058/1058 1059/1059/1059
f 1027/1027/1027 1059/1059/1059 1060/1060/1060
f 1027/1027/1027 1060/1060/1060 1061/1061/1061
f 1027/1027/1027 1061/1061/1061 1028/1028/1028
f 1027/1027/1027 1030/1030/1030 1058/1058/1058
f 1028/1028/1028 1061/1061/1061 1062/1062/1062
f 1028/1028/1028 1062/1062/1062 1063/1063/1063
f 1028/1028/1028 1063/1063/1063 1045/1045/1045
f 1029/1029/1029 1057/1057/1057 1030/1030/1030
f 1030/1030/1030 1057/1057/1057 1064/1064/1064
f 1030/1030/1030 1064/1064/1064 1065/1065/1065
f 1030/1030/1030 1065/1065/1065 1066/1066/1066
f 1030/1030/1030 1066/1066/1066 1059/1059/1059
f 1030/1030/1030 1059/1059/1059 1058/1058/1058
f 1031/1031/1031 1039/1039/1039 1032/1032/1032
f 1032/1032/1032 1039/1039/1039 1067/1067/1067
f 1032/1032/1032 1067/1067/1067 1068/1068/1068
f 1032/1032/1032 1068/1068/1068 1069/1069/1069
f 1033/1033/1033 1069/1069/1069 1070/1070/1070
f 1033/1033/1033 1070/1070/1070 1034/1034/1034
f 1034/1034/1034 1070/1070/1070 1065/1065/1065
f 1034/1034/1034 1065/1065/1065 1071/1071/1071
f 1034/1034/1034 1071/1071/1071 1072/1072/1072
f 1034/1034/1034 1072/1072/1072 1073/1073/1073
f 1034/1034/1034 1073/1073/1073 1040/1040/1040
f 1035/1035/1035 1074/1074/1074 1075/1075/1075
f 1035/1035/1035 1075/1075/1075 1076/1076/1076
f 1035/1035/1035 1076/1076/1076 1077/1077/1077
f 1035/1035/1035 1077/1077/1077 1078/1078/1078
f 1035/1035/1035 1078/1078/1078 1036/1036/1036
f 1036/1036/1036 1078/1078/1078 1037/1037/1037
f 1037/1037/1037 1078/1078/1078 1067/1067/1067
f 1037/1037/1037 1067/1067/1067 1038/1038/1038
f 1038/1038/1038 1067/1067/1067 1039/1039/1039
f 1040/1040/1040 1043/1043/1043 1041/1041/1041
f 1040/1040/1040 1073/1073/1073 1079/1079/1079
f 1040/1040/1040 1079/1079/1079 1080/1080/1080
f 1040/1040/1040 1080/1080/1080 1043/1043/1043
f 1042/1042/1042 1044/1044/1044 1081/1081/1081
f 1043/1043/1043 1080/1080/1080 1044/1044/1044
f 1044/1044/1044 1080/1080/1080 1082/1082/1082
f 1044/1044/1044 1082/1082/1082 1081/1081/1081
f 1045/1045/1045 1063/1063/1063 1083/1083/1083
f 1045/1045/1045 1083/1083/1083 1084/1084/1084
f 1045/1045/1045 1084/1084/1084 1046/1046/1046
f 1046/1046/1046 1084/1084/1084 1083/1083/1083
f 1046/1046/1046 1083/1083/1083 1085/1085/1085
f 1046/1046/1046 1085/1085/1085 1047/1047/1047
f 1047/1047/1047 1085/1085/1085 1086/1086/1086
f 1047/1047/1047 1086/1086/1086 1048/1048/1048
f 1050/1050/1050 1087/1087/1087 1088/1088/1088
f 1050/1050/1050 1088/1088/1088 1051/1051/1051
f 1051/1051/1051 1088/1088/1088 1053/1053/1053
f 1053/1053/1053 1088/1088/1088 1054/1054/1054
f 1054/1054/1054 1088/1088/1088 1089/1089/1089
f 1054/1054/1054 1089/1089/1089 1090/1090/1090
f 1054/1054/1054 1090/1090/1090 1056/1056/1056
f 1054/1054/1054 1056/1056/1056 1055/1055/1055
f 1056/1056/1056 1090/1090/1090 1091/1091/1091
f 1056/1056/1056 1091/1091/1091 1092/1092/1092
f 1056/1056/1056 1092/1092/1092 1093/1093/1093
f 1056/1056/1056 1093/1093/1093 1071/1071/1071
f 1056/1056/1056 1071/1071/1071 1065/1065/1065
f 1056/1056/1056 1065/1065/1065 1057/1057/1057
f 1057/1057/1057 1065/1065/1065 1064/1064/1064
f 1059/1059/1059 1070/1070/1070 1068/1068/1068
f 1059/1059/1059 1068/1068/1068 1094/1094/1094
f 1059/1059/1059 1094/1094/1094 1060/1060/1060
f 1059/1059/1059 1066/1066/1066 1065/1065/1065
f 1059/1059/1059 1065/1065/1065 1095/1095/1095
f 1059/1059/1059 1095/1095/1095 1070/1070/1070
f 1060/1060/1060 1094/1094/1094 1096/1096/1096
f 1060/1060/1060 1096/1096/1096 1062/1062/1062
f 1060/1060/1060 1062/1062/1062 1061/1061/1061
f 1062/1062/1062 1097/1097/1097 1063/1063/1063
f 1062/1062/1062 1096/1096/1096 1098/1098/1098
f 1062/1062/1062 1098/1098/1098 1099/1099/1099
f 1062/1062/1062 1099/1099/1099 1100/1100/1100
f 1062/1062/1062 1100/1100/1100 1097/1097/1097
f 1063/1063/1063 1097/1097/1097 1101/1101/1101
f 1063/1063/1063 1101/1101/1101 1083/1083/1083
f 1065/1065/1065 1070/1070/1070 1095/1095/1095
f 1067/1067/1067 1096/1096/1096 1094/1094/1094
f 1067/1067/1067 1094/1094/1094 1068/1068/1068
f 1067/1067/1067 1078/1078/1078 1102/1102/1102
f 1067/1067/1067 1102/1102/1102 1096/1096/1096
f 1068/1068/1068 1070/1070/1070 1069/1069/1069
f 1071/1071/1071 1093/1093/1093 1092/1092/1092
f 1071/1071/1071 1092/1092/1092 1103/1103/1103
f 1071/1071/1071 1103/1103/1103 1104/1104/1104
f 1071/1071/1071 1104/1104/1104 1105/1105/1105
f 1071/1071/1071 1105/1105/1105 1106/1106/1106
f 1071/1071/1071 1106/1106/1106 1107/1107/1107
f 1071/1071/1071 1107/1107/1107 1073/1073/1073
f 1071/1071/1071 1073/1073/1073 1072/1072/1072
f 1073/1073/1073 1107/1107/1107 1105/1105/1105
f 1073/1073/1073 1105/1105/1105 1079/1079/1079
f 1074/1074/1074 1108/1108/1108 1075/1075/1075
f 1075/1075/1075 1108/1108/1108 1109/1109/1109
f 1075/1075/1075 1109/1109/1109 1110/1110/1110
f 1075/1075/1075 1110/1110/1110 1100/1100/1100
f 1075/1075/1075 1100/1100/1100 1076/1076/1076
f 1076/1076/1076 1099/1099/1099 1098/1098/1098
f 1076/1076/1076 1098/1098/1098 1096/1096/1096
f 1076/1076/1076 1096/1096/1096 1102/1102/1102
f 1076/1076/1076 1102/1102/1102 1077/1077/1077
f 1076/1076/1076 1100/1100/1100 1099/1099/1099
f 1077/1077/1077 1102/1102/1102 1078/1078/1078
f 1079/1079/1079 1082/1082/1082 1080/1080/1080
f 1079/1079/1079 1105/1105/1105 1111/1111/1111
f 1079/1079/1079 1111/1111/1111 1082/1082/1082
f 1081/1081/1081 1082/1082/1082 1112/1112/1112
f 1082/1082/1082 1111/1111/1111 1112/1112/1112
f 1083/1083/1083 1100/1100/1100 1110/1110/1110
f 1083/1083/1083 1101/1101/1101 1100/1100/1100
f 1087/1087/1087 1113/1113/1113 1091/1091/1091
f 1087/1087/1087 1091/1091/1091 1090/1090/1090
f 1087/1087/1087 1090/1090/1090 1088/1088/1088
f 1088/1088/1088 1090/1090/1090 1089/1089/1089
f 1091/1091/1091 1113/1113/1113 1103/1103/1103
f 1091/1091/1091 1103/1103/1103 1092/1092/1092
f 1097/1097/1097 1100/1100/1100 1101/1101/1101
f 1103/1103/1103 1113/1113/1113 1114/1114/1114
f 1103/1103/1103 1114/1114/1114 1115/1115/1115
f 1103/1103/1103 1115/1115/1115 1116/1116/1116
f 1103/1103/1103 1116/1116/1116 1105/1105/1105
f 1103/1103/1103 1105/1105/1105 1104/1104/1104
f 1105/1105/1105 1107/1107/1107 1106/1106/1106
f 1105/1105/1105 1116/1116/1116 1117/1117/1117
f 1105/1105/1105 1117/1117/1117 1118/1118/1118
f 1105/1105/1105 1118/1118/1118 1119/1119/1119
f 1105/1105/1105 1119/1119/1119 1111/1111/1111
f 1111/1111/1111 1119/1119/1119 1120/1120/1120
f 1111/1111/1111 1120/1120/1120 1112/1112/1112
f 1113/1113/1113 1115/1115/1115 1114/1114/1114
f 1117/1117/1117 1119/1119/1119 1118/1118/1118
f 1121/1121/1121 1122/1122/1122 1123/1123/1123
f 1121/1121/1121 1123/1123/1123 1128/1128/1128
f 1121/1121/1121 1128/1128/1128 1127/1127/1127
f 1121/1121/1121 1127/1127/1127 1139/1139/1139
f 1121/1121/1121 1139/1139/1139 1150/1150/1150
f 1121/1121/1121 1150/1150/1150 1164/1164/1164
f 1121/1121/1121 1164/1164/1164 1182/1182/1182
f 1121/1121/1121 1182/1182/1182 1184/1184/1184
f 1121/1121/1121 1184/1184/1184 1198/1198/1198
f 1121/1121/1121 1198/1198/1198 1215/1215/1215
f 1121/1121/1121 1215/1215/1215 1231/1231/1231
f 1121/1121/1121 1231/1231/1231 1237/1237/1237
f 1121/1121/1121 1237/1237/1237 1236/1236/1236
f 1121/1121/1121 1236/1236/1236 1255/1255/1255
f 1121/1121/1121 1255/1255/1255 1254/1254/1254
f 1121/1121/1121 1254/1254/1254 1256/1256/1256
f 1121/1121/1121 1256/1256/1256 1238/1238/1238
f 1121/1121/1121 1238/1238/1238 1218/1218/1218
f 1121/1121/1121 1218/1218/1218 1201/1201/1201
f 1121/1121/1121 1201/1201/1201 1187/1187/1187
f 1121/1121/1121 1187/1187/1187 1178/1178/1178
f 1121/1121/1121 1178/1178/1178 1159/1159/1159
f 1121/1121/1121 1159/1159/1159 1145/1145/1145
f 1121/1121/1121 1145/1145/1145 1133/1133/1133
f 1121/1121/1121 1133/1133/1133 1124/1124/1124
f 1121/1121/1121 1124/1124/1124 1125/1125/1125
f 1121/1121/1121 1125/1125/1125 1126/1126/1126
f 1121/1121/1121 1126/1126/1126 1122/1122/1122
f 1122/1122/1122 1127/1127/1127 1128/1128/1128
f 1122/1122/1122 1128/1128/1128 1123/1123/1123
f 1122/1122/1122 1126/1126/1126 1129/1129/1129
f 1122/1122/1122 1129/1129/1129 1130/1130/1130
f 1122/1122/1122 1130/1130/1130 1127/1127/1127
f 1124/1124/1124 1131/1131/1131 1132/1132/1132
f 1124/1124/1124 1132/1132/1132 1125/1125/1125
f 1124/1124/1124 1133/1133/1133 1134/1134/1134
f 1124/1124/1124 1134/1134/1134 1135/1135/1135
f 1124/1124/1124 1135/1135/1135 1136/1136/1136
f 1124/1124/1124 1136/1136/1136 1131/1131/1131
f 1125/1125/1125 1132/1132/1132 1137/1137/1137
f 1125/1125/1125 1137/1137/1137 1126/1126/1126
f 1126/1126/1126 1137/1137/1137 1138/1138/1138
f 1126/1126/1126 1138/1138/1138 1129/1129/1129
f 1127/1127/1127 1130/1130/1130 1139/1139/1139
f 1129/1129/1129 1138/1138/1138 1137/1137/1137
f 1129/1129/1129 1137/1137/1137 1132/1132/1132
f 1129/1129/1129 1132/1132/1132 1144/1144/1144
f 1129/1129/1129 1144/1144/1144 1158/1158/1158
f 1129/1129/1129 1158/1158/1158 1142/1142/1142
f 1129/1129/1129 1142/1142/1142 1157/1157/1157
f 1129/1129/1129 1157/1157/1157 1177/1177/1177
f 1129/1129/1129 1177/1177/1177 1176/1176/1176
f 1129/1129/1129 1176/1176/1176 1175/1175/1175
f 1129/1129/1129 1175/1175/1175 1174/1174/1174
f 1129/1129/1129 1174/1174/1174 1163/1163/1163
f 1129/1129/1129 1163/1163/1163 1181/1181/1181
f 1129/1129/1129 1181/1181/1181 1192/1192/1192
f 1129/1129/1129 1192/1192/1192 1208/1208/1208
f 1129/1129/1129 1208/1208/1208 1226/1226/1226
f 1129/1129/1129 1226/1226/1226 1245/1245/1245
f 1129/1129/1129 1245/1245/1245 1261/1261/1261
f 1129/1129/1129 1261/1261/1261 1264/1264/1264
f 1129/1129/1129 1264/1264/1264 1263/1263/1263
f 1129/1129/1129 1263/1263/1263 1262/1262/1262
f 1129/1129/1129 1262/1262/1262 1247/1247/1247
f 1129/1129/1129 1247/1247/1247 1232/1232/1232
f 1129/1129/1129 1232/1232/1232 1216/1216/1216
f 1129/1129/1129 1216/1216/1216 1199/1199/1199
f 1129/1129/1129 1199/1199/1199 1194/1194/1194
f 1129/1129/1129 1194/1194/1194 1183/1183/1183
f 1129/1129/1129 1183/1183/1183 1167/1167/1167
f 1129/1129/1129 1167/1167/1167 1153/1153/1153
f 1129/1129/1129 1153/1153/1153 1165/1165/1165
f 1129/1129/1129 1165/1165/1165 1151/1151/1151
f 1129/1129/1129 1151/1151/1151 1140/1140/1140
f 1129/1129/1129 1140/1140/1140 1130/1130/1130
f 1130/1130/1130 1140/1140/1140 1141/1141/1141
f 1130/1130/1130 1141/1141/1141 1139/1139/1139
f 1131/1131/1131 1136/1136/1136 1142/1142/1142
f 1131/1131/1131 1142/1142/1142 1143/1143/1143
f 1131/1131/1131 1143/1143/1143 1132/1132/1132
f 1132/1132/1132 1143/1143/1143 1144/1144/1144
f 1133/1133/1133 1145/1145/1145 1146/1146/1146
f 1133/1133/1133 1146/1146/1146 1134/1134/1134
f 1134/1134/1134 1146/1146/1146 1161/1161/1161
f 1134/1134/1134 1161/1161/1161 1160/1160/1160
f 1134/1134/1134 1160/1160/1160 1179/1179/1179
f 1134/1134/1134 1179/1179/1179 1178/1178/1178
f 1134/1134/1134 1178/1178/1178 1187/1187/1187
f 1134/1134/1134 1187/1187/1187 1202/1202/1202
f 1134/1134/1134 1202/1202/1202 1203/1203/1203
f 1134/1134/1134 1203/1203/1203 1188/1188/1188
f 1134/1134/1134 1188/1188/1188 1180/1180/1180
f 1134/1134/1134 1180/1180/1180 1162/1162/1162
f 1134/1134/1134 1162/1162/1162 1149/1149/1149
f 1134/1134/1134 1149/1149/1149 1147/1147/1147
f 1134/1134/1134 1147/1147/1147 1135/1135/1135
f 1135/1135/1135 1147/1147/1147 1136/1136/1136
f 1136/1136/1136 1148/1148/1148 1142/1142/1142
f 1136/1136/1136 1147/1147/1147 1149/1149/1149
f 1136/1136/1136 1149/1149/1149 1148/1148/1148
f 1139/1139/1139 1141/1141/1141 1150/1150/1150
f 1140/1140/1140 1151/1151/1151 1152/1152/1152
f 1140/1140/1140 1152/1152/1152 1141/1141/1141
f 1141/1141/1141 1152/1152/1152 1153/1153/1153
f 1141/1141/1141 1153/1153/1153 1154/1154/1154
f 1141/1141/1141 1154/1154/1154 1150/1150/1150
f 1142/1142/1142 1148/1148/1148 1155/1155/1155
f 1142/1142/1142 1155/1155/1155 1156/1156/1156
f 1142/1142/1142 1156/1156/1156 1157/1157/1157
f 1142/1142/1142 1158/1158/1158 1143/1143/1143
f 1143/1143/1143 1158/1158/1158 1144/1144/1144
f 1145/1145/1145 1159/1159/1159 1160/1160/1160
f 1145/1145/1145 1160/1160/1160 1161/1161/1161
f 1145/1145/1145 1161/1161/1161 1146/1146/1146
f 1148/1148/1148 1149/1149/1149 1155/1155/1155
f 1149/1149/1149 1162/1162/1162 1181/1181/1181
f 1149/1149/1149 1181/1181/1181 1163/1163/1163
f 1149/1149/1149 1163/1163/1163 1156/1156/1156
f 1149/1149/1149 1156/1156/1156 1155/1155/1155
f 1150/1150/1150 1154/1154/1154 1164/1164/1164
f 1151/1151/1151 1165/1165/1165 1166/1166/1166
f 1151/1151/1151 1166/1166/1166 1152/1152/1152
f 1152/1152/1152 1166/1166/1166 1165/1165/1165
f 1152/1152/1152 1165/1165/1165 1153/1153/1153
f 1153/1153/1153 1167/1167/1167 1168/1168/1168
f 1153/1153/1153 1168/1168/1168 1169/1169/1169
f 1153/1153/1153 1169/1169/1169 1154/1154/1154
f 1154/1154/1154 1170/1170/1170 1171/1171/1171
f 1154/1154/1154 1171/1171/1171 1164/1164/1164
f 1154/1154/1154 1169/1169/1169 1172/1172/1172
f 1154/1154/1154 1172/1172/1172 1173/1173/1173
f 1154/1154/1154 1173/1173/1173 1170/1170/1170
f 1156/1156/1156 1163/1163/1163 1174/1174/1174
f 1156/1156/1156 1174/1174/1174 1175/1175/1175
f 1156/1156/1156 1175/1175/1175 1176/1176/1176
f 1156/1156/1156 1176/1176/1176 1177/1177/1177
f 1156/1156/1156 1177/1177/1177 1157/1157/1157
f 1159/1159/1159 1178/1178/1178 1179/1179/1179
f 1159/1159/1159 1179/1179/1179 1160/1160/1160
f 1162/1162/1162 1180/1180/1180 1181/1181/1181
f 1164/1164/1164 1171/1171/1171 1182/1182/1182
f 1167/1167/1167 1183/1183/1183 1169/1169/1169
f 1167/1167/1167 1169/1169/1169 1168/1168/1168
f 1169/1169/1169 1183/1183/1183 1172/1172/1172
f 1170/1170/1170 1173/1173/1173 1183/1183/1183
f 1170/1170/1170 1183/1183/1183 1171/1171/1171
f 1171/1171/1171 1184/1184/1184 1182/1182/1182
f 1171/1171/1171 1183/1183/1183 1185/1185/1185
f 1171/1171/1171 1185/1185/1185 1186/1186/1186
f 1171/1171/1171 1186/1186/1186 1184/1184/1184
f 1172/1172/1172 1183/1183/1183 1173/1173/1173
f 1180/1180/1180 1188/1188/1188 1189/1189/1189
f 1180/1180/1180 1189/1189/1189 1190/1190/1190
f 1180/1180/1180 1190/1190/1190 1191/1191/1191
f 1180/1180/1180 1191/1191/1191 1181/1181/1181
f 1181/1181/1181 1191/1191/1191 1193/1193/1193
f 1181/1181/1181 1193/1193/1193 1192/1192/1192
f 1183/1183/1183 1194/1194/1194 1185/1185/1185
f 1184/1184/1184 1186/1186/1186 1195/1195/1195
f 1184/1184/1184 1195/1195/1195 1196/1196/1196
f 1184/1184/1184 1196/1196/1196 1197/1197/1197
f 1184/1184/1184 1197/1197/1197 1198/1198/1198
f 1185/1185/1185 1194/1194/1194 1186/1186/1186
f 1186/1186/1186 1194/1194/1194 1199/1199/1199
f 1186/1186/1186 1199/1199/1199 1200/1200/1200
f 1186/1186/1186 1200/1200/1200 1195/1195/1195
f 1187/1187/1187 1201/1201/1201 1202/1202/1202
f 1188/1188/1188 1203/1203/1203 1189/1189/1189
f 1189/1189/1189 1204/1204/1204 1190/1190/1190
f 1189/1189/1189 1203/1203/1203 1205/1205/1205
f 1189/1189/1189 1205/1205/1205 1204/1204/1204
f 1190/1190/1190 1204/1204/1204 1206/1206/1206
f 1190/1190/1190 1206/1206/1206 1191/1191/1191
f 1191/1191/1191 1206/1206/1206 1193/1193/1193
f 1192/1192/1192 1193/1193/1193 1207/1207/1207
f 1192/1192/1192 1207/1207/1207 1208/1208/1208
f 1193/1193/1193 1209/1209/1209 1207/1207/1207
f 1193/1193/1193 1206/1206/1206 1209/1209/1209
f 1195/1195/1195 1200/1200/1200 1210/1210/1210
f 1195/1195/1195 1210/1210/1210 1196/1196/1196
f 1196/1196/1196 1210/1210/1210 1211/1211/1211
f 1196/1196/1196 1211/1211/1211 1197/1197/1197
f 1197/1197/1197 1212/1212/1212 1213/1213/1213
f 1197/1197/1197 1213/1213/1213 1198/1198/1198
f 1197/1197/1197 1211/1211/1211 1214/1214/1214
f 1197/1197/1197 1214/1214/1214 1212/1212/1212
f 1198/1198/1198 1213/1213/1213 1215/1215/1215
f 1199/1199/1199 1216/1216/1216 1217/1217/1217
f 1199/1199/1199 1217/1217/1217 1200/1200/1200
f 1200/1200/1200 1217/1217/1217 1210/1210/1210
f 1201/1201/1201 1218/1218/1218 1219/1219/1219
f 1201/1201/1201 1219/1219/1219 1220/1220/1220
f 1201/1201/1201 1220/1220/1220 1221/1221/1221
f 1201/1201/1201 1221/1221/1221 1202/1202/1202
f 1202/1202/1202 1221/1221/1221 1220/1220/1220
f 1202/1202/1202 1220/1220/1220 1222/1222/1222
f 1202/1202/1202 1222/1222/1222 1203/1203/1203
f 1203/1203/1203 1222/1222/1222 1223/1223/1223
f 1203/1203/1203 1223/1223/1223 1205/1205/1205
f 1204/1204/1204 1205/1205/1205 1223/1223/1223
f 1204/1204/1204 1223/1223/1223 1206/1206/1206
f 1206/1206/1206 1223/1223/1223 1224/1224/1224
f 1206/1206/1206 1224/1224/1224 1225/1225/1225
f 1206/1206/1206 1225/1225/1225 1209/1209/1209
f 1207/1207/1207 1209/1209/1209 1225/1225/1225
f 1207/1207/1207 1225/1225/1225 1208/1208/1208
f 1208/1208/1208 1225/1225/1225 1227/1227/1227
f 1208/1208/1208 1227/1227/1227 1228/1228/1228
f 1208/1208/1208 1228/1228/1228 1226/1226/1226
f 1210/1210/1210 1217/1217/1217 1229/1229/1229
f 1210/1210/1210 1229/1229/1229 1211/1211/1211
f 1211/1211/1211 1229/1229/1229 1214/1214/1214
f 1212/1212/1212 1215/1215/1215 1213/1213/1213
f 1212/1212/1212 1214/1214/1214 1215/1215/1215
f 1214/1214/1214 1229/1229/1229 1217/1217/1217
f 1214/1214/1214 1217/1217/1217 1230/1230/1230
f 1214/1214/1214 1230/1230/1230 1231/1231/1231
f 1214/1214/1214 1231/1231/1231 1215/1215/1215
f 1216/1216/1216 1232/1232/1232 1233/1233/1233
f 1216/1216/1216 1233/1233/1233 1234/1234/1234
f 1216/1216/1216 1234/1234/1234 1235/1235/1235
f 1216/1216/1216 1235/1235/1235 1217/1217/1217
f 1217/1217/1217 1235/1235/1235 1236/1236/1236
f 1217/1217/1217 1236/1236/1236 1237/1237/1237
f 1217/1217/1217 1237/1237/1237 1230/1230/1230
f 1218/1218/1218 1238/1238/1238 1219/1219/1219
f 1219/1219/1219 1239/1239/1239 1240/1240/1240
f 1219/1219/1219 1240/1240/1240 1241/1241/1241
f 1219/1219/1219 1241/1241/1241 1220/1220/1220
f 1219/1219/1219 1238/1238/1238 1239/1239/1239
f 1220/1220/1220 1241/1241/1241 1242/1242/1242
f 1220/1220/1220 1242/1242/1242 1225/1225/1225
f 1220/1220/1220 1225/1225/1225 1224/1224/1224
f 1220/1220/1220 1224/1224/1224 1222/1222/1222
f 1222/1222/1222 1224/1224/1224 1223/1223/1223
f 1225/1225/1225 1242/1242/1242 1243/1243/1243
f 1225/1225/1225 1243/1243/1243 1244/1244/1244
f 1225/1225/1225 1244/1244/1244 1227/1227/1227
f 1226/1226/1226 1228/1228/1228 1245/1245/1245
f 1227/1227/1227 1244/1244/1244 1246/1246/1246
f 1227/1227/1227 1246/1246/1246 1228/1228/1228
f 1228/1228/1228 1246/1246/1246 1245/1245/1245
f 1230/1230/1230 1237/1237/1237 1231/1231/1231
f 1232/1232/1232 1247/1247/1247 1233/1233/1233
f 1233/1233/1233 1247/1247/1247 1248/1248/1248
f 1233/1233/1233 1248/1248/1248 1249/1249/1249
f 1233/1233/1233 1249/1249/1249 1250/1250/1250
f 1233/1233/1233 1250/1250/1250 1234/1234/1234
f 1234/1234/1234 1250/1250/1250 1251/1251/1251
f 1234/1234/1234 1251/1251/1251 1252/1252/1252
f 1234/1234/1234 1252/1252/1252 1253/1253/1253
f 1234/1234/1234 1253/1253/1253 1235/1235/1235
f 1235/1235/1235 1253/1253/1253 1254/1254/1254
f 1235/1235/1235 1254/1254/1254 1255/1255/1255
f 1235/1235/1235 1255/1255/1255 1236/1236/1236
f 1238/1238/1238 1256/1256/1256 1243/1243/1243
f 1238/1238/1238 1243/1243/1243 1239/1239/1239
f 1239/1239/1239 1243/1243/1243 1257/1257/1257
f 1239/1239/1239 1257/1257/1257 1240/1240/1240
f 1240/1240/1240 1257/1257/1257 1241/1241/1241
f 1241/1241/1241 1257/1257/1257 1243/1243/1243
f 1241/1241/1241 1243/1243/1243 1242/1242/1242
f 1243/1243/1243 1256/1256/1256 1252/1252/1252
f 1243/1243/1243 1252/1252/1252 1258/1258/1258
f 1243/1243/1243 1258/1258/1258 1259/1259/1259
f 1243/1243/1243 1259/1259/1259 1244/1244/1244
f 1244/1244/1244 1258/1258/1258 1251/1251/1251
f 1244/1244/1244 1251/1251/1251 1250/1250/1250
f 1244/1244/1244 1250/1250/1250 1246/1246/1246
f 1244/1244/1244 1259/1259/1259 1258/1258/1258
f 1245/1245/1245 1246/1246/1246 1260/1260/1260
f 1245/1245/1245 1260/1260/1260 1261/1261/1261
f 1246/1246/1246 1250/1250/1250 1249/1249/1249
f 1246/1246/1246 1249/1249/1249 1260/1260/1260
f 1247/1247/1247 1262/1262/1262 1248/1248/1248
f 1248/1248/1248 1262/1262/1262 1249/1249/1249
f 1249/1249/1249 1262/1262/1262 1263/1263/1263
f 1249/1249/1249 1263/1263/1263 1264/1264/1264
f 1249/1249/1249 1264/1264/1264 1260/1260/1260
f 1251/1251/1251 1258/1258/1258 1252/1252/1252
f 1252/1252/1252 1256/1256/1256 1254/1254/1254
f 1252/1252/1252 1254/1254/1254 1253/1253/1253
f 1260/1260/1260 1264/1264/1264 1261/1261/1261
f 1265/1265/1265 1266/1266/1266 1267/1267/1267
f 1265/1265/1265 1267/1267/1267 1268/1268/1268
f 1265/1265/1265 1268/1268/1268 1277/1277/1277
f 1265/1265/1265 1277/1277/1277 1290/1290/1290
f 1265/1265/1265 1290/1290/1290 1309/1309/1309
f 1265/1265/1265 1309/1309/1309 1331/1331/1331
f 1265/1265/1265 1331/1331/1331 1352/1352/1352
f 1265/1265/1265 1352/1352/1352 1369/1369/1369
f 1265/1265/1265 1369/1369/1369 1390/1390/1390
f 1265/1265/1265 1390/1390/1390 1406/1406/1406
f 1265/1265/1265 1406/1406/1406 1423/1423/1423
f 1265/1265/1265 1423/1423/1423 1432/1432/1432
f 1265/1265/1265 1432/1432/1432 1436/1436/1436
f 1265/1265/1265 1436/1436/1436 1442/1442/1442
f 1265/1265/1265 1442/1442/1442 1446/1446/1446
f 1265/1265/1265 1446/1446/1446 1451/1451/1451
f 1265/1265/1265 1451/1451/1451 1450/1450/1450
f 1265/1265/1265 1450/1450/1450 1449/1449/1449
f 1265/1265/1265 1449/1449/1449 1448/1448/1448
f 1265/1265/1265 1448/1448/1448 1447/1447/1447
f 1265/1265/1265 1447/1447/1447 1443/1443/1443
f 1265/1265/1265 1443/1443/1443 1437/1437/1437
f 1265/1265/1265 1437/1437/1437 1433/1433/1433
f 1265/1265/1265 1433/1433/1433 1425/1425/1425
f 1265/1265/1265 1425/1425/1425 1410/1410/1410
f 1265/1265/1265 1410/1410/1410 1391/1391/1391
f 1265/1265/1265 1391/1391/1391 1371/1371/1371
f 1265/1265/1265 1371/1371/1371 1355/1355/1355
f 1265/1265/1265 1355/1355/1355 1339/1339/1339
f 1265/1265/1265 1339/1339/1339 1318/1318/1318
f 1265/1265/1265 1318/1318/1318 1298/1298/1298
f 1265/1265/1265 1298/1298/1298 1280/1280/1280
f 1265/1265/1265 1280/1280/1280 1269/1269/1269
f 1265/1265/1265 1269/1269/1269 1266/1266/1266
f 1266/1266/1266 1269/1269/1269 1270/1270/1270
f 1266/1266/1266 1270/1270/1270 1271/1271/1271
f 1266/1266/1266 1271/1271/1271 1267/1267/1267
f 1267/1267/1267 1271/1271/1271 1272/1272/1272
f 1267/1267/1267 1272/1272/1272 1273/1273/1273
f 1267/1267/1267 1273/1273/1273 1274/1274/1274
f 1267/1267/1267 1274/1274/1274 1275/1275/1275
f 1267/1267/1267 1275/1275/1275 1268/1268/1268
f 1268/1268/1268 1275/1275/1275 1276/1276/1276
f 1268/1268/1268 1276/1276/1276 1277/1277/1277
f 1269/1269/1269 1278/1278/1278 1279/1279/1279
f 1269/1269/1269 1279/1279/1279 1270/1270/1270
f 1269/1269/1269 1280/1280/1280 1278/1278/1278
f 1270/1270/1270 1281/1281/1281 1271/1271/1271
f 1270/1270/1270 1279/1279/1279 1281/1281/1281
f 1271/1271/1271 1281/1281/1281 1282/1282/1282
f 1271/1271/1271 1282/1282/1282 1272/1272/1272
f 1272/1272/1272 1282/1282/1282 1283/1283/1283
f 1272/1272/1272 1283/1283/1283 1284/1284/1284
f 1272/1272/1272 1284/1284/1284 1273/1273/1273
f 1273/1273/1273 1284/1284/1284 1285/1285/1285
f 1273/1273/1273 1285/1285/1285 1286/1286/1286
f 1273/1273/1273 1286/1286/1286 1274/1274/1274
f 1274/1274/1274 1286/1286/1286 1276/1276/1276
f 1274/1274/1274 1276/1276/1276 1275/1275/1275
f 1276/1276/1276 1286/1286/1286 1287/1287/1287
f 1276/1276/1276 1287/1287/1287 1277/1277/1277
f 1277/1277/1277 1287/1287/1287 1288/1288/1288
f 1277/1277/1277 1288/1288/1288 1289/1289/1289
f 1277/1277/1277 1289/1289/1289 1290/1290/1290
f 1278/1278/1278 1291/1291/1291 1279/1279/1279
f 1278/1278/1278 1280/1280/1280 1292/1292/1292
f 1278/1278/1278 1292/1292/1292 1291/1291/1291
f 1279/1279/1279 1291/1291/1291 1293/1293/1293
f 1279/1279/1279 1293/1293/1293 1294/1294/1294
f 1279/1279/1279 1294/1294/1294 1295/1295/1295
f 1279/1279/1279 1295/1295/1295 1281/1281/1281
f 1280/1280/1280 1296/1296/1296 1297/1297/1297
f 1280/1280/1280 1297/1297/1297 1292/1292/1292
f 1280/1280/1280 1298/1298/1298 1296/1296/1296
f 1281/1281/1281 1295/1295/1295 1282/1282/1282
f 1282/1282/1282 1295/1295/1295 1283/1283/1283
f 1283/1283/1283 1295/1295/1295 1299/1299/1299
f 1283/1283/1283 1299/1299/1299 1300/1300/1300
f 1283/1283/1283 1300/1300/1300 1285/1285/1285
f 1283/1283/1283 1285/1285/1285 1284/1284/1284
f 1285/1285/1285 1300/1300/1300 1301/1301/1301
f 1285/1285/1285 1301/1301/1301 1302/1302/1302
f 1285/1285/1285 1302/1302/1302 1303/1303/1303
f 1285/1285/1285 1303/1303/1303 1304/1304/1304
f 1285/1285/1285 1304/1304/1304 1286/1286/1286
f 1286/1286/1286 1304/1304/1304 1287/1287/1287
f 1287/1287/1287 1304/1304/1304 1303/1303/1303
f 1287/1287/1287 1303/1303/1303 1288/1288/1288
f 1288/1288/1288 1302/1302/1302 1289/1289/1289
f 1288/1288/1288 1303/1303/1303 1302/1302/1302
f 1289/1289/1289 1302/1302/1302 1305/1305/1305
f 1289/1289/1289 1305/1305/1305 1290/1290/1290
f 1290/1290/1290 1305/1305/1305 1306/1306/1306
f 1290/1290/1290 1306/1306/1306 1307/1307/1307
f 1290/1290/1290 1307/1307/1307 1308/1308/1308
f 1290/1290/1290 1308/1308/1308 1309/1309/1309
f 1291/1291/1291 1292/1292/1292 1293/1293/1293
f 1292/1292/1292 1297/1297/1297 1296/1296/1296
f 1292/1292/1292 1296/1296/1296 1310/1310/1310
f 1292/1292/1292 1310/1310/1310 1311/1311/1311
f 1292/1292/1292 1311/1311/1311 1312/1312/1312
f 1292/1292/1292 1312/1312/1312 1313/1313/1313
f 1292/1292/1292 1313/1313/1313 1294/1294/1294
f 1292/1292/1292 1294/1294/1294 1293/1293/1293
f 1294/1294/1294 1313/1313/1313 1312/1312/1312
f 1294/1294/1294 1312/1312/1312 1314/1314/1314
f 1294/1294/1294 1314/1314/1314 1315/1315/1315
f 1294/1294/1294 1315/1315/1315 1316/1316/1316
f 1294/1294/1294 1316/1316/1316 1295/1295/1295
f 1295/1295/1295 1316/1316/1316 1299/1299/1299
f 1296/1296/1296 1314/1314/1314 1310/1310/1310
f 1296/1296/1296 1298/1298/1298 1317/1317/1317
f 1296/1296/1296 1317/1317/1317 1314/1314/1314
f 1298/1298/1298 1318/1318/1318 1317/1317/1317
f 1299/1299/1299 1301/1301/1301 1300/1300/1300
f 1299/1299/1299 1316/1316/1316 1319/1319/1319
f 1299/1299/1299 1319/1319/1319 1320/1320/1320
f 1299/1299/1299 1320/1320/1320 1321/1321/1321
f 1299/1299/1299 1321/1321/1321 1322/1322/1322
f 1299/1299/1299 1322/1322/1322 1323/1323/1323
f 1299/1299/1299 1323/1323/1323 1301/1301/1301
f 1301/1301/1301 1323/1323/1323 1324/1324/1324
f 1301/1301/1301 1324/1324/1324 1325/1325/1325
f 1301/1301/1301 1325/1325/1325 1302/1302/1302
f 1302/1302/1302 1325/1325/1325 1326/1326/1326
f 1302/1302/1302 1326/1326/1326 1327/1327/1327
f 1302/1302/1302 1327/1327/1327 1305/1305/1305
f 1305/1305/1305 1327/1327/1327 1306/1306/1306
f 1306/1306/1306 1327/1327/1327 1328/1328/1328
f 1306/1306/1306 1328/1328/1328 1329/1329/1329
f 1306/1306/1306 1329/1329/1329 1330/1330/1330
f 1306/1306/1306 1330/1330/1330 1331/1331/1331
f 1306/1306/1306 1331/1331/1331 1309/1309/1309
f 1306/1306/1306 1309/1309/1309 1308/1308/1308
f 1306/1306/1306 1308/1308/1308 1307/1307/1307
f 1310/1310/1310 1314/1314/1314 1311/1311/1311
f 1311/1311/1311 1314/1314/1314 1312/1312/1312
f 1314/1314/1314 1332/1332/1332 1315/1315/1315
f 1314/1314/1314 1317/1317/1317 1333/1333/1333
f 1314/1314/1314 1333/1333/1333 1334/1334/1334
f 1314/1314/1314 1334/1334/1334 1335/1335/1335
f 1314/1314/1314 1335/1335/1335 1336/1336/1336
f 1314/1314/1314 1336/1336/1336 1337/1337/1337
f 1314/1314/1314 1337/1337/1337 1332/1332/1332
f 1315/1315/1315 1319/1319/1319 1316/1316/1316
f 1315/1315/1315 1332/1332/1332 1319/1319/1319
f 1317/1317/1317 1318/1318/1318 1333/1333/1333
f 1318/1318/1318 1338/1338/1338 1334/1334/1334
f 1318/1318/1318 1334/1334/1334 1333/1333/1333
f 1318/1318/1318 1339/1339/1339 1340/1340/1340
f 1318/1318/1318 1340/1340/1340 1338/1338/1338
f 1319/1319/1319 1332/1332/1332 1341/1341/1341
f 1319/1319/1319 1341/1341/1341 1342/1342/1342
f 1319/1319/1319 1342/1342/1342 1320/1320/1320
f 1320/1320/1320 1342/1342/1342 1321/1321/1321
f 1321/1321/1321 1343/1343/1343 1324/1324/1324
f 1321/1321/1321 1324/1324/1324 1323/1323/1323
f 1321/1321/1321 1323/1323/1323 1322/1322/1322
f 1321/1321/1321 1342/1342/1342 1344/1344/1344
f 1321/1321/1321 1344/1344/1344 1343/1343/1343
f 1324/1324/1324 1343/1343/1343 1345/1345/1345
f 1324/1324/1324 1345/1345/1345 1346/1346/1346
f 1324/1324/1324 1346/1346/1346 1347/1347/1347
f 1324/1324/1324 1347/1347/1347 1325/1325/1325
f 1325/1325/1325 1347/1347/1347 1326/1326/1326
f 1326/1326/1326 1328/1328/1328 1327/1327/1327
f 1326/1326/1326 1347/1347/1347 1348/1348/1348
f 1326/1326/1326 1348/1348/1348 1328/1328/1328
f 1328/1328/1328 1348/1348/1348 1349/1349/1349
f 1328/1328/1328 1349/1349/1349 1350/1350/1350
f 1328/1328/1328 1350/1350/1350 1329/1329/1329
f 1329/1329/1329 1350/1350/1350 1330/1330/1330
f 1330/1330/1330 1350/1350/1350 1349/1349/1349
f 1330/1330/1330 1349/1349/1349 1351/1351/1351
f 1330/1330/1330 1351/1351/1351 1352/1352/1352
f 1330/1330/1330 1352/1352/1352 1331/1331/1331
f 1332/1332/1332 1337/1337/1337 1353/1353/1353
f 1332/1332/1332 1353/1353/1353 1341/1341/1341
f 1334/1334/1334 1338/1338/1338 1335/1335/1335
f 1335/1335/1335 1338/1338/1338 1354/1354/1354
f 1335/1335/1335 1354/1354/1354 1336/1336/1336
f 1336/1336/1336 1354/1354/1354 1353/1353/1353
f 1336/1336/1336 1353/1353/1353 1337/1337/1337
f 1338/1338/1338 1340/1340/1340 1354/1354/1354
f 1339/1339/1339 1355/1355/1355 1356/1356/1356
f 1339/1339/1339 1356/1356/1356 1340/1340/1340
f 1340/1340/1340 1357/1357/1357 1358/1358/1358
f 1340/1340/1340 1358/1358/1358 1354/1354/1354
f 1340/1340/1340 1356/1356/1356 1359/1359/1359
f 1340/1340/1340 1359/1359/1359 1360/1360/1360
f 1340/1340/1340 1360/1360/1360 1357/1357/1357
f 1341/1341/1341 1353/1353/1353 1361/1361/1361
f 1341/1341/1341 1361/1361/1361 1342/1342/1342
f 1342/1342/1342 1361/1361/1361 1362/1362/1362
f 1342/1342/1342 1362/1362/1362 1344/1344/1344
f 1343/1343/1343 1344/1344/1344 1363/1363/1363
f 1343/1343/1343 1363/1363/1363 1345/1345/1345
f 1344/1344/1344 1362/1362/1362 1363/1363/1363
f 1345/1345/1345 1363/1363/1363 1364/1364/1364
f 1345/1345/1345 1364/1364/1364 1346/1346/1346
f 1346/1346/1346 1364/1364/1364 1365/1365/1365
f 1346/1346/1346 1365/1365/1365 1366/1366/1366
f 1346/1346/1346 1366/1366/1366 1347/1347/1347
f 1347/1347/1347 1366/1366/1366 1348/1348/1348
f 1348/1348/1348 1366/1366/1366 1367/1367/1367
f 1348/1348/1348 1367/1367/1367 1349/1349/1349
f 1349/1349/1349 1367/1367/1367 1368/1368/1368
f 1349/1349/1349 1368/1368/1368 1351/1351/1351
f 1351/1351/1351 1369/1369/1369 1352/1352/1352
f 1351/1351/1351 1368/1368/1368 1367/1367/1367
f 1351/1351/1351 1367/1367/1367 1369/1369/1369
f 1353/1353/1353 1354/1354/1354 1370/1370/1370
f 1353/1353/1353 1370/1370/1370 1361/1361/1361
f 1354/1354/1354 1358/1358/1358 1370/1370/1370
f 1355/1355/1355 1371/1371/1371 1356/1356/1356
f 1356/1356/1356 1372/1372/1372 1359/1359/1359
f 1356/1356/1356 1371/1371/1371 1372/1372/1372
f 1357/1357/1357 1373/1373/1373 1358/1358/1358
f 1357/1357/1357 1360/1360/1360 1374/1374/1374
f 1357/1357/1357 1374/1374/1374 1373/1373/1373
f 1358/1358/1358 1373/1373/1373 1370/1370/1370
f 1359/1359/1359 1372/1372/1372 1375/1375/1375
f 1359/1359/1359 1375/1375/1375 1374/1374/1374
f 1359/1359/1359 1374/1374/1374 1360/1360/1360
f 1361/1361/1361 1370/1370/1370 1373/1373/1373
f 1361/1361/1361 1373/1373/1373 1376/1376/1376
f 1361/1361/1361 1376/1376/1376 1362/1362/1362
f 1362/1362/1362 1377/1377/1377 1363/1363/1363
f 1362/1362/1362 1376/1376/1376 1378/1378/1378
f 1362/1362/1362 1378/1378/1378 1377/1377/1377
f 1363/1363/1363 1377/1377/1377 1379/1379/1379
f 1363/1363/1363 1379/1379/1379 1364/1364/1364
f 1364/1364/1364 1379/1379/1379 1380/1380/1380
f 1364/1364/1364 1380/1380/1380 1381/1381/1381
f 1364/1364/1364 1381/1381/1381 1382/1382/1382
f 1364/1364/1364 1382/1382/1382 1383/1383/1383
f 1364/1364/1364 1383/1383/1383 1365/1365/1365
f 1365/1365/1365 1384/1384/1384 1366/1366/1366
f 1365/1365/1365 1383/1383/1383 1385/1385/1385
f 1365/1365/1365 1385/1385/1385 1386/1386/1386
f 1365/1365/1365 1386/1386/1386 1387/1387/1387
f 1365/1365/1365 1387/1387/1387 1388/1388/1388
f 1365/1365/1365 1388/1388/1388 1384/1384/1384
f 1366/1366/1366 1384/1384/1384 1367/1367/1367
f 1367/1367/1367 1384/1384/1384 1389/1389/1389
f 1367/1367/1367 1389/1389/1389 1369/1369/1369
f 1369/1369/1369 1389/1389/1389 1390/1390/1390
f 1371/1371/1371 1391/1391/1391 1392/1392/1392
f 1371/1371/1371 1392/1392/1392 1393/1393/1393
f 1371/1371/1371 1393/1393/1393 1372/1372/1372
f 1372/1372/1372 1393/1393/1393 1392/1392/1392
f 1372/1372/1372 1392/1392/1392 1412/1412/1412
f 1372/1372/1372 1412/1412/1412 1411/1411/1411
f 1372/1372/1372 1411/1411/1411 1427/1427/1427
f 1372/1372/1372 1427/1427/1427 1426/1426/1426
f 1372/1372/1372 1426/1426/1426 1434/1434/1434
f 1372/1372/1372 1434/1434/1434 1440/1440/1440
f 1372/1372/1372 1440/1440/1440 1439/1439/1439
f 1372/1372/1372 1439/1439/1439 1438/1438/1438
f 1372/1372/1372 1438/1438/1438 1444/1444/1444
f 1372/1372/1372 1444/1444/1444 1445/1445/1445
f 1372/1372/1372 1445/1445/1445 1441/1441/1441
f 1372/1372/1372 1441/1441/1441 1435/1435/1435
f 1372/1372/1372 1435/1435/1435 1431/1431/1431
f 1372/1372/1372 1431/1431/1431 1430/1430/1430
f 1372/1372/1372 1430/1430/1430 1424/1424/1424
f 1372/1372/1372 1424/1424/1424 1409/1409/1409
f 1372/1372/1372 1409/1409/1409 1408/1408/1408
f 1372/1372/1372 1408/1408/1408 1407/1407/1407
f 1372/1372/1372 1407/1407/1407 1405/1405/1405
f 1372/1372/1372 1405/1405/1405 1387/1387/1387
f 1372/1372/1372 1387/1387/1387 1386/1386/1386
f 1372/1372/1372 1386/1386/1386 1385/1385/1385
f 1372/1372/1372 1385/1385/1385 1404/1404/1404
f 1372/1372/1372 1404/1404/1404 1403/1403/1403
f 1372/1372/1372 1403/1403/1403 1421/1421/1421
f 1372/1372/1372 1421/1421/1421 1420/1420/1420
f 1372/1372/1372 1420/1420/1420 1429/1429/1429
f 1372/1372/1372 1429/1429/1429 1428/1428/1428
f 1372/1372/1372 1428/1428/1428 1415/1415/1415
f 1372/1372/1372 1415/1415/1415 1414/1414/1414
f 1372/1372/1372 1414/1414/1414 1398/1398/1398
f 1372/1372/1372 1398/1398/1398 1374/1374/1374
f 1372/1372/1372 1374/1374/1374 1375/1375/1375
f 1373/1373/1373 1394/1394/1394 1376/1376/1376
f 1373/1373/1373 1374/1374/1374 1395/1395/1395
f 1373/1373/1373 1395/1395/1395 1396/1396/1396
f 1373/1373/1373 1396/1396/1396 1397/1397/1397
f 1373/1373/1373 1397/1397/1397 1394/1394/1394
f 1374/1374/1374 1398/1398/1398 1396/1396/1396
f 1374/1374/1374 1396/1396/1396 1395/1395/1395
f 1376/1376/1376 1394/1394/1394 1378/1378/1378
f 1377/1377/1377 1378/1378/1378 1399/1399/1399
f 1377/1377/1377 1399/1399/1399 1379/1379/1379
f 1378/1378/1378 1400/1400/1400 1399/1399/1399
f 1378/1378/1378 1394/1394/1394 1397/1397/1397
f 1378/1378/1378 1397/1397/1397 1400/1400/1400
f 1379/1379/1379 1399/1399/1399 1380/1380/1380
f 1380/1380/1380 1399/1399/1399 1381/1381/1381
f 1381/1381/1381 1401/1401/1401 1402/1402/1402
f 1381/1381/1381 1402/1402/1402 1403/1403/1403
f 1381/1381/1381 1403/1403/1403 1404/1404/1404
f 1381/1381/1381 1404/1404/1404 1385/1385/1385
f 1381/1381/1381 1385/1385/1385 1383/1383/1383
f 1381/1381/1381 1383/1383/1383 1382/1382/1382
f 1381/1381/1381 1399/1399/1399 1401/1401/1401
f 1384/1384/1384 1388/1388/1388 1387/1387/1387
f 1384/1384/1384 1387/1387/1387 1405/1405/1405
f 1384/1384/1384 1405/1405/1405 1389/1389/1389
f 1389/1389/1389 1406/1406/1406 1390/1390/1390
f 1389/1389/1389 1405/1405/1405 1407/1407/1407
f 1389/1389/1389 1407/1407/1407 1408/1408/1408
f 1389/1389/1389 1408/1408/1408 1409/1409/1409
f 1389/1389/1389 1409/1409/1409 1406/1406/1406
f 1391/1391/1391 1410/1410/1410 1411/1411/1411
f 1391/1391/1391 1411/1411/1411 1412/1412/1412
f 1391/1391/1391 1412/1412/1412 1392/1392/1392
f 1396/1396/1396 1398/1398/1398 1413/1413/1413
f 1396/1396/1396 1413/1413/1413 1414/1414/1414
f 1396/1396/1396 1414/1414/1414 1397/1397/1397
f 1397/1397/1397 1414/1414/1414 1415/1415/1415
f 1397/1397/1397 1415/1415/1415 1416/1416/1416
f 1397/1397/1397 1416/1416/1416 1400/1400/1400
f 1398/1398/1398 1414/1414/1414 1413/1413/1413
f 1399/1399/1399 1400/1400/1400 1416/1416/1416
f 1399/1399/1399 1416/1416/1416 1417/1417/1417
f 1399/1399/1399 1417/1417/1417 1418/1418/1418
f 1399/1399/1399 1418/1418/1418 1419/1419/1419
f 1399/1399/1399 1419/1419/1419 1401/1401/1401
f 1401/1401/1401 1419/1419/1419 1420/1420/1420
f 1401/1401/1401 1420/1420/1420 1402/1402/1402
f 1402/1402/1402 1420/1420/1420 1421/1421/1421
f 1402/1402/1402 1421/1421/1421 1403/1403/1403
f 1406/1406/1406 1422/1422/1422 1423/1423/1423
f 1406/1406/1406 1409/1409/1409 1424/1424/1424
f 1406/1406/1406 1424/1424/1424 1422/1422/1422
f 1410/1410/1410 1425/1425/1425 1426/1426/1426
f 1410/1410/1410 1426/1426/1426 1427/1427/1427
f 1410/1410/1410 1427/1427/1427 1411/1411/1411
f 1415/1415/1415 1428/1428/1428 1419/1419/1419
f 1415/1415/1415 1419/1419/1419 1418/1418/1418
f 1415/1415/1415 1418/1418/1418 1417/1417/1417
f 1415/1415/1415 1417/1417/1417 1416/1416/1416
f 1419/1419/1419 1428/1428/1428 1429/1429/1429
f 1419/1419/1419 1429/1429/1429 1420/1420/1420
f 1422/1422/1422 1424/1424/1424 1430/1430/1430
f 1422/1422/1422 1430/1430/1430 1423/1423/1423
f 1423/1423/1423 1430/1430/1430 1431/1431/1431
f 1423/1423/1423 1431/1431/1431 1432/1432/1432
f 1425/1425/1425 1433/1433/1433 1426/1426/1426
f 1426/1426/1426 1433/1433/1433 1434/1434/1434
f 1431/1431/1431 1435/1435/1435 1432/1432/1432
f 1432/1432/1432 1435/1435/1435 1436/1436/1436
f 1433/1433/1433 1437/1437/1437 1438/1438/1438
f 1433/1433/1433 1438/1438/1438 1439/1439/1439
f 1433/1433/1433 1439/1439/1439 1440/1440/1440
f 1433/1433/1433 1440/1440/1440 1434/1434/1434
f 1435/1435/1435 1441/1441/1441 1436/1436/1436
f 1436/1436/1436 1441/1441/1441 1442/1442/1442
f 1437/1437/1437 1443/1443/1443 1444/1444/1444
f 1437/1437/1437 1444/1444/1444 1438/1438/1438
f 1441/1441/1441 1445/1445/1445 1446/1446/1446
f 1441/1441/1441 1446/1446/1446 1442/1442/1442
f 1443/1443/1443 1447/1447/1447 1445/1445/1445
f 1443/1443/1443 1445/1445/1445 1444/1444/1444
f 1445/1445/1445 1447/1447/1447 1448/1448/1448
f 1445/1445/1445 1448/1448/1448 1449/1449/1449
f 1445/1445/1445 1449/1449/1449 1450/1450/1450
f 1445/1445/1445 1450/1450/1450 1451/1451/1451
f 1445/1445/1445 1451/1451/1451 1446/1446/1446
f 1452/1452/1452 1453/1453/1453 1454/1454/1454
f 1452/1452/1452 1454/1454/1454 1455/1455/1455
f 1452/1452/1452 1455/1455/1455 1456/1456/1456
f 1452/1452/1452 1456/1456/1456 1457/1457/1457
f 1452/1452/1452 1457/1457/1457 1458/1458/1458
f 1452/1452/1452 1458/1458/1458 1463/1463/1463
f 1452/1452/1452 1463/1463/1463 1470/1470/1470
f 1452/1452/1452 1470/1470/1470 1481/1481/1481
f 1452/1452/1452 1481/1481/1481 1480/1480/1480
f 1452/1452/1452 1480/1480/1480 1500/1500/1500
f 1452/1452/1452 1500/1500/1500 1502/1502/1502
f 1452/1452/1452 1502/1502/1502 1501/1501/1501
f 1452/1452/1452 1501/1501/1501 1482/1482/1482
f 1452/1452/1452 1482/1482/1482 1471/1471/1471
f 1452/1452/1452 1471/1471/1471 1464/1464/1464
f 1452/1452/1452 1464/1464/1464 1459/1459/1459
f 1452/1452/1452 1459/1459/1459 1453/1453/1453
f 1453/1453/1453 1459/1459/1459 1460/1460/1460
f 1453/1453/1453 1460/1460/1460 1454/1454/1454
f 1454/1454/1454 1460/1460/1460 1461/1461/1461
f 1454/1454/1454 1461/1461/1461 1455/1455/1455
f 1455/1455/1455 1461/1461/1461 1466/1466/1466
f 1455/1455/1455 1466/1466/1466 1465/1465/1465
f 1455/1455/1455 1465/1465/1465 1473/1473/1473
f 1455/1455/1455 1473/1473/1473 1487/1487/1487
f 1455/1455/1455 1487/1487/1487 1503/1503/1503
f 1455/1455/1455 1503/1503/1503 1507/1507/1507
f 1455/1455/1455 1507/1507/1507 1493/1493/1493
f 1455/1455/1455 1493/1493/1493 1490/1490/1490
f 1455/1455/1455 1490/1490/1490 1474/1474/1474
f 1455/1455/1455 1474/1474/1474 1467/1467/1467
f 1455/1455/1455 1467/1467/1467 1462/1462/1462
f 1455/1455/1455 1462/1462/1462 1457/1457/1457
f 1455/1455/1455 1457/1457/1457 1456/1456/1456
f 1457/1457/1457 1462/1462/1462 1468/1468/1468
f 1457/1457/1457 1468/1468/1468 1475/1475/1475
f 1457/1457/1457 1475/1475/1475 1491/1491/1491
f 1457/1457/1457 1491/1491/1491 1508/1508/1508
f 1457/1457/1457 1508/1508/1508 1510/1510/1510
f 1457/1457/1457 1510/1510/1510 1495/1495/1495
f 1457/1457/1457 1495/1495/1495 1477/1477/1477
f 1457/1457/1457 1477/1477/1477 1469/1469/1469
f 1457/1457/1457 1469/1469/1469 1463/1463/1463
f 1457/1457/1457 1463/1463/1463 1458/1458/1458
f 1459/1459/1459 1464/1464/1464 1465/1465/1465
f 1459/1459/1459 1465/1465/1465 1460/1460/1460
f 1460/1460/1460 1465/1465/1465 1466/1466/1466
f 1460/1460/1460 1466/1466/1466 1461/1461/1461
f 1462/1462/1462 1467/1467/1467 1468/1468/1468
f 1463/1463/1463 1469/1469/1469 1470/1470/1470
f 1464/1464/1464 1471/1471/1471 1465/1465/1465
f 1465/1465/1465 1472/1472/1472 1486/1486/1486
f 1465/1465/1465 1486/1486/1486 1485/1485/1485
f 1465/1465/1465 1485/1485/1485 1484/1484/1484
f 1465/1465/1465 1484/1484/1484 1483/1483/1483
f 1465/1465/1465 1483/1483/1483 1499/1499/1499
f 1465/1465/1465 1499/1499/1499 1498/1498/1498
f 1465/1465/1465 1498/1498/1498 1512/1512/1512
f 1465/1465/1465 1512/1512/1512 1511/1511/1511
f 1465/1465/1465 1511/1511/1511 1504/1504/1504
f 1465/1465/1465 1504/1504/1504 1488/1488/1488
f 1465/1465/1465 1488/1488/1488 1473/1473/1473
f 1465/1465/1465 1471/1471/1471 1472/1472/1472
f 1467/1467/1467 1474/1474/1474 1468/1468/1468
f 1468/1468/1468 1474/1474/1474 1476/1476/1476
f 1468/1468/1468 1476/1476/1476 1475/1475/1475
f 1469/1469/1469 1477/1477/1477 1478/1478/1478
f 1469/1469/1469 1478/1478/1478 1479/1479/1479
f 1469/1469/1469 1479/1479/1479 1480/1480/1480
f 1469/1469/1469 1480/1480/1480 1481/1481/1481
f 1469/1469/1469 1481/1481/1481 1470/1470/1470
f 1471/1471/1471 1482/1482/1482 1483/1483/1483
f 1471/1471/1471 1483/1483/1483 1484/1484/1484
f 1471/1471/1471 1484/1484/1484 1485/1485/1485
f 1471/1471/1471 1485/1485/1485 1486/1486/1486
f 1471/1471/1471 1486/1486/1486 1472/1472/1472
f 1473/1473/1473 1488/1488/1488 1489/1489/1489
f 1473/1473/1473 1489/1489/1489 1487/1487/1487
f 1474/1474/1474 1490/1490/1490 1476/1476/1476
f 1475/1475/1475 1476/1476/1476 1492/1492/1492
f 1475/1475/1475 1492/1492/1492 1491/1491/1491
f 1476/1476/1476 1490/1490/1490 1493/1493/1493
f 1476/1476/1476 1493/1493/1493 1494/1494/1494
f 1476/1476/1476 1494/1494/1494 1492/1492/1492
f 1477/1477/1477 1495/1495/1495 1496/1496/1496
f 1477/1477/1477 1496/1496/1496 1478/1478/1478
f 1478/1478/1478 1496/1496/1496 1497/1497/1497
f 1478/1478/1478 1497/1497/1497 1479/1479/1479
f 1479/1479/1479 1497/1497/1497 1498/1498/1498
f 1479/1479/1479 1498/1498/1498 1499/1499/1499
f 1479/1479/1479 1499/1499/1499 1500/1500/1500
f 1479/1479/1479 1500/1500/1500 1480/1480/1480
f 1482/1482/1482 1501/1501/1501 1483/1483/1483
f 1483/1483/1483 1501/1501/1501 1502/1502/1502
f 1483/1483/1483 1502/1502/1502 1499/1499/1499
f 1487/1487/1487 1489/1489/1489 1503/1503/1503
f 1488/1488/1488 1504/1504/1504 1505/1505/1505
f 1488/1488/1488 1505/1505/1505 1489/1489/1489
f 1489/1489/1489 1505/1505/1505 1492/1492/1492
f 1489/1489/1489 1492/1492/1492 1506/1506/1506
f 1489/1489/1489 1506/1506/1506 1493/1493/1493
f 1489/1489/1489 1493/1493/1493 1507/1507/1507
f 1489/1489/1489 1507/1507/1507 1503/1503/1503
f 1491/1491/1491 1492/1492/1492 1508/1508/1508
f 1492/1492/1492 1509/1509/1509 1508/1508/1508
f 1492/1492/1492 1494/1494/1494 1506/1506/1506
f 1492/1492/1492 1505/1505/1505 1509/1509/1509
f 1493/1493/1493 1506/1506/1506 1494/1494/1494
f 1495/1495/1495 1510/1510/1510 1509/1509/1509
f 1495/1495/1495 1509/1509/1509 1496/1496/1496
f 1496/1496/1496 1505/1505/1505 1504/1504/1504
f 1496/1496/1496 1504/1504/1504 1511/1511/1511
f 1496/1496/1496 1511/1511/1511 1512/1512/1512
f 1496/1496/1496 1512/1512/1512 1498/1498/1498
f 1496/1496/1496 1498/1498/1498 1497/1497/1497
f 1496/1496/1496 1509/1509/1509 1505/1505/1505
f 1499/1499/1499 1502/1502/1502 1500/1500/1500
f 1508/1508/1508 1509/1509/1509 1510/1510/1510
f 1513/1513/1513 1514/1514/1514 1515/1515/1515
f 1513/1513/1513 1515/1515/1515 1516/1516/1516
f 1513/1513/1513 1516/1516/1516 1524/1524/1524
f 1513/1513/1513 1524/1524/1524 1534/1534/1534
f 1513/1513/1513 1534/1534/1534 1546/1546/1546
f 1513/1513/1513 1546/1546/1546 1575/1575/1575
f 1513/1513/1513 1575/1575/1575 1582/1582/1582
f 1513/1513/1513 1582/1582/1582 1583/1583/1583
f 1513/1513/1513 1583/1583/1583 1579/1579/1579
f 1513/1513/1513 1579/1579/1579 1549/1549/1549
f 1513/1513/1513 1549/1549/1549 1547/1547/1547
f 1513/1513/1513 1547/1547/1547 1535/1535/1535
f 1513/1513/1513 1535/1535/1535 1525/1525/1525
f 1513/1513/1513 1525/1525/1525 1517/1517/1517
f 1513/1513/1513 1517/1517/1517 1526/1526/1526
f 1513/1513/1513 1526/1526/1526 1537/1537/1537
f 1513/1513/1513 1537/1537/1537 1552/1552/1552
f 1513/1513/1513 1552/1552/1552 1543/1543/1543
f 1513/1513/1513 1543/1543/1543 1542/1542/1542
f 1513/1513/1513 1542/1542/1542 1541/1541/1541
f 1513/1513/1513 1541/1541/1541 1538/1538/1538
f 1513/1513/1513 1538/1538/1538 1527/1527/1527
f 1513/1513/1513 1527/1527/1527 1518/1518/1518
f 1513/1513/1513 1518/1518/1518 1514/1514/1514
f 1514/1514/1514 1518/1518/1518 1519/1519/1519
f 1514/1514/1514 1519/1519/1519 1520/1520/1520
f 1514/1514/1514 1520/1520/1520 1515/1515/1515
f 1515/1515/1515 1521/1521/1521 1516/1516/1516
f 1515/1515/1515 1520/1520/1520 1521/1521/1521
f 1516/1516/1516 1521/1521/1521 1522/1522/1522
f 1516/1516/1516 1522/1522/1522 1523/1523/1523
f 1516/1516/1516 1523/1523/1523 1524/1524/1524
f 1517/1517/1517 1525/1525/1525 1526/1526/1526
f 1518/1518/1518 1527/1527/1527 1519/1519/1519
f 1519/1519/1519 1528/1528/1528 1529/1529/1529
f 1519/1519/1519 1529/1529/1529 1520/1520/1520
f 1519/1519/1519 1527/1527/1527 1530/1530/1530
f 1519/1519/1519 1530/1530/1530 1531/1531/1531
f 1519/1519/1519 1531/1531/1531 1532/1532/1532
f 1519/1519/1519 1532/1532/1532 1528/1528/1528
f 1520/1520/1520 1529/1529/1529 1521/1521/1521
f 1521/1521/1521 1529/1529/1529 1533/1533/1533
f 1521/1521/1521 1533/1533/1533 1522/1522/1522
f 1522/1522/1522 1533/1533/1533 1529/1529/1529
f 1522/1522/1522 1529/1529/1529 1540/1540/1540
f 1522/1522/1522 1540/1540/1540 1539/1539/1539
f 1522/1522/1522 1539/1539/1539 1532/1532/1532
f 1522/1522/1522 1532/1532/1532 1545/1545/1545
f 1522/1522/1522 1545/1545/1545 1569/1569/1569
f 1522/1522/1522 1569/1569/1569 1581/1581/1581
f 1522/1522/1522 1581/1581/1581 1580/1580/1580
f 1522/1522/1522 1580/1580/1580 1570/1570/1570
f 1522/1522/1522 1570/1570/1570 1546/1546/1546
f 1522/1522/1522 1546/1546/1546 1534/1534/1534
f 1522/1522/1522 1534/1534/1534 1523/1523/1523
f 1523/1523/1523 1534/1534/1534 1524/1524/1524
f 1525/1525/1525 1535/1535/1535 1526/1526/1526
f 1526/1526/1526 1535/1535/1535 1536/1536/1536
f 1526/1526/1526 1536/1536/1536 1548/1548/1548
f 1526/1526/1526 1548/1548/1548 1576/1576/1576
f 1526/1526/1526 1576/1576/1576 1578/1578/1578
f 1526/1526/1526 1578/1578/1578 1574/1574/1574
f 1526/1526/1526 1574/1574/1574 1573/1573/1573
f 1526/1526/1526 1573/1573/1573 1572/1572/1572
f 1526/1526/1526 1572/1572/1572 1571/1571/1571
f 1526/1526/1526 1571/1571/1571 1568/1568/1568
f 1526/1526/1526 1568/1568/1568 1567/1567/1567
f 1526/1526/1526 1567/1567/1567 1566/1566/1566
f 1526/1526/1526 1566/1566/1566 1565/1565/1565
f 1526/1526/1526 1565/1565/1565 1564/1564/1564
f 1526/1526/1526 1564/1564/1564 1563/1563/1563
f 1526/1526/1526 1563/1563/1563 1562/1562/1562
f 1526/1526/1526 1562/1562/1562 1561/1561/1561
f 1526/1526/1526 1561/1561/1561 1560/1560/1560
f 1526/1526/1526 1560/1560/1560 1559/1559/1559
f 1526/1526/1526 1559/1559/1559 1558/1558/1558
f 1526/1526/1526 1558/1558/1558 1557/1557/1557
f 1526/1526/1526 1557/1557/1557 1556/1556/1556
f 1526/1526/1526 1556/1556/1556 1555/1555/1555
f 1526/1526/1526 1555/1555/1555 1554/1554/1554
f 1526/1526/1526 1554/1554/1554 1553/1553/1553
f 1526/1526/1526 1553/1553/1553 1550/1550/1550
f 1526/1526/1526 1550/1550/1550 1537/1537/1537
f 1527/1527/1527 1538/1538/1538 1530/1530/1530
f 1528/1528/1528 1532/1532/1532 1539/1539/1539
f 1528/1528/1528 1539/1539/1539 1540/1540/1540
f 1528/1528/1528 1540/1540/1540 1529/1529/1529
f 1530/1530/1530 1538/1538/1538 1541/1541/1541
f 1530/1530/1530 1541/1541/1541 1531/1531/1531
f 1531/1531/1531 1541/1541/1541 1542/1542/1542
f 1531/1531/1531 1542/1542/1542 1543/1543/1543
f 1531/1531/1531 1543/1543/1543 1544/1544/1544
f 1531/1531/1531 1544/1544/1544 1545/1545/1545
f 1531/1531/1531 1545/1545/1545 1532/1532/1532
f 1535/1535/1535 1547/1547/1547 1536/1536/1536
f 1536/1536/1536 1547/1547/1547 1549/1549/1549
f 1536/1536/1536 1549/1549/1549 1548/1548/1548
f 1537/1537/1537 1550/1550/1550 1545/1545/1545
f 1537/1537/1537 1545/1545/1545 1544/1544/1544
f 1537/1537/1537 1544/1544/1544 1551/1551/1551
f 1537/1537/1537 1551/1551/1551 1552/1552/1552
f 1543/1543/1543 1552/1552/1552 1551/1551/1551
f 1543/1543/1543 1551/1551/1551 1544/1544/1544
f 1545/1545/1545 1550/1550/1550 1553/1553/1553
f 1545/1545/1545 1553/1553/1553 1554/1554/1554
f 1545/1545/1545 1554/1554/1554 1555/1555/1555
f 1545/1545/1545 1555/1555/1555 1556/1556/1556
f 1545/1545/1545 1556/1556/1556 1557/1557/1557
f 1545/1545/1545 1557/1557/1557 1558/1558/1558
f 1545/1545/1545 1558/1558/1558 1559/1559/1559
f 1545/1545/1545 1559/1559/1559 1560/1560/1560
f 1545/1545/1545 1560/1560/1560 1561/1561/1561
f 1545/1545/1545 1561/1561/1561 1562/1562/1562
f 1545/1545/1545 1562/1562/1562 1563/1563/1563
f 1545/1545/1545 1563/1563/1563 1564/1564/1564
f 1545/1545/1545 1564/1564/1564 1565/1565/1565
f 1545/1545/1545 1565/1565/1565 1566/1566/1566
f 1545/1545/1545 1566/1566/1566 1567/1567/1567
f 1545/1545/1545 1567/1567/1567 1568/1568/1568
f 1545/1545/1545 1568/1568/1568 1569/1569/1569
f 1546/1546/1546 1570/1570/1570 1568/1568/1568
f 1546/1546/1546 1568/1568/1568 1571/1571/1571
f 1546/1546/1546 1571/1571/1571 1572/1572/1572
f 1546/1546/1546 1572/1572/1572 1573/1573/1573
f 1546/1546/1546 1573/1573/1573 1574/1574/1574
f 1546/1546/1546 1574/1574/1574 1575/1575/1575
f 1548/1548/1548 1549/1549/1549 1576/1576/1576
f 1549/1549/1549 1577/1577/1577 1578/1578/1578
f 1549/1549/1549 1578/1578/1578 1576/1576/1576
f 1549/1549/1549 1579/1579/1579 1577/1577/1577
f 1568/1568/1568 1570/1570/1570 1580/1580/1580
f 1568/1568/1568 1580/1580/1580 1581/1581/1581
f 1568/1568/1568 1581/1581/1581 1569/1569/1569
f 1574/1574/1574 1578/1578/1578 1577/1577/1577
f 1574/1574/1574 1577/1577/1577 1582/1582/1582
f 1574/1574/1574 1582/1582/1582 1575/1575/1575
f 1577/1577/1577 1579/1579/1579 1583/1583/1583
f 1577/1577/1577 1583/1583/1583 1582/1582/1582

